#VRML V2.0 utf8
# 3D model generated by easyeda2kicad.py (https://github.com/uPesy/easyeda2kicad.py)

Shape{
    appearance Appearance {
        material  Material 	{
            diffuseColor 0.20784313725490197 0.20784313725490197 0.20784313725490197
            specularColor 0.01568627450980392 0.01568627450980392 0.01568627450980392
            ambientIntensity 0.298
            transparency 0.0
            shininess 0.5
        }
    }
    geometry IndexedFaceSet {
        ccw TRUE
        solid FALSE
        coord DEF co Coordinate {
            point [
                -2.0912 1.5138 0.5549, -2.0912 1.5138 0.4367, -2.1444 1.5138 0.4367, -2.8254 1.5138 0.0787, -2.874 1.5138 0.0787, -2.874 1.5138 0.1558, -2.6529 1.5138 0.0787, -2.8254 1.5138 0.1558, -2.528 1.5138 0.0787, -2.6529 1.5138 0.1558, -2.3578 1.5138 0.1831, -2.3609 1.5138 0.1866, -2.3609 1.5138 0.2086, -2.1578 1.5138 0.4501, -2.1558 1.5138 0.4554, -2.1558 1.5138 0.4203, -2.5905 1.5138 0.4215, -2.5769 1.5138 0.458, -2.528 1.5138 0.458, -2.3003 1.5138 0.2089, -2.2978 1.5138 0.2086, -2.3297 1.5138 0.2086, -2.4436 1.5138 0.3432, -2.4858 1.5138 0.3432, -2.4858 1.5138 0.3812, -1.9037 1.5138 0.4509, -1.9294 1.5138 0.4291, -2.0194 1.5138 0.556, -2.0194 1.5138 0.4203, -1.7796 1.5138 0.5686, -1.7981 1.5138 0.556, -1.8196 1.5138 0.5414, -1.8511 1.5138 0.5048, -1.8708 1.5138 0.4664, -1.8754 1.5138 0.4649, -1.6008 1.5138 0.5686, -1.6446 1.5138 0.5852, 2.874 1.5138 0.6693, -1.6905 1.5138 0.5907, -2.0194 1.5138 0.6693, -1.7322 1.5138 0.586, -1.5804 1.5138 0.556, 2.874 1.5138 0.556, -1.5767 1.5138 0.5537, -1.4757 1.5138 0.5092, -1.5131 1.5138 0.5139, -1.5544 1.5138 0.5346, -1.524 1.5138 0.5133, -1.5349 1.5138 0.512, -1.404 1.5138 0.4683, -1.4104 1.5138 0.4744, -1.4406 1.5138 0.4956, 2.874 1.5138 0.4203, 2.874 1.5138 0.3812, -1.3618 1.5138 0.3812, -1.366 1.5138 0.4049, -1.3729 1.5138 0.4203, -1.3812 1.5138 0.4391, -1.4288 1.5138 0.2315, -1.3992 1.5138 0.2567, -0.9093 1.5138 0.2086, -1.4631 1.5138 0.2148, -1.3776 1.5138 0.2877, -1.364 1.5138 0.323, -0.8706 1.5138 0.2756, -1.3594 1.5138 0.3602, -1.3596 1.5138 0.3693, 0.8706 1.5138 0.2756, 0.9093 1.5138 0.2086, -1.4751 1.5138 0.2112, -1.4763 1.5138 0.2086, -1.4847 1.5138 0.1908, -0.9398 1.5138 0.1558, -1.4988 1.5138 0.1734, -1.5173 1.5138 0.1594, -2.0194 1.5138 0.0787, -2.0194 1.5138 0.1558, -1.6046 1.5138 0.1558, -0.9843 1.5138 0.0787, -1.5392 1.5138 0.1502, -1.526 1.5138 0.1558, -1.5883 1.5138 0.1495, -1.5653 1.5138 0.1467, -1.5616 1.5138 0.1467, -2.0194 1.5138 0.2086, -1.6542 1.5138 0.2086, -1.6541 1.5138 0.2082, -1.6428 1.5138 0.1871, -1.6283 1.5138 0.1708, -1.6094 1.5138 0.1576, -1.9604 1.5138 0.3731, -1.9647 1.5138 0.3421, -2.0194 1.5138 0.3812, -1.7753 1.5138 0.2646, -1.7818 1.5138 0.2672, -1.793 1.5138 0.3213, -1.9296 1.5138 0.252, -1.9038 1.5138 0.2301, -1.6364 1.5138 0.3051, -1.7636 1.5138 0.3715, -1.6198 1.5138 0.3202, -1.5997 1.5138 0.331, -1.7695 1.5138 0.2605, -1.9485 1.5138 0.2782, -1.9054 1.5138 0.3496, -1.901 1.5138 0.3678, -1.8937 1.5138 0.3812, -1.4215 1.5138 0.3812, -1.9604 1.5138 0.3083, -1.7892 1.5138 0.2681, -1.7901 1.5138 0.2681, -1.793 1.5138 0.2674, -1.4271 1.5138 0.3242, -1.4384 1.5138 0.305, -1.4866 1.5138 0.2951, -1.4554 1.5138 0.2875, -1.4761 1.5138 0.2748, -1.5216 1.5138 0.3266, -1.5022 1.5138 0.3131, -1.4192 1.5138 0.3621, -1.4203 1.5138 0.3474, -1.5426 1.5138 0.3346, -1.5653 1.5138 0.3374, -1.5768 1.5138 0.3367, -1.7598 1.5138 0.2387, -1.76 1.5138 0.2425, -1.6602 1.5138 0.251, -1.7619 1.5138 0.2497, -1.7656 1.5138 0.2561, -1.8866 1.5138 0.291, -1.8971 1.5138 0.3058, -1.9036 1.5138 0.3227, -1.9059 1.5138 0.3412, -1.7819 1.5138 0.2102, -1.7757 1.5138 0.2126, -1.7695 1.5138 0.217, -1.7673 1.5138 0.2192, -1.7632 1.5138 0.2252, -1.7607 1.5138 0.2316, -1.6596 1.5138 0.2316, -1.6602 1.5138 0.2416, -1.8749 1.5138 0.216, -1.8433 1.5138 0.2093, -1.7873 1.5138 0.2093, -1.7949 1.5138 0.2672, -1.8376 1.5138 0.2672, -1.8547 1.5138 0.2705, -1.8714 1.5138 0.2782, -1.8854 1.5138 0.2897, -1.8243 1.5138 0.4152, -1.4301 1.5138 0.4062, -1.422 1.5138 0.385, -1.8319 1.5138 0.4152, -1.8921 1.5138 0.3841, -1.8812 1.5138 0.3963, -1.8665 1.5138 0.4066, -1.85 1.5138 0.413, -1.8038 1.5138 0.4722, -1.7824 1.5138 0.4978, -1.5643 1.5138 0.4427, -1.7801 1.5138 0.4999, -1.7534 1.5138 0.5184, -1.5788 1.5138 0.4727, -1.44 1.5138 0.4203, -1.5576 1.5138 0.4464, -1.8232 1.5138 0.4203, -1.8185 1.5138 0.4417, -1.5364 1.5138 0.4542, -1.514 1.5138 0.4569, -1.5041 1.5138 0.4564, -1.6001 1.5138 0.4981, -1.7237 1.5138 0.5298, -1.6255 1.5138 0.5167, -1.6915 1.5138 0.5338, -1.6565 1.5138 0.5293, -1.4807 1.5138 0.4508, -1.4595 1.5138 0.4396, -1.4433 1.5138 0.4251, -1.9357 1.5138 0.4203, -1.9488 1.5138 0.4021, -1.9571 1.5138 0.3812, -2.5154 1.5138 0.225, -2.5154 1.5138 0.2098, -2.528 1.5138 0.2086, -2.528 1.5138 0.3812, -2.5123 1.5138 0.3432, -2.5123 1.5138 0.3279, -2.4608 1.5138 0.2699, -2.4608 1.5138 0.225, -2.4858 1.5138 0.2699, -2.4858 1.5138 0.225, -2.5085 1.5138 0.2699, -2.5085 1.5138 0.2851, -2.4608 1.5138 0.3279, -2.4608 1.5138 0.2851, -2.4858 1.5138 0.3279, -2.4858 1.5138 0.2851, -2.4858 1.5138 0.2086, -2.4858 1.5138 0.2098, -2.4436 1.5138 0.2098, -2.3777 1.5138 0.2334, -2.3797 1.5138 0.2256, -2.3802 1.5138 0.2256, -2.4256 1.5138 0.3051, -2.3609 1.5138 0.3812, -2.4083 1.5138 0.3051, -2.3609 1.5138 0.2819, -2.3822 1.5138 0.2333, -2.3809 1.5138 0.2289, -2.261 1.5138 0.2304, -2.2441 1.5138 0.3812, -2.2441 1.5138 0.2086, -2.2671 1.5138 0.2266, -2.2687 1.5138 0.2259, -2.2687 1.5138 0.2613, -2.2659 1.5138 0.2643, -2.2637 1.5138 0.2678, -2.2618 1.5138 0.2729, -2.2611 1.5138 0.2793, -2.2618 1.5138 0.2853, -2.2686 1.5138 0.2614, -2.2767 1.5138 0.2086, -2.272 1.5138 0.2092, -2.2687 1.5138 0.2086, -2.2687 1.5138 0.2103, -2.261 1.5138 0.2131, -2.3208 1.5138 0.303, -2.3208 1.5138 0.2868, -2.2718 1.5138 0.2997, -2.2766 1.5138 0.3026, -2.2687 1.5138 0.3812, -2.3246 1.5138 0.229, -2.3225 1.5138 0.2237, -2.3194 1.5138 0.2193, -2.2638 1.5138 0.2907, -2.2669 1.5138 0.2952, -2.2687 1.5138 0.2969, -2.2858 1.5138 0.3059, -2.2982 1.5138 0.3073, -2.3297 1.5138 0.3812, -2.3092 1.5138 0.3063, -2.3198 1.5138 0.2514, -2.3229 1.5138 0.2468, -2.3247 1.5138 0.2419, -2.3254 1.5138 0.2357, -2.3146 1.5138 0.2151, -2.3095 1.5138 0.2121, -2.2966 1.5138 0.2937, -2.2917 1.5138 0.2933, -2.2783 1.5138 0.2808, -2.2872 1.5138 0.2921, -2.2834 1.5138 0.2901, -2.2785 1.5138 0.2786, -2.2792 1.5138 0.276, -2.2804 1.5138 0.2738, -2.282 1.5138 0.272, -2.2879 1.5138 0.2683, -2.308 1.5138 0.2923, -2.2982 1.5138 0.2638, -2.3175 1.5138 0.2887, -2.3047 1.5138 0.2612, -2.3158 1.5138 0.255, -2.2809 1.5138 0.2879, -2.2795 1.5138 0.2858, -2.2787 1.5138 0.2835, -2.2775 1.5138 0.2225, -2.2864 1.5138 0.2516, -2.2765 1.5138 0.2562, -2.2885 1.5138 0.2212, -2.2893 1.5138 0.2212, -2.2974 1.5138 0.2471, -2.2978 1.5138 0.2221, -2.3082 1.5138 0.234, -2.3081 1.5138 0.2361, -2.3021 1.5138 0.2237, -2.3037 1.5138 0.2246, -2.3056 1.5138 0.2263, -2.307 1.5138 0.2285, -2.3079 1.5138 0.2309, -2.3073 1.5138 0.2387, -2.306 1.5138 0.241, -2.3039 1.5138 0.2431, -2.5588 1.5138 0.5549, -2.6096 1.5138 0.4215, -2.6529 1.5138 0.4203, -2.528 1.5138 0.4203, -2.5214 1.5138 0.458, -2.5085 1.5138 0.4215, -2.4858 1.5138 0.4203, -2.4895 1.5138 0.4215, -2.4858 1.5138 0.556, -2.528 1.5138 0.5224, -2.528 1.5138 0.556, -2.3452 1.5138 0.5549, -2.3609 1.5138 0.556, -2.3297 1.5138 0.556, -2.2937 1.5138 0.4816, -2.2937 1.5138 0.4367, -2.3297 1.5138 0.4816, -2.3297 1.5138 0.4367, -2.3414 1.5138 0.4816, -2.3482 1.5138 0.4367, -2.3414 1.5138 0.4969, -2.3452 1.5138 0.5396, -2.3297 1.5138 0.4969, -2.3297 1.5138 0.5396, -2.2937 1.5138 0.4969, -2.2937 1.5138 0.5396, -2.2765 1.5138 0.4215, -2.2687 1.5138 0.4203, -2.3297 1.5138 0.4203, -2.3609 1.5138 0.4203, -2.3482 1.5138 0.4215, -2.3297 1.5138 0.4215, -2.2687 1.5138 0.556, -2.2765 1.5138 0.5549, -2.3297 1.5138 0.5549, 2.874 1.5138 0.2086, 2.874 1.5138 0.1558, 0.9398 1.5138 0.1558, 2.874 1.5138 0.0787, 0.9843 1.5138 0.0787, -2.2441 1.5138 0.5361, -2.2153 1.5138 0.4346, -2.2236 1.5138 0.435, -2.181 1.5138 0.5257, -2.1745 1.5138 0.5164, -2.1681 1.5138 0.4816, -2.1702 1.5138 0.4683, -2.2384 1.5138 0.4382, -2.2441 1.5138 0.4408, -2.2483 1.5138 0.5345, -2.2498 1.5138 0.4435, -2.2498 1.5138 0.5337, -2.2183 1.5138 0.5416, -2.2128 1.5138 0.5414, -2.1819 1.5138 0.5268, -2.2012 1.5138 0.5391, -2.1908 1.5138 0.5341, -2.1701 1.5138 0.5049, -2.1679 1.5138 0.4867, -2.1746 1.5138 0.4576, -2.181 1.5138 0.4486, -2.1843 1.5138 0.4454, -2.2347 1.5138 0.5396, -2.1932 1.5138 0.4394, -2.2029 1.5138 0.4359, -2.2325 1.5138 0.556, -2.2356 1.5138 0.5558, -2.2441 1.5138 0.556, -2.2441 1.5138 0.5533, -2.2498 1.5138 0.5517, -2.2181 1.5138 0.5572, -2.2441 1.5138 0.6693, -2.2088 1.5138 0.556, -2.1558 1.5138 0.6693, -2.1558 1.5138 0.556, -2.1594 1.5138 0.5249, -2.1691 1.5138 0.5375, -2.1721 1.5138 0.5404, -2.185 1.5138 0.5494, -2.1989 1.5138 0.5548, -2.1478 1.5138 0.556, -2.1531 1.5138 0.5101, -2.1558 1.5138 0.5164, -2.1524 1.5138 0.4641, -2.1478 1.5138 0.4203, -2.1498 1.5138 0.4857, -2.1501 1.5138 0.4926, -2.1889 1.5138 0.423, -2.1765 1.5138 0.4293, -2.167 1.5138 0.4374, -2.1658 1.5138 0.4387, -2.2007 1.5138 0.4203, -2.1558 1.5138 0.3812, -2.2031 1.5138 0.4198, -2.2128 1.5138 0.4192, -2.2246 1.5138 0.4203, -2.2498 1.5138 0.427, -2.2475 1.5138 0.4259, -2.2441 1.5138 0.4203, -2.2441 1.5138 0.4247, -2.2332 1.5138 0.4212, -2.1684 1.5138 0.2551, -2.1711 1.5138 0.2821, -2.1651 1.5138 0.2503, -2.1629 1.5138 0.2444, -2.1735 1.5138 0.2595, -2.1806 1.5138 0.2632, -2.1816 1.5138 0.2889, -2.1934 1.5138 0.2664, -2.208 1.5138 0.2931, -2.2023 1.5138 0.2937, -2.1921 1.5138 0.2926, -2.1756 1.5138 0.2111, -2.17 1.5138 0.215, -2.1558 1.5138 0.2086, -2.1681 1.5138 0.2169, -2.1646 1.5138 0.222, -2.2137 1.5138 0.3064, -2.2208 1.5138 0.3043, -2.2264 1.5138 0.3012, -2.2309 1.5138 0.297, -2.2343 1.5138 0.2916, -2.2217 1.5138 0.2245, -2.2212 1.5138 0.2245, -2.2217 1.5138 0.2098, -2.2186 1.5138 0.2205, -2.2133 1.5138 0.2148, -2.1626 1.5138 0.2277, -2.1618 1.5138 0.2353, -2.1711 1.5138 0.2984, -2.237 1.5138 0.2842, -2.2384 1.5138 0.2711, -2.2384 1.5138 0.2098, -2.1746 1.5138 0.3004, -2.1871 1.5138 0.3052, -2.2039 1.5138 0.3073, -2.2217 1.5138 0.2703, -2.2211 1.5138 0.2777, -2.2193 1.5138 0.2837, -2.2174 1.5138 0.2871, -2.2149 1.5138 0.2898, -2.2119 1.5138 0.2917, -2.2011 1.5138 0.2086, -2.2007 1.5138 0.2085, -2.2441 1.5138 0.1558, -2.1558 1.5138 0.1558, -2.192 1.5138 0.2075, -2.1823 1.5138 0.2086, -2.182 1.5138 0.2087, -2.3609 1.5138 0.237, -2.3341 1.5138 0.3051, -2.3528 1.5138 0.3051, -2.3709 1.5138 0.2086, -2.3715 1.5138 0.21, -2.3609 1.5138 0.1866, -2.3641 1.5138 0.1926, -2.3297 1.5138 0.1558, -2.3375 1.5138 0.1662, -2.3375 1.5138 0.1811, -2.2869 1.5138 0.2075, -2.2687 1.5138 0.1558, -2.341 1.5138 0.18, -2.347 1.5138 0.1792, -2.3609 1.5138 0.1678, -2.3551 1.5138 0.1656, -2.3609 1.5138 0.1558, -2.3483 1.5138 0.1649, -2.3446 1.5138 0.165, -2.3511 1.5138 0.1796, -2.3547 1.5138 0.181, -2.3823 1.5138 0.1954, -2.3748 1.5138 0.1806, -2.4858 1.5138 0.1558, -2.3876 1.5138 0.2086, -2.3686 1.5138 0.1733, -2.3675 1.5138 0.1722, -2.3617 1.5138 0.1682, -2.528 1.5138 0.1558, -2.4858 1.5138 0.0787, -2.3609 1.5138 0.0787, -2.3297 1.5138 0.0787, -2.2687 1.5138 0.0787, -2.2441 1.5138 0.0787, -2.1558 1.5138 0.0787, -2.2074 1.5138 0.2109, -2.8254 1.5138 0.2086, -2.6529 1.5138 0.2086, -2.074 1.5138 0.3432, -2.074 1.5138 0.2098, -2.1478 1.5138 0.2086, -2.1478 1.5138 0.1558, -2.1478 1.5138 0.0787, -2.1428 1.5138 0.3432, -2.1478 1.5138 0.3812, -2.1428 1.5138 0.3279, -2.1458 1.5138 0.225, -2.1458 1.5138 0.2098, -2.0912 1.5138 0.2699, -2.0912 1.5138 0.225, -2.139 1.5138 0.2699, -2.139 1.5138 0.2851, -2.0912 1.5138 0.2851, -2.0912 1.5138 0.3279, -2.5406 1.5138 0.2098, -2.6449 1.5138 0.252, -2.6378 1.5138 0.2384, -2.5998 1.5138 0.2125, -2.5773 1.5138 0.2098, -2.6421 1.5138 0.3092, -2.647 1.5138 0.2965, -2.6529 1.5138 0.3812, -2.6492 1.5138 0.2782, -2.6485 1.5138 0.2672, -2.6291 1.5138 0.2285, -2.615 1.5138 0.2184, -2.5406 1.5138 0.3432, -2.5786 1.5138 0.3432, -2.599 1.5138 0.341, -2.6151 1.5138 0.3351, -2.6291 1.5138 0.3255, -2.6339 1.5138 0.3209, -2.7441 1.5138 0.2463, -2.6885 1.5138 0.2463, -2.7577 1.5138 0.2098, -2.6757 1.5138 0.2098, -2.7767 1.5138 0.2098, -2.6566 1.5138 0.2098, -2.7075 1.5138 0.3432, -2.8254 1.5138 0.3812, -2.7259 1.5138 0.3432, -2.8254 1.5138 0.4203, -2.074 1.5138 0.4215, -2.074 1.5138 0.5549, -2.1444 1.5138 0.4215, -2.475 1.5138 0.5209, -2.4799 1.5138 0.5082, -2.4821 1.5138 0.4899, -2.4814 1.5138 0.4789, -2.4777 1.5138 0.4637, -2.4707 1.5138 0.4501, -2.462 1.5138 0.4402, -2.4479 1.5138 0.4301, -2.4115 1.5138 0.5549, -2.4319 1.5138 0.5527, -2.448 1.5138 0.5468, -2.4327 1.5138 0.4242, -2.4102 1.5138 0.4215, -2.3735 1.5138 0.4215, -2.3735 1.5138 0.5549, -2.462 1.5138 0.5372, -2.4668 1.5138 0.5326, -2.8254 1.5138 0.556, -2.6529 1.5138 0.556, -2.5403 1.5138 0.5549, -2.874 1.5138 0.2086, -2.874 1.5138 0.3812, -2.874 1.5138 0.4203, -2.874 1.5138 0.556, -2.1478 1.5138 0.6693, -2.874 1.5138 0.6693, -2.8254 1.5138 0.6693, -2.6529 1.5138 0.6693, -2.528 1.5138 0.6693, -2.4858 1.5138 0.6693, -2.3609 1.5138 0.6693, -2.3297 1.5138 0.6693, -2.2687 1.5138 0.6693, -3.1235 1.4931 0.0787, -3.1235 1.4931 0.6693, -3.3662 1.4317 0.0787, -3.3662 1.4317 0.6693, -3.5954 1.3311 0.0787, -3.5954 1.3311 0.6693, -3.805 1.1942 0.0787, -3.805 1.1942 0.6693, -3.9272 1.0817 0.0787, -3.9892 1.0246 0.6693, -3.9892 1.0246 0.0787, -4.1429 0.8271 0.0787, -4.1429 0.8271 0.6693, -4.2621 0.6069 0.0787, -4.2621 0.6069 0.6693, -4.3157 0.4508 0.0787, -4.3434 0.3701 0.6693, -4.3434 0.3701 0.0787, -4.3846 0.1232 0.0787, -4.3846 0.1232 0.6693, -4.3846 -0.1271 0.0787, -4.3846 -0.1271 0.6693, -4.3434 -0.3741 0.0787, -4.3434 -0.3741 0.6693, -4.3157 -0.4547 0.0787, -4.2621 -0.6108 0.6693, -4.2621 -0.6108 0.0787, -4.1429 -0.831 0.0787, -4.1429 -0.831 0.6693, -3.9892 -1.0286 0.0787, -3.9892 -1.0286 0.6693, -3.9272 -1.0857 0.0787, -3.805 -1.1981 0.6693, -3.805 -1.1981 0.0787, -3.5954 -1.335 0.0787, -3.5954 -1.335 0.6693, -3.3662 -1.4356 0.0787, -3.3662 -1.4356 0.6693, -3.1235 -1.497 0.0787, -3.1235 -1.497 0.6693, -2.874 -1.5177 0.0787, -2.874 -1.5177 0.6693, 0.8706 -1.5177 0.2756, 0.9843 -1.5177 0.0787, 1.0 -1.5177 0.0787, -2.0492 -1.5177 0.0787, 2.874 -1.5177 0.6693, -0.8706 -1.5177 0.2756, 2.0492 -1.5177 0.0787, 2.874 -1.5177 0.0787, -1.0 -1.5177 0.0787, -0.9843 -1.5177 0.0787, 3.1235 -1.497 0.0787, 3.1235 -1.497 0.6693, 3.3662 -1.4356 0.0787, 3.3662 -1.4356 0.6693, 3.5954 -1.335 0.0787, 3.5954 -1.335 0.6693, 3.805 -1.1981 0.0787, 3.805 -1.1981 0.6693, 3.9892 -1.0286 0.0787, 3.9892 -1.0286 0.6693, 4.1429 -0.831 0.0787, 4.1429 -0.831 0.6693, 4.2621 -0.6108 0.0787, 4.2621 -0.6108 0.6693, 4.3157 -0.4547 0.0787, 4.3434 -0.3741 0.6693, 4.3434 -0.3741 0.0787, 4.3846 -0.1271 0.0787, 4.3846 -0.1271 0.6693, 4.3846 0.1232 0.0787, 4.3846 0.1232 0.6693, 4.3434 0.3701 0.0787, 4.3434 0.3701 0.6693, 4.3157 0.4508 0.0787, 4.2621 0.6069 0.6693, 4.2621 0.6069 0.0787, 4.1429 0.8271 0.0787, 4.1429 0.8271 0.6693, 3.9892 1.0246 0.0787, 3.9892 1.0246 0.6693, 3.805 1.1942 0.0787, 3.805 1.1942 0.6693, 3.5954 1.3311 0.0787, 3.5954 1.3311 0.6693, 3.3662 1.4317 0.0787, 3.3662 1.4317 0.6693, 3.1235 1.4931 0.0787, 3.1235 1.4931 0.6693, 3.3034 -1.0386 0.6693, 3.4974 -0.9349 0.6693, 3.6674 -0.7954 0.6693, 3.807 -0.6253 0.6693, 3.9107 -0.4314 0.6693, 3.9745 -0.2209 0.6693, 3.9961 -0.002 0.6693, -3.9961 -0.002 0.6693, -3.9745 -0.2209 0.6693, -3.9107 -0.4314 0.6693, -3.807 -0.6253 0.6693, -3.6674 -0.7954 0.6693, -3.4974 -0.9349 0.6693, -3.3034 -1.0386 0.6693, -3.0929 -1.1025 0.6693, -2.874 -1.124 0.6693, 2.874 -1.124 0.6693, 3.0929 -1.1025 0.6693, -3.3034 1.0347 0.6693, -3.4974 0.931 0.6693, -3.6674 0.7914 0.6693, -3.807 0.6214 0.6693, -3.9107 0.4274 0.6693, -3.9745 0.2169 0.6693, 3.9745 0.2169 0.6693, 3.9107 0.4274 0.6693, 3.807 0.6214 0.6693, 3.6674 0.7914 0.6693, 3.4974 0.931 0.6693, 3.3034 1.0347 0.6693, 3.0929 1.0985 0.6693, 2.874 1.1201 0.6693, -2.874 1.1201 0.6693, -3.0929 1.0985 0.6693, -1.0 0.4508 0.0787, -2.0492 0.4508 0.0787, -2.0492 1.5138 0.0787, -1.8042 0.0795 0.0787, -1.815 -0.002 0.0787, -1.0 1.5138 0.0787, -0.9843 0.9232 0.0787, -3.0269 0.5685 0.0787, -3.1693 0.5095 0.0787, -3.2458 0.4508 0.0787, -2.7212 0.5685 0.0787, -2.874 0.5886 0.0787, -3.9272 0.4508 0.0787, -3.9272 -0.4547 0.0787, -3.2458 -0.4547 0.0787, -3.1693 -0.5134 0.0787, -2.0492 -0.4547 0.0787, -2.5787 -0.5134 0.0787, -3.0269 -0.5724 0.0787, -2.874 -0.5925 0.0787, -2.7212 -0.5724 0.0787, -0.9843 -0.9272 0.0787, -1.0 -0.4547 0.0787, 0.0 -0.9272 0.0787, 0.0 -0.4547 0.0787, 0.9843 -0.9272 0.0787, 1.0 -0.4547 0.0787, 3.2458 -0.4547 0.0787, 3.1693 -0.5134 0.0787, 3.0269 -0.5724 0.0787, 2.5023 -0.4547 0.0787, 2.5787 -0.5134 0.0787, 2.7212 -0.5724 0.0787, 2.874 -0.5925 0.0787, 3.4444 0.1509 0.0787, 3.3854 0.2933 0.0787, 3.2916 -0.4196 0.0787, 3.3854 -0.2972 0.0787, 3.4444 -0.1548 0.0787, 3.4646 -0.002 0.0787, 3.2916 0.4156 0.0787, 3.2458 0.4508 0.0787, 2.874 0.5886 0.0787, 3.0269 0.5685 0.0787, 3.1693 0.5095 0.0787, 2.7212 0.5685 0.0787, 2.0492 1.5138 0.0787, 2.5787 0.5095 0.0787, 2.5023 0.4508 0.0787, 2.0492 0.4508 0.0787, 2.4564 0.4156 0.0787, 2.3626 0.2933 0.0787, 2.3626 -0.2972 0.0787, 2.4564 -0.4196 0.0787, 2.0492 -0.4547 0.0787, 2.3036 0.1509 0.0787, 2.2835 -0.002 0.0787, 2.3036 -0.1548 0.0787, -2.5023 -0.4547 0.0787, -2.4564 -0.4196 0.0787, -2.3626 -0.2972 0.0787, -2.3626 0.2933 0.0787, -2.4564 0.4156 0.0787, -2.5023 0.4508 0.0787, -2.5787 0.5095 0.0787, -2.3036 -0.1548 0.0787, -2.2835 -0.002 0.0787, -2.3036 0.1509 0.0787, -3.2916 -0.4196 0.0787, -3.3854 -0.2972 0.0787, -3.2916 0.4156 0.0787, -3.3854 0.2933 0.0787, -3.4444 0.1509 0.0787, -3.4646 -0.002 0.0787, -3.4444 -0.1548 0.0787, 1.7728 -0.1594 0.0787, 1.7227 -0.2247 0.0787, 1.6575 -0.2747 0.0787, 1.185 -0.002 0.0787, 1.1958 -0.0835 0.0787, 1.2272 -0.1594 0.0787, 1.2773 -0.2247 0.0787, 1.3425 -0.2747 0.0787, 1.8042 -0.0835 0.0787, 1.815 -0.002 0.0787, 1.8042 0.0795 0.0787, 1.7728 0.1555 0.0787, 1.7227 0.2207 0.0787, 1.6575 0.2708 0.0787, 1.4185 -0.3062 0.0787, 1.5 -0.3169 0.0787, 1.5815 -0.3062 0.0787, 1.5815 0.3023 0.0787, 1.5 0.313 0.0787, 1.0 0.4508 0.0787, 1.4185 0.3023 0.0787, 1.3425 0.2708 0.0787, 1.2773 0.2207 0.0787, 1.2272 0.1555 0.0787, 1.1958 0.0795 0.0787, 0.1958 -0.0835 0.0787, 0.2272 -0.1594 0.0787, 0.2773 -0.2247 0.0787, 0.3425 -0.2747 0.0787, 0.815 -0.002 0.0787, 0.8042 0.0795 0.0787, 0.7728 0.1555 0.0787, 0.7227 0.2207 0.0787, 0.6575 0.2708 0.0787, 0.185 -0.002 0.0787, 0.0 0.4508 0.0787, 0.1958 0.0795 0.0787, 0.4185 -0.3062 0.0787, 0.5 -0.3169 0.0787, 0.5815 -0.3062 0.0787, 0.6575 -0.2747 0.0787, 0.8042 -0.0835 0.0787, 0.5815 0.3023 0.0787, 0.5 0.313 0.0787, 0.4185 0.3023 0.0787, 0.3425 0.2708 0.0787, 0.2773 0.2207 0.0787, 0.2272 0.1555 0.0787, 0.7227 -0.2247 0.0787, 0.7728 -0.1594 0.0787, -0.815 -0.002 0.0787, -0.8042 -0.0835 0.0787, -0.3425 -0.2747 0.0787, -0.2773 -0.2247 0.0787, -0.2272 -0.1594 0.0787, -0.6575 0.2708 0.0787, -0.7227 0.2207 0.0787, -0.7728 -0.1594 0.0787, -0.7227 -0.2247 0.0787, -0.6575 -0.2747 0.0787, -0.5815 -0.3062 0.0787, -0.5 -0.3169 0.0787, -0.4185 -0.3062 0.0787, -0.7728 0.1555 0.0787, -0.8042 0.0795 0.0787, -0.1958 0.0795 0.0787, -0.185 -0.002 0.0787, -0.1958 -0.0835 0.0787, -0.2272 0.1555 0.0787, -0.2773 0.2207 0.0787, -0.3425 0.2708 0.0787, -0.4185 0.3023 0.0787, -0.5 0.313 0.0787, -0.5815 0.3023 0.0787, -1.8042 -0.0835 0.0787, -1.7728 -0.1594 0.0787, -1.185 -0.002 0.0787, -1.1958 0.0795 0.0787, -1.7227 -0.2247 0.0787, -1.6575 -0.2747 0.0787, -1.5815 -0.3062 0.0787, -1.5 -0.3169 0.0787, -1.2272 0.1555 0.0787, -1.2773 0.2207 0.0787, -1.3425 0.2708 0.0787, -1.6575 0.2708 0.0787, -1.7227 0.2207 0.0787, -1.7728 0.1555 0.0787, -1.4185 -0.3062 0.0787, -1.3425 -0.2747 0.0787, -1.2773 -0.2247 0.0787, -1.2272 -0.1594 0.0787, -1.1958 -0.0835 0.0787, -1.4185 0.3023 0.0787, -1.5 0.313 0.0787, -1.5815 0.3023 0.0787, 1.0 1.5138 0.0787, 0.9843 0.9232 0.0787, 0.0 0.9232 0.0787, -2.874 1.1201 0.4724, -3.0929 1.0985 0.4724, -3.3034 1.0347 0.4724, -3.4974 0.931 0.4724, -3.6674 0.7914 0.4724, -3.807 0.6214 0.4724, -3.9107 0.4274 0.4724, -3.9745 0.2169 0.4724, -3.9961 -0.002 0.4724, -3.9745 -0.2209 0.4724, -3.9107 -0.4314 0.4724, -3.807 -0.6253 0.4724, -3.6674 -0.7954 0.4724, -3.4974 -0.9349 0.4724, -3.3034 -1.0386 0.4724, -3.0929 -1.1025 0.4724, -2.874 -1.124 0.4724, 2.874 1.1201 0.4724, 2.874 -1.124 0.4724, 3.0929 -1.1025 0.4724, 3.3034 -1.0386 0.4724, 3.4974 -0.9349 0.4724, 3.6674 -0.7954 0.4724, 3.807 -0.6253 0.4724, 3.9107 -0.4314 0.4724, 3.9745 -0.2209 0.4724, 3.9961 -0.002 0.4724, 3.9745 0.2169 0.4724, 3.9107 0.4274 0.4724, 3.807 0.6214 0.4724, 3.6674 0.7914 0.4724, 3.4974 0.931 0.4724, 3.3034 1.0347 0.4724, 3.0929 1.0985 0.4724, 3.7941 -0.0987 0.4724, 3.7941 0.0947 0.4724, 3.7539 0.2839 0.4724, 3.6753 0.4606 0.4724, 3.5616 0.6171 0.4724, 3.4178 0.7465 0.4724, 3.2503 0.8432 0.4724, 3.0664 0.903 0.4724, 2.874 0.9232 0.4724, -2.874 0.9232 0.4724, -3.0664 0.903 0.4724, -3.2503 0.8432 0.4724, -3.4178 0.7465 0.4724, -3.5616 0.6171 0.4724, -3.6753 0.4606 0.4724, -3.7539 0.2839 0.4724, -3.7941 0.0947 0.4724, -3.7941 -0.0987 0.4724, -3.7539 -0.2879 0.4724, -3.6753 -0.4646 0.4724, -3.5616 -0.621 0.4724, -3.4178 -0.7505 0.4724, -3.2503 -0.8472 0.4724, -3.0664 -0.9069 0.4724, -2.874 -0.9272 0.4724, 2.874 -0.9272 0.4724, 3.0664 -0.9069 0.4724, 3.2503 -0.8472 0.4724, 3.4178 -0.7505 0.4724, 3.5616 -0.621 0.4724, 3.6753 -0.4646 0.4724, 3.7539 -0.2879 0.4724, 3.2503 -0.8472 0.8661, 3.4178 -0.7505 0.8661, 1.7282 -0.0631 0.8661, 3.5616 -0.621 0.8661, 3.6753 -0.4646 0.8661, 1.7362 -0.002 0.8661, -0.2718 -0.0631 0.8661, -0.2954 -0.1201 0.8661, 2.874 -0.9272 0.8661, 0.6181 -0.2065 0.8661, 0.5611 -0.2301 0.8661, 1.2954 -0.1201 0.8661, 0.6181 0.2026 0.8661, 0.667 0.1651 0.8661, 0.4389 -0.2301 0.8661, 0.3819 -0.2065 0.8661, -0.2638 -0.002 0.8661, 0.333 -0.169 0.8661, 0.2954 -0.1201 0.8661, 3.0664 -0.9069 0.8661, 1.7046 -0.1201 0.8661, 1.667 -0.169 0.8661, 1.6181 -0.2065 0.8661, -2.874 0.9232 0.8661, 1.2954 0.1161 0.8661, 1.333 0.1651 0.8661, 1.5611 -0.2301 0.8661, 1.5 -0.2382 0.8661, 1.4389 -0.2301 0.8661, 0.7046 0.1161 0.8661, 0.7282 0.0592 0.8661, 1.333 -0.169 0.8661, 0.7362 -0.002 0.8661, 1.3819 -0.2065 0.8661, 1.3819 0.2026 0.8661, 1.4389 0.2262 0.8661, 2.874 0.9232 0.8661, 1.5 0.2343 0.8661, 1.5611 0.2262 0.8661, 0.7282 -0.0631 0.8661, 0.7046 -0.1201 0.8661, 0.667 -0.169 0.8661, -0.333 -0.169 0.8661, -0.3819 -0.2065 0.8661, -0.4389 -0.2301 0.8661, -1.2954 -0.1201 0.8661, -1.333 -0.169 0.8661, -0.6181 0.2026 0.8661, -0.5611 0.2262 0.8661, 3.7539 -0.2879 0.8661, 3.7941 -0.0987 0.8661, 3.7941 0.0947 0.8661, 0.5 -0.2382 0.8661, -0.7362 -0.002 0.8661, -1.4389 0.2262 0.8661, -0.7282 -0.0631 0.8661, -1.3819 0.2026 0.8661, -1.333 0.1651 0.8661, 1.6181 0.2026 0.8661, 1.667 0.1651 0.8661, 3.0664 0.903 0.8661, 1.7046 0.1161 0.8661, 3.2503 0.8432 0.8661, 1.7282 0.0592 0.8661, 3.4178 0.7465 0.8661, 3.7539 0.2839 0.8661, 3.6753 0.4606 0.8661, 3.5616 0.6171 0.8661, -0.6181 -0.2065 0.8661, -1.2638 -0.002 0.8661, -0.5611 -0.2301 0.8661, -1.2718 -0.0631 0.8661, -1.7362 -0.002 0.8661, -3.7941 0.0947 0.8661, -3.7941 -0.0987 0.8661, 0.2954 0.1161 0.8661, 0.333 0.1651 0.8661, 0.3819 0.2026 0.8661, 0.4389 0.2262 0.8661, 1.2718 -0.0631 0.8661, 1.2638 -0.002 0.8661, 0.5611 0.2262 0.8661, 1.2718 0.0592 0.8661, -1.3819 -0.2065 0.8661, -1.4389 -0.2301 0.8661, -2.874 -0.9272 0.8661, -1.5 -0.2382 0.8661, -1.5611 -0.2301 0.8661, -3.5616 -0.621 0.8661, -1.7282 -0.0631 0.8661, -3.6753 -0.4646 0.8661, -3.7539 -0.2879 0.8661, -1.7282 0.0592 0.8661, -3.6753 0.4606 0.8661, -3.7539 0.2839 0.8661, -3.2503 0.8432 0.8661, -3.4178 0.7465 0.8661, -3.5616 0.6171 0.8661, -3.0664 0.903 0.8661, -1.7046 0.1161 0.8661, -1.667 0.1651 0.8661, -1.6181 0.2026 0.8661, -0.5 -0.2382 0.8661, -0.667 -0.169 0.8661, -0.7046 -0.1201 0.8661, -1.2718 0.0592 0.8661, -1.2954 0.1161 0.8661, -1.5611 0.2262 0.8661, -1.5 0.2343 0.8661, -0.5 0.2343 0.8661, -0.4389 0.2262 0.8661, -0.3819 0.2026 0.8661, -0.333 0.1651 0.8661, -0.2954 0.1161 0.8661, -0.2718 0.0592 0.8661, 0.5 0.2343 0.8661, -1.6181 -0.2065 0.8661, -1.667 -0.169 0.8661, -3.0664 -0.9069 0.8661, -1.7046 -0.1201 0.8661, -3.2503 -0.8472 0.8661, -3.4178 -0.7505 0.8661, -0.7282 0.0592 0.8661, -0.7046 0.1161 0.8661, -0.667 0.1651 0.8661, 0.2718 -0.0631 0.8661, 0.2638 -0.002 0.8661, 0.2718 0.0592 0.8661, 0.8706 -1.0408 0.2756, -0.8706 -1.0408 0.2756, 0.8706 1.0369 0.2756, -0.8706 1.0369 0.2756
            ]
        }
        coordIndex [
            0,1,2,-1,3,4,5,-1,6,3,7,-1,8,6,9,-1,10,11,12,-1,13,14,15,-1,16,17,18,-1,19,20,21,-1,22,23,24,-1,25,26,27,-1,27,26,28,-1,29,30,27,-1,27,30,31,-1,27,31,32,-1,32,33,27,-1,27,33,34,-1,27,34,25,-1,35,36,37,-1,37,36,38,-1,37,38,39,-1,39,38,40,-1,35,37,41,-1,41,37,42,-1,41,42,43,-1,42,44,43,-1,43,44,45,-1,43,45,46,-1,46,45,47,-1,46,47,48,-1,49,50,42,-1,42,50,51,-1,42,51,44,-1,52,53,54,-1,54,55,52,-1,52,55,56,-1,52,56,42,-1,42,56,57,-1,42,57,49,-1,58,59,60,-1,58,60,61,-1,59,62,60,-1,60,62,63,-1,60,63,64,-1,64,63,65,-1,65,66,64,-1,64,66,54,-1,64,54,67,-1,67,54,53,-1,67,53,68,-1,69,61,70,-1,70,61,60,-1,70,60,71,-1,71,60,72,-1,71,72,73,-1,73,72,74,-1,75,76,77,-1,78,79,72,-1,72,79,80,-1,72,80,74,-1,77,81,75,-1,75,81,82,-1,75,82,78,-1,78,82,83,-1,78,83,79,-1,84,85,76,-1,76,85,86,-1,76,86,87,-1,87,88,76,-1,76,88,89,-1,76,89,77,-1,90,91,92,-1,93,94,95,-1,96,97,84,-1,98,99,100,-1,100,99,101,-1,93,95,102,-1,96,84,103,-1,104,105,99,-1,99,105,106,-1,99,106,107,-1,92,91,84,-1,84,91,108,-1,84,108,103,-1,94,109,95,-1,95,109,110,-1,95,110,111,-1,112,113,114,-1,114,113,115,-1,114,115,116,-1,117,107,118,-1,118,107,119,-1,118,119,114,-1,114,119,120,-1,114,120,112,-1,117,121,107,-1,107,121,122,-1,107,122,99,-1,99,122,123,-1,99,123,101,-1,124,125,126,-1,126,125,127,-1,126,127,95,-1,95,127,128,-1,95,128,102,-1,129,130,95,-1,95,130,131,-1,95,131,99,-1,99,131,132,-1,99,132,104,-1,133,134,85,-1,85,134,135,-1,85,135,136,-1,136,137,85,-1,85,137,138,-1,85,138,139,-1,139,138,124,-1,139,124,140,-1,140,124,126,-1,97,141,84,-1,84,141,142,-1,84,142,85,-1,85,142,143,-1,85,143,133,-1,111,144,95,-1,95,144,145,-1,95,145,146,-1,146,147,95,-1,95,147,148,-1,95,148,129,-1,149,150,151,-1,151,107,149,-1,149,107,106,-1,149,106,152,-1,152,106,153,-1,153,154,152,-1,152,154,155,-1,152,155,156,-1,157,158,159,-1,158,160,159,-1,159,160,161,-1,159,161,162,-1,163,159,164,-1,150,149,163,-1,163,149,165,-1,163,165,159,-1,159,165,166,-1,159,166,157,-1,164,167,163,-1,163,167,168,-1,163,168,169,-1,162,161,170,-1,170,161,171,-1,170,171,172,-1,172,171,173,-1,172,173,174,-1,175,176,169,-1,169,176,177,-1,169,177,163,-1,26,178,28,-1,28,178,179,-1,28,179,92,-1,92,179,180,-1,92,180,90,-1,181,182,183,-1,24,23,184,-1,184,23,185,-1,184,185,186,-1,187,188,189,-1,189,188,190,-1,189,190,191,-1,191,190,181,-1,191,181,192,-1,193,194,195,-1,195,194,196,-1,195,196,186,-1,183,182,197,-1,197,182,198,-1,197,198,199,-1,200,201,202,-1,203,204,205,-1,205,204,206,-1,205,206,207,-1,207,206,200,-1,207,200,208,-1,208,200,202,-1,209,210,211,-1,212,213,214,-1,215,216,209,-1,216,217,209,-1,209,217,218,-1,209,218,210,-1,210,218,219,-1,212,214,209,-1,209,214,220,-1,209,220,215,-1,221,222,223,-1,223,222,224,-1,223,224,211,-1,211,224,225,-1,211,225,209,-1,226,227,21,-1,228,229,230,-1,231,232,21,-1,21,232,233,-1,219,234,210,-1,210,234,235,-1,210,235,230,-1,230,235,236,-1,230,236,228,-1,229,237,230,-1,230,237,238,-1,230,238,239,-1,239,238,240,-1,239,240,226,-1,241,242,227,-1,227,242,243,-1,227,243,21,-1,21,243,244,-1,21,244,231,-1,233,245,21,-1,21,245,246,-1,21,246,19,-1,247,248,249,-1,249,248,250,-1,249,250,251,-1,249,252,247,-1,247,252,253,-1,247,253,254,-1,254,255,247,-1,247,255,256,-1,247,256,257,-1,257,256,258,-1,257,258,259,-1,259,258,260,-1,259,260,227,-1,227,260,261,-1,227,261,241,-1,262,263,251,-1,251,263,264,-1,251,264,249,-1,265,266,213,-1,213,266,267,-1,213,267,214,-1,265,268,266,-1,266,268,269,-1,266,269,270,-1,270,269,271,-1,270,272,273,-1,271,274,270,-1,270,274,275,-1,270,275,276,-1,276,277,270,-1,270,277,278,-1,270,278,272,-1,273,279,270,-1,270,279,280,-1,270,280,281,-1,282,283,284,-1,284,283,16,-1,284,16,285,-1,285,16,18,-1,18,286,285,-1,285,286,287,-1,285,287,288,-1,288,287,289,-1,288,289,290,-1,290,289,291,-1,290,291,292,-1,293,294,295,-1,296,297,298,-1,298,297,299,-1,298,299,300,-1,300,299,301,-1,300,301,302,-1,302,301,303,-1,302,303,304,-1,304,303,305,-1,304,305,306,-1,306,305,307,-1,308,309,310,-1,293,303,294,-1,294,303,301,-1,294,301,311,-1,311,301,312,-1,311,312,310,-1,310,312,313,-1,310,313,308,-1,314,315,295,-1,295,315,316,-1,295,316,293,-1,53,317,68,-1,68,317,318,-1,68,318,319,-1,319,318,320,-1,319,320,321,-1,322,323,324,-1,322,325,326,-1,322,327,328,-1,324,329,322,-1,322,329,330,-1,322,330,331,-1,331,330,332,-1,331,332,333,-1,333,332,309,-1,333,309,314,-1,314,309,308,-1,314,308,315,-1,334,335,336,-1,336,335,337,-1,336,337,338,-1,326,339,322,-1,322,339,340,-1,322,340,327,-1,328,341,322,-1,322,341,342,-1,322,342,343,-1,325,322,336,-1,336,322,344,-1,336,344,334,-1,343,345,322,-1,322,345,346,-1,322,346,323,-1,347,348,349,-1,349,348,350,-1,349,350,314,-1,314,350,351,-1,314,351,333,-1,352,353,354,-1,354,353,355,-1,356,357,358,-1,358,359,356,-1,356,359,360,-1,356,360,361,-1,362,363,356,-1,356,363,364,-1,356,364,357,-1,14,365,366,-1,366,365,367,-1,366,367,362,-1,362,367,368,-1,362,368,363,-1,15,369,370,-1,370,371,15,-1,15,371,372,-1,15,372,13,-1,369,15,373,-1,373,15,374,-1,373,374,375,-1,375,374,376,-1,376,374,210,-1,376,210,377,-1,332,378,309,-1,309,378,379,-1,309,379,380,-1,380,379,381,-1,380,381,382,-1,383,384,385,-1,385,384,386,-1,383,387,384,-1,384,387,388,-1,384,388,389,-1,389,388,390,-1,391,392,390,-1,390,392,393,-1,390,393,389,-1,394,395,396,-1,396,395,397,-1,396,397,398,-1,399,400,210,-1,400,401,210,-1,210,401,402,-1,210,402,403,-1,404,405,406,-1,406,405,407,-1,406,407,408,-1,398,409,396,-1,396,409,410,-1,396,410,374,-1,374,410,386,-1,374,386,411,-1,411,386,384,-1,403,412,210,-1,210,412,413,-1,210,413,211,-1,211,413,414,-1,211,414,406,-1,411,415,374,-1,374,415,416,-1,374,416,210,-1,210,416,417,-1,210,417,399,-1,418,419,390,-1,390,419,420,-1,390,420,421,-1,421,422,390,-1,390,422,423,-1,390,423,391,-1,424,425,426,-1,426,425,427,-1,425,428,427,-1,427,428,429,-1,427,429,396,-1,396,429,430,-1,396,430,394,-1,431,432,21,-1,226,21,239,-1,239,21,432,-1,239,432,204,-1,204,432,433,-1,204,433,206,-1,21,12,431,-1,431,12,434,-1,431,434,435,-1,11,436,12,-1,12,436,437,-1,12,437,434,-1,438,439,440,-1,441,442,20,-1,20,442,438,-1,20,438,21,-1,21,438,440,-1,21,440,12,-1,12,440,443,-1,12,443,444,-1,445,446,447,-1,447,446,448,-1,447,448,438,-1,438,448,449,-1,438,449,439,-1,444,450,12,-1,12,450,451,-1,12,451,10,-1,452,453,454,-1,452,454,455,-1,453,456,454,-1,454,456,457,-1,454,457,447,-1,447,457,458,-1,447,458,445,-1,8,459,460,-1,460,459,454,-1,460,454,461,-1,461,454,447,-1,461,447,462,-1,462,447,438,-1,462,438,463,-1,463,438,442,-1,463,442,464,-1,464,442,426,-1,464,426,465,-1,465,426,427,-1,441,221,442,-1,442,221,223,-1,442,223,426,-1,426,223,211,-1,426,211,424,-1,424,211,406,-1,424,406,466,-1,466,406,408,-1,459,183,454,-1,454,183,197,-1,454,197,455,-1,455,197,199,-1,455,199,203,-1,203,199,22,-1,203,22,204,-1,204,22,24,-1,6,7,9,-1,9,7,467,-1,9,467,468,-1,469,92,470,-1,470,92,84,-1,470,84,471,-1,471,84,76,-1,471,76,472,-1,472,76,75,-1,472,75,473,-1,469,474,475,-1,474,476,475,-1,475,476,477,-1,475,477,471,-1,471,477,478,-1,471,478,470,-1,479,480,481,-1,481,480,477,-1,481,477,482,-1,482,477,476,-1,482,476,483,-1,483,476,484,-1,196,192,186,-1,186,192,181,-1,186,181,184,-1,184,181,183,-1,184,183,485,-1,468,486,487,-1,468,488,489,-1,490,491,492,-1,492,491,493,-1,492,493,468,-1,468,493,494,-1,468,494,486,-1,487,495,468,-1,468,495,496,-1,468,496,488,-1,8,9,459,-1,459,9,468,-1,459,468,183,-1,183,468,489,-1,183,489,485,-1,485,497,184,-1,184,497,498,-1,184,498,492,-1,492,498,499,-1,492,499,500,-1,500,501,492,-1,492,501,502,-1,492,502,490,-1,503,504,505,-1,505,504,506,-1,507,505,467,-1,467,505,506,-1,467,506,468,-1,468,506,508,-1,468,508,492,-1,492,508,509,-1,492,509,510,-1,510,509,511,-1,510,511,467,-1,467,511,507,-1,14,366,15,-1,15,366,475,-1,15,475,374,-1,374,475,471,-1,374,471,396,-1,396,471,472,-1,396,472,427,-1,427,472,473,-1,427,473,465,-1,510,512,492,-1,492,512,284,-1,492,284,184,-1,184,284,285,-1,184,285,24,-1,24,285,288,-1,24,288,204,-1,204,288,311,-1,204,311,239,-1,239,311,310,-1,239,310,230,-1,230,310,309,-1,230,309,210,-1,210,309,380,-1,210,380,377,-1,377,380,382,-1,469,475,92,-1,92,475,366,-1,92,366,28,-1,28,366,513,-1,28,513,27,-1,513,514,27,-1,27,514,0,-1,27,0,362,-1,362,0,2,-1,362,2,366,-1,366,2,515,-1,366,515,513,-1,516,517,290,-1,290,517,518,-1,290,518,288,-1,288,518,519,-1,288,519,520,-1,520,521,288,-1,288,521,522,-1,288,522,523,-1,294,524,290,-1,290,524,525,-1,290,525,526,-1,523,527,288,-1,288,527,528,-1,288,528,311,-1,311,528,529,-1,311,529,294,-1,294,529,530,-1,294,530,524,-1,526,531,290,-1,290,531,532,-1,290,532,516,-1,512,533,284,-1,284,533,534,-1,284,534,282,-1,282,534,292,-1,282,292,535,-1,535,292,291,-1,3,5,7,-1,7,5,536,-1,7,536,467,-1,467,536,537,-1,467,537,510,-1,510,537,538,-1,510,538,512,-1,512,538,539,-1,512,539,533,-1,361,354,356,-1,356,354,355,-1,356,355,362,-1,362,355,540,-1,362,540,27,-1,27,540,39,-1,27,39,29,-1,29,39,40,-1,539,541,533,-1,533,541,542,-1,533,542,534,-1,534,542,543,-1,534,543,292,-1,292,543,544,-1,292,544,290,-1,290,544,545,-1,290,545,294,-1,294,545,546,-1,294,546,295,-1,295,546,547,-1,295,547,314,-1,314,547,548,-1,314,548,349,-1,349,548,353,-1,349,353,347,-1,347,353,352,-1,541,4,549,-1,541,549,550,-1,550,549,551,-1,550,551,552,-1,552,551,553,-1,552,553,554,-1,554,553,555,-1,554,555,556,-1,556,555,557,-1,556,557,558,-1,557,559,558,-1,558,559,560,-1,558,560,561,-1,561,560,562,-1,561,562,563,-1,563,562,564,-1,563,564,565,-1,564,566,565,-1,565,566,567,-1,565,567,568,-1,568,567,569,-1,568,569,570,-1,570,569,571,-1,570,571,572,-1,572,571,573,-1,572,573,574,-1,573,575,574,-1,574,575,576,-1,574,576,577,-1,577,576,578,-1,577,578,579,-1,579,578,580,-1,579,580,581,-1,580,582,581,-1,581,582,583,-1,581,583,584,-1,584,583,585,-1,584,585,586,-1,586,585,587,-1,586,587,588,-1,588,587,589,-1,588,589,590,-1,591,592,593,-1,590,589,594,-1,591,595,596,-1,596,595,590,-1,591,593,595,-1,595,593,597,-1,595,597,598,-1,590,594,596,-1,596,594,599,-1,596,599,600,-1,595,598,601,-1,595,601,602,-1,602,601,603,-1,602,603,604,-1,604,603,605,-1,604,605,606,-1,606,605,607,-1,606,607,608,-1,608,607,609,-1,608,609,610,-1,610,609,611,-1,610,611,612,-1,612,611,613,-1,612,613,614,-1,614,613,615,-1,614,615,616,-1,615,617,616,-1,616,617,618,-1,616,618,619,-1,619,618,620,-1,619,620,621,-1,621,620,622,-1,621,622,623,-1,623,622,624,-1,623,624,625,-1,624,626,625,-1,625,626,627,-1,625,627,628,-1,628,627,629,-1,628,629,630,-1,630,629,631,-1,630,631,632,-1,632,631,633,-1,632,633,634,-1,634,633,635,-1,634,635,636,-1,636,635,637,-1,636,637,638,-1,638,637,320,-1,638,320,37,-1,639,606,640,-1,640,606,608,-1,640,608,641,-1,641,608,610,-1,641,610,642,-1,642,610,612,-1,642,612,643,-1,643,612,614,-1,643,614,644,-1,644,614,616,-1,644,616,645,-1,646,570,647,-1,647,570,572,-1,647,572,648,-1,648,572,574,-1,648,574,649,-1,649,574,577,-1,649,577,650,-1,650,577,579,-1,650,579,651,-1,579,581,651,-1,651,581,584,-1,651,584,652,-1,652,584,586,-1,652,586,653,-1,653,586,588,-1,653,588,654,-1,654,588,590,-1,654,590,655,-1,655,590,595,-1,655,595,656,-1,656,595,602,-1,656,602,639,-1,639,602,604,-1,639,604,606,-1,657,554,658,-1,658,554,556,-1,658,556,659,-1,659,556,558,-1,659,558,660,-1,660,558,561,-1,660,561,661,-1,661,561,563,-1,661,563,662,-1,662,563,565,-1,662,565,646,-1,646,565,568,-1,646,568,570,-1,616,619,645,-1,645,619,621,-1,645,621,663,-1,663,621,623,-1,663,623,664,-1,664,623,625,-1,664,625,665,-1,665,625,628,-1,665,628,666,-1,666,628,630,-1,666,630,667,-1,630,632,667,-1,667,632,634,-1,667,634,668,-1,668,634,636,-1,668,636,669,-1,669,636,638,-1,669,638,670,-1,670,638,37,-1,670,37,671,-1,671,37,541,-1,671,541,672,-1,672,541,550,-1,672,550,657,-1,657,550,552,-1,657,552,554,-1,673,674,675,-1,676,677,674,-1,678,78,679,-1,680,681,553,-1,553,681,555,-1,555,681,682,-1,555,682,557,-1,675,683,4,-1,4,683,684,-1,4,684,549,-1,549,684,680,-1,549,680,551,-1,551,680,553,-1,566,564,685,-1,685,564,562,-1,562,560,685,-1,685,560,559,-1,685,559,557,-1,571,569,686,-1,686,569,685,-1,685,569,567,-1,685,567,566,-1,576,575,686,-1,686,575,573,-1,686,573,571,-1,582,580,686,-1,686,580,578,-1,686,578,576,-1,687,688,583,-1,599,594,689,-1,689,594,690,-1,583,688,585,-1,585,688,691,-1,585,691,587,-1,587,691,692,-1,587,692,589,-1,589,692,594,-1,594,692,693,-1,594,693,690,-1,694,695,696,-1,696,695,697,-1,696,697,698,-1,698,697,699,-1,615,613,700,-1,700,613,611,-1,611,609,700,-1,700,609,607,-1,700,607,701,-1,701,607,605,-1,701,605,702,-1,703,704,597,-1,597,704,705,-1,597,705,598,-1,598,705,706,-1,598,706,601,-1,601,706,702,-1,601,702,603,-1,603,702,605,-1,707,708,624,-1,700,709,615,-1,615,709,710,-1,615,710,617,-1,617,710,711,-1,617,711,618,-1,618,711,712,-1,618,712,620,-1,620,712,707,-1,620,707,622,-1,622,707,624,-1,708,713,624,-1,624,713,714,-1,624,714,626,-1,626,714,627,-1,715,637,716,-1,716,637,635,-1,716,635,717,-1,718,719,715,-1,715,719,320,-1,715,320,637,-1,635,633,717,-1,717,633,631,-1,717,631,714,-1,714,631,629,-1,714,629,627,-1,720,721,722,-1,722,721,723,-1,722,723,724,-1,725,726,727,-1,724,728,722,-1,722,728,729,-1,722,729,727,-1,727,729,730,-1,727,730,725,-1,690,731,689,-1,689,731,732,-1,689,732,733,-1,734,735,674,-1,674,735,736,-1,674,736,675,-1,675,736,737,-1,675,737,683,-1,733,738,689,-1,689,738,739,-1,689,739,674,-1,674,739,740,-1,674,740,734,-1,583,582,687,-1,687,582,686,-1,687,686,741,-1,741,686,742,-1,557,682,685,-1,685,682,743,-1,685,743,744,-1,744,745,685,-1,685,745,746,-1,685,746,686,-1,686,746,747,-1,686,747,742,-1,592,698,593,-1,593,698,699,-1,593,699,597,-1,597,699,727,-1,597,727,703,-1,703,727,726,-1,748,727,749,-1,749,727,750,-1,751,752,699,-1,752,753,699,-1,699,753,754,-1,699,754,755,-1,748,756,727,-1,727,756,757,-1,727,757,722,-1,722,757,758,-1,758,759,722,-1,722,759,760,-1,722,760,761,-1,755,762,699,-1,699,762,763,-1,699,763,727,-1,727,763,764,-1,727,764,750,-1,761,765,722,-1,722,765,766,-1,722,766,767,-1,767,766,768,-1,767,768,769,-1,769,770,767,-1,767,770,771,-1,767,771,772,-1,773,774,697,-1,697,774,775,-1,697,775,776,-1,777,778,767,-1,778,779,767,-1,767,779,780,-1,767,780,781,-1,773,697,782,-1,782,697,783,-1,782,783,784,-1,776,785,697,-1,697,785,786,-1,697,786,699,-1,699,786,787,-1,699,787,788,-1,772,751,767,-1,767,751,699,-1,767,699,777,-1,777,699,789,-1,781,790,767,-1,767,790,791,-1,767,791,783,-1,783,791,792,-1,783,792,793,-1,793,794,783,-1,783,794,795,-1,783,795,784,-1,788,796,699,-1,699,796,797,-1,699,797,789,-1,798,799,695,-1,800,801,697,-1,697,801,802,-1,803,804,673,-1,799,805,695,-1,695,805,806,-1,695,806,807,-1,807,808,695,-1,695,808,809,-1,695,809,697,-1,697,809,810,-1,697,810,800,-1,804,811,673,-1,673,811,812,-1,673,812,798,-1,813,783,814,-1,814,783,697,-1,814,697,815,-1,815,697,802,-1,813,816,783,-1,783,816,817,-1,783,817,818,-1,818,819,783,-1,783,819,820,-1,783,820,673,-1,673,820,821,-1,673,821,803,-1,674,677,689,-1,689,677,822,-1,689,822,823,-1,798,695,673,-1,673,695,824,-1,673,824,825,-1,823,826,689,-1,689,826,827,-1,689,827,828,-1,828,829,689,-1,689,829,695,-1,689,695,599,-1,599,695,694,-1,599,694,600,-1,825,830,673,-1,673,830,831,-1,673,831,832,-1,833,834,674,-1,674,834,835,-1,674,835,676,-1,829,836,695,-1,695,836,837,-1,695,837,838,-1,838,839,695,-1,695,839,840,-1,695,840,824,-1,832,841,673,-1,673,841,842,-1,673,842,674,-1,674,842,843,-1,674,843,833,-1,767,844,722,-1,722,844,719,-1,722,719,720,-1,720,719,718,-1,321,844,845,-1,845,844,767,-1,845,767,846,-1,846,767,783,-1,846,783,679,-1,679,783,673,-1,679,673,678,-1,678,673,675,-1,847,671,848,-1,848,671,672,-1,848,672,849,-1,849,672,657,-1,849,657,850,-1,850,657,658,-1,850,658,851,-1,851,658,659,-1,851,659,852,-1,852,659,660,-1,852,660,853,-1,853,660,661,-1,853,661,854,-1,854,661,662,-1,854,662,855,-1,855,662,646,-1,855,646,856,-1,856,646,647,-1,856,647,857,-1,857,647,648,-1,857,648,858,-1,858,648,649,-1,858,649,859,-1,859,649,650,-1,859,650,860,-1,860,650,651,-1,860,651,861,-1,861,651,652,-1,861,652,862,-1,862,652,653,-1,862,653,863,-1,863,653,654,-1,847,864,671,-1,671,864,670,-1,865,655,866,-1,866,655,656,-1,866,656,867,-1,867,656,639,-1,867,639,868,-1,868,639,640,-1,868,640,869,-1,869,640,641,-1,869,641,870,-1,870,641,642,-1,870,642,871,-1,871,642,643,-1,871,643,872,-1,872,643,644,-1,872,644,873,-1,873,644,645,-1,873,645,874,-1,874,645,663,-1,874,663,875,-1,875,663,664,-1,875,664,876,-1,876,664,665,-1,876,665,877,-1,877,665,666,-1,877,666,878,-1,878,666,667,-1,878,667,879,-1,879,667,668,-1,879,668,880,-1,880,668,669,-1,880,669,864,-1,864,669,670,-1,865,863,655,-1,655,863,654,-1,881,873,882,-1,882,873,874,-1,882,874,883,-1,883,874,875,-1,883,875,884,-1,884,875,876,-1,884,876,885,-1,885,876,877,-1,885,877,886,-1,886,877,878,-1,886,878,887,-1,887,878,879,-1,887,879,888,-1,888,879,880,-1,888,880,889,-1,889,880,864,-1,889,864,890,-1,890,864,847,-1,890,847,891,-1,891,847,848,-1,891,848,892,-1,892,848,849,-1,892,849,893,-1,893,849,850,-1,893,850,894,-1,894,850,851,-1,894,851,895,-1,895,851,852,-1,895,852,896,-1,896,852,853,-1,896,853,897,-1,853,854,897,-1,897,854,855,-1,897,855,898,-1,898,855,856,-1,898,856,899,-1,899,856,857,-1,899,857,900,-1,900,857,858,-1,900,858,901,-1,901,858,859,-1,901,859,902,-1,902,859,860,-1,902,860,903,-1,903,860,861,-1,903,861,904,-1,904,861,862,-1,904,862,905,-1,905,862,863,-1,905,863,906,-1,906,863,865,-1,906,865,907,-1,907,865,866,-1,907,866,908,-1,908,866,867,-1,908,867,909,-1,909,867,868,-1,909,868,910,-1,910,868,869,-1,910,869,911,-1,911,869,870,-1,911,870,912,-1,912,870,871,-1,912,871,881,-1,881,871,872,-1,881,872,873,-1,913,914,915,-1,914,916,915,-1,915,916,917,-1,915,917,918,-1,919,920,921,-1,922,923,921,-1,924,925,926,-1,927,928,929,-1,929,928,930,-1,929,930,931,-1,913,915,932,-1,932,915,933,-1,932,933,921,-1,921,933,934,-1,921,934,935,-1,936,937,938,-1,935,939,921,-1,921,939,940,-1,921,940,941,-1,926,942,924,-1,924,942,943,-1,924,943,944,-1,944,943,945,-1,944,945,946,-1,946,945,941,-1,938,947,936,-1,936,947,948,-1,936,948,949,-1,949,948,950,-1,949,950,951,-1,945,952,941,-1,941,952,953,-1,941,953,921,-1,921,953,954,-1,921,954,922,-1,920,955,921,-1,921,955,956,-1,921,956,957,-1,921,958,959,-1,960,961,936,-1,917,962,918,-1,918,962,963,-1,918,963,964,-1,923,965,921,-1,921,965,927,-1,921,927,919,-1,919,927,929,-1,966,967,968,-1,968,967,969,-1,968,969,970,-1,951,971,949,-1,949,971,972,-1,949,972,973,-1,973,972,974,-1,973,974,975,-1,975,974,976,-1,975,976,977,-1,964,978,918,-1,918,978,979,-1,918,979,976,-1,976,979,980,-1,976,980,977,-1,981,982,983,-1,983,982,984,-1,985,986,987,-1,988,989,936,-1,936,989,990,-1,936,990,991,-1,924,992,925,-1,925,992,993,-1,925,993,994,-1,994,993,995,-1,959,996,921,-1,921,996,997,-1,921,997,998,-1,998,997,999,-1,998,999,1000,-1,1001,1002,1003,-1,1003,1002,985,-1,1003,985,1004,-1,1004,985,987,-1,1005,1006,985,-1,985,1006,1007,-1,985,1007,986,-1,1008,1009,1005,-1,1005,1009,1010,-1,1005,1010,1006,-1,1008,1005,1011,-1,1011,1005,1012,-1,1011,1012,936,-1,936,1012,1013,-1,936,1013,1014,-1,957,1015,921,-1,921,1015,983,-1,921,983,958,-1,958,983,984,-1,981,1016,982,-1,982,1016,1017,-1,982,1017,1018,-1,1018,1017,968,-1,1018,968,1019,-1,1019,968,970,-1,1014,1020,936,-1,936,1020,1021,-1,936,1021,967,-1,961,1022,936,-1,936,1022,1023,-1,936,1023,988,-1,988,1023,1024,-1,1024,1025,988,-1,988,1025,1026,-1,988,1026,1027,-1,991,1028,936,-1,936,1028,994,-1,936,994,937,-1,937,994,995,-1,1000,1029,998,-1,998,1029,1030,-1,998,1030,1031,-1,1031,1030,1032,-1,1031,1032,1033,-1,1033,1032,1002,-1,1033,1002,1034,-1,1034,1002,1001,-1,966,1035,967,-1,967,1035,1036,-1,967,1036,936,-1,936,1036,1037,-1,936,1037,960,-1,931,1038,929,-1,929,1038,1039,-1,929,1039,1027,-1,1027,1039,1040,-1,1027,1040,988,-1,890,936,889,-1,889,936,949,-1,921,906,907,-1,921,907,932,-1,932,907,908,-1,932,908,913,-1,913,908,909,-1,913,909,914,-1,914,909,910,-1,914,910,916,-1,916,910,911,-1,916,911,917,-1,917,911,912,-1,917,912,962,-1,962,912,881,-1,962,881,963,-1,963,881,882,-1,963,882,964,-1,964,882,883,-1,964,883,978,-1,978,883,884,-1,978,884,979,-1,979,884,885,-1,979,885,980,-1,980,885,886,-1,980,886,977,-1,977,886,887,-1,977,887,975,-1,975,887,888,-1,975,888,973,-1,973,888,889,-1,973,889,949,-1,906,921,905,-1,905,921,998,-1,936,890,891,-1,936,891,1011,-1,1011,891,892,-1,1011,892,1008,-1,1008,892,893,-1,1008,893,1009,-1,1009,893,894,-1,1009,894,1010,-1,1010,894,895,-1,1010,895,1006,-1,1006,895,896,-1,1006,896,1007,-1,1007,896,897,-1,1007,897,986,-1,986,897,898,-1,986,898,987,-1,987,898,899,-1,987,899,1004,-1,1004,899,900,-1,1004,900,1003,-1,1003,900,901,-1,1003,901,1001,-1,1001,901,902,-1,1001,902,1034,-1,1034,902,903,-1,1034,903,1033,-1,1033,903,904,-1,1033,904,1031,-1,1031,904,905,-1,1031,905,998,-1,1041,591,1042,-1,1042,591,596,-1,1042,596,694,-1,694,596,600,-1,698,592,1041,-1,1041,592,591,-1,698,1041,696,-1,696,1041,1042,-1,696,1042,694,-1,1043,1044,67,-1,67,1044,64,-1,1043,67,845,-1,845,67,321,-1,679,78,1044,-1,1044,78,64,-1,679,1044,846,-1,846,1044,1043,-1,846,1043,845,-1,
        ]
    }
}
Shape{
    appearance Appearance {
        material  Material 	{
            diffuseColor 0.6470588235294118 0.5176470588235295 0.0
            specularColor 0.45098039215686275 0.3607843137254902 0.0
            ambientIntensity 0.4973
            transparency 0.0
            shininess 0.5
        }
    }
    geometry IndexedFaceSet {
        ccw TRUE
        solid FALSE
        coord DEF co Coordinate {
            point [
                0.5306 0.0062 0.748, 0.7282 0.0592 0.8661, 0.5274 0.0139 0.748, 0.7046 0.1161 0.8661, 0.5224 0.0204 0.748, 0.667 0.1651 0.8661, 0.5158 0.0254 0.748, 0.6181 0.2026 0.8661, 0.5082 0.0286 0.748, 0.5611 0.2262 0.8661, 0.5 0.0297 0.748, 0.5 0.2343 0.8661, 0.4918 0.0286 0.748, 0.4389 0.2262 0.8661, 0.4842 0.0254 0.748, 0.3819 0.2026 0.8661, 0.4776 0.0204 0.748, 0.333 0.1651 0.8661, 0.4726 0.0139 0.748, 0.2954 0.1161 0.8661, 0.4694 0.0062 0.748, 0.2718 0.0592 0.8661, 0.4684 -0.002 0.748, 0.2638 -0.002 0.8661, 0.4694 -0.0102 0.748, 0.2718 -0.0631 0.8661, 0.4726 -0.0178 0.748, 0.2954 -0.1201 0.8661, 0.4776 -0.0243 0.748, 0.333 -0.169 0.8661, 0.4842 -0.0294 0.748, 0.3819 -0.2065 0.8661, 0.4918 -0.0325 0.748, 0.4389 -0.2301 0.8661, 0.5 -0.0336 0.748, 0.5 -0.2382 0.8661, 0.5082 -0.0325 0.748, 0.5611 -0.2301 0.8661, 0.5158 -0.0294 0.748, 0.6181 -0.2065 0.8661, 0.5224 -0.0243 0.748, 0.667 -0.169 0.8661, 0.5274 -0.0178 0.748, 0.7046 -0.1201 0.8661, 0.5306 -0.0102 0.748, 0.7282 -0.0631 0.8661, 0.5316 -0.002 0.748, 0.7362 -0.002 0.8661, 0.5 -0.002 0.748, -0.5306 -0.0102 0.748, -0.7282 -0.0631 0.8661, -0.5274 -0.0178 0.748, -0.7046 -0.1201 0.8661, -0.5224 -0.0243 0.748, -0.667 -0.169 0.8661, -0.5158 -0.0294 0.748, -0.6181 -0.2065 0.8661, -0.5082 -0.0325 0.748, -0.5611 -0.2301 0.8661, -0.5 -0.0336 0.748, -0.5 -0.2382 0.8661, -0.4918 -0.0325 0.748, -0.4389 -0.2301 0.8661, -0.4842 -0.0294 0.748, -0.3819 -0.2065 0.8661, -0.4776 -0.0243 0.748, -0.333 -0.169 0.8661, -0.4726 -0.0178 0.748, -0.2954 -0.1201 0.8661, -0.4694 -0.0102 0.748, -0.2718 -0.0631 0.8661, -0.4684 -0.002 0.748, -0.2638 -0.002 0.8661, -0.4694 0.0062 0.748, -0.2718 0.0592 0.8661, -0.4726 0.0139 0.748, -0.2954 0.1161 0.8661, -0.4776 0.0204 0.748, -0.333 0.1651 0.8661, -0.4842 0.0254 0.748, -0.3819 0.2026 0.8661, -0.4918 0.0286 0.748, -0.4389 0.2262 0.8661, -0.5 0.0297 0.748, -0.5 0.2343 0.8661, -0.5082 0.0286 0.748, -0.5611 0.2262 0.8661, -0.5158 0.0254 0.748, -0.6181 0.2026 0.8661, -0.5224 0.0204 0.748, -0.667 0.1651 0.8661, -0.5274 0.0139 0.748, -0.7046 0.1161 0.8661, -0.5306 0.0062 0.748, -0.7282 0.0592 0.8661, -0.5316 -0.002 0.748, -0.7362 -0.002 0.8661, -0.5 -0.002 0.748, -1.5306 -0.0102 0.748, -1.7282 -0.0631 0.8661, -1.5274 -0.0178 0.748, -1.7046 -0.1201 0.8661, -1.5224 -0.0243 0.748, -1.667 -0.169 0.8661, -1.5158 -0.0294 0.748, -1.6181 -0.2065 0.8661, -1.5082 -0.0325 0.748, -1.5611 -0.2301 0.8661, -1.5 -0.0336 0.748, -1.5 -0.2382 0.8661, -1.4918 -0.0325 0.748, -1.4389 -0.2301 0.8661, -1.4842 -0.0294 0.748, -1.3819 -0.2065 0.8661, -1.4776 -0.0243 0.748, -1.333 -0.169 0.8661, -1.4726 -0.0178 0.748, -1.2954 -0.1201 0.8661, -1.4694 -0.0102 0.748, -1.2718 -0.0631 0.8661, -1.4684 -0.002 0.748, -1.2638 -0.002 0.8661, -1.4694 0.0062 0.748, -1.2718 0.0592 0.8661, -1.4726 0.0139 0.748, -1.2954 0.1161 0.8661, -1.4776 0.0204 0.748, -1.333 0.1651 0.8661, -1.4842 0.0254 0.748, -1.3819 0.2026 0.8661, -1.4918 0.0286 0.748, -1.4389 0.2262 0.8661, -1.5 0.0297 0.748, -1.5 0.2343 0.8661, -1.5082 0.0286 0.748, -1.5611 0.2262 0.8661, -1.5158 0.0254 0.748, -1.6181 0.2026 0.8661, -1.5224 0.0204 0.748, -1.667 0.1651 0.8661, -1.5274 0.0139 0.748, -1.7046 0.1161 0.8661, -1.5306 0.0062 0.748, -1.7282 0.0592 0.8661, -1.5316 -0.002 0.748, -1.7362 -0.002 0.8661, -1.5 -0.002 0.748, 1.5306 0.0062 0.748, 1.7282 0.0592 0.8661, 1.5274 0.0139 0.748, 1.7046 0.1161 0.8661, 1.5224 0.0204 0.748, 1.667 0.1651 0.8661, 1.5158 0.0254 0.748, 1.6181 0.2026 0.8661, 1.5082 0.0286 0.748, 1.5611 0.2262 0.8661, 1.5 0.0297 0.748, 1.5 0.2343 0.8661, 1.4918 0.0286 0.748, 1.4389 0.2262 0.8661, 1.4842 0.0254 0.748, 1.3819 0.2026 0.8661, 1.4776 0.0204 0.748, 1.333 0.1651 0.8661, 1.4726 0.0139 0.748, 1.2954 0.1161 0.8661, 1.4694 0.0062 0.748, 1.2718 0.0592 0.8661, 1.4684 -0.002 0.748, 1.2638 -0.002 0.8661, 1.4694 -0.0102 0.748, 1.2718 -0.0631 0.8661, 1.4726 -0.0178 0.748, 1.2954 -0.1201 0.8661, 1.4776 -0.0243 0.748, 1.333 -0.169 0.8661, 1.4842 -0.0294 0.748, 1.3819 -0.2065 0.8661, 1.4918 -0.0325 0.748, 1.4389 -0.2301 0.8661, 1.5 -0.0336 0.748, 1.5 -0.2382 0.8661, 1.5082 -0.0325 0.748, 1.5611 -0.2301 0.8661, 1.5158 -0.0294 0.748, 1.6181 -0.2065 0.8661, 1.5224 -0.0243 0.748, 1.667 -0.169 0.8661, 1.5274 -0.0178 0.748, 1.7046 -0.1201 0.8661, 1.5306 -0.0102 0.748, 1.7282 -0.0631 0.8661, 1.5316 -0.002 0.748, 1.7362 -0.002 0.8661, 1.5 -0.002 0.748, 1.815 -0.002 0.0787, 1.8042 0.0795 0.0394, 1.8042 0.0795 0.0787, 1.7728 0.1555 0.0394, 1.7728 0.1555 0.0787, 1.7227 0.2207 0.0394, 1.7227 0.2207 0.0787, 1.6575 0.2708 0.0394, 1.6575 0.2708 0.0787, 1.5815 0.3023 0.0394, 1.5815 0.3023 0.0787, 1.5 0.313 0.0394, 1.5 0.313 0.0787, 1.4185 0.3023 0.0394, 1.4185 0.3023 0.0787, 1.3425 0.2708 0.0394, 1.3425 0.2708 0.0787, 1.2773 0.2207 0.0394, 1.2773 0.2207 0.0787, 1.2272 0.1555 0.0394, 1.2272 0.1555 0.0787, 1.1958 0.0795 0.0394, 1.1958 0.0795 0.0787, 1.185 -0.002 0.0394, 1.185 -0.002 0.0787, 1.1958 -0.0835 0.0394, 1.1958 -0.0835 0.0787, 1.2272 -0.1594 0.0394, 1.2272 -0.1594 0.0787, 1.2773 -0.2247 0.0394, 1.2773 -0.2247 0.0787, 1.3425 -0.2747 0.0394, 1.3425 -0.2747 0.0787, 1.4185 -0.3062 0.0394, 1.4185 -0.3062 0.0787, 1.5 -0.3169 0.0394, 1.5 -0.3169 0.0787, 1.5815 -0.3062 0.0394, 1.5815 -0.3062 0.0787, 1.6575 -0.2747 0.0394, 1.6575 -0.2747 0.0787, 1.7227 -0.2247 0.0394, 1.7227 -0.2247 0.0787, 1.7728 -0.1594 0.0394, 1.7728 -0.1594 0.0787, 1.8042 -0.0835 0.0394, 1.8042 -0.0835 0.0787, 1.815 -0.002 0.0394, 1.5 -0.002 0.0394, 0.815 -0.002 0.0787, 0.8042 0.0795 0.0394, 0.8042 0.0795 0.0787, 0.7728 0.1555 0.0394, 0.7728 0.1555 0.0787, 0.7227 0.2207 0.0394, 0.7227 0.2207 0.0787, 0.6575 0.2708 0.0394, 0.6575 0.2708 0.0787, 0.5815 0.3023 0.0394, 0.5815 0.3023 0.0787, 0.5 0.313 0.0394, 0.5 0.313 0.0787, 0.4185 0.3023 0.0394, 0.4185 0.3023 0.0787, 0.3425 0.2708 0.0394, 0.3425 0.2708 0.0787, 0.2773 0.2207 0.0394, 0.2773 0.2207 0.0787, 0.2272 0.1555 0.0394, 0.2272 0.1555 0.0787, 0.1958 0.0795 0.0394, 0.1958 0.0795 0.0787, 0.185 -0.002 0.0394, 0.185 -0.002 0.0787, 0.1958 -0.0835 0.0394, 0.1958 -0.0835 0.0787, 0.2272 -0.1594 0.0394, 0.2272 -0.1594 0.0787, 0.2773 -0.2247 0.0394, 0.2773 -0.2247 0.0787, 0.3425 -0.2747 0.0394, 0.3425 -0.2747 0.0787, 0.4185 -0.3062 0.0394, 0.4185 -0.3062 0.0787, 0.5 -0.3169 0.0394, 0.5 -0.3169 0.0787, 0.5815 -0.3062 0.0394, 0.5815 -0.3062 0.0787, 0.6575 -0.2747 0.0394, 0.6575 -0.2747 0.0787, 0.7227 -0.2247 0.0394, 0.7227 -0.2247 0.0787, 0.7728 -0.1594 0.0394, 0.7728 -0.1594 0.0787, 0.8042 -0.0835 0.0394, 0.8042 -0.0835 0.0787, 0.815 -0.002 0.0394, 0.5 -0.002 0.0394, -0.185 -0.002 0.0787, -0.1958 0.0795 0.0394, -0.1958 0.0795 0.0787, -0.2272 0.1555 0.0394, -0.2272 0.1555 0.0787, -0.2773 0.2207 0.0394, -0.2773 0.2207 0.0787, -0.3425 0.2708 0.0394, -0.3425 0.2708 0.0787, -0.4185 0.3023 0.0394, -0.4185 0.3023 0.0787, -0.5 0.313 0.0394, -0.5 0.313 0.0787, -0.5815 0.3023 0.0394, -0.5815 0.3023 0.0787, -0.6575 0.2708 0.0394, -0.6575 0.2708 0.0787, -0.7227 0.2207 0.0394, -0.7227 0.2207 0.0787, -0.7728 0.1555 0.0394, -0.7728 0.1555 0.0787, -0.8042 0.0795 0.0394, -0.8042 0.0795 0.0787, -0.815 -0.002 0.0394, -0.815 -0.002 0.0787, -0.8042 -0.0835 0.0394, -0.8042 -0.0835 0.0787, -0.7728 -0.1594 0.0394, -0.7728 -0.1594 0.0787, -0.7227 -0.2247 0.0394, -0.7227 -0.2247 0.0787, -0.6575 -0.2747 0.0394, -0.6575 -0.2747 0.0787, -0.5815 -0.3062 0.0394, -0.5815 -0.3062 0.0787, -0.5 -0.3169 0.0394, -0.5 -0.3169 0.0787, -0.4185 -0.3062 0.0394, -0.4185 -0.3062 0.0787, -0.3425 -0.2747 0.0394, -0.3425 -0.2747 0.0787, -0.2773 -0.2247 0.0394, -0.2773 -0.2247 0.0787, -0.2272 -0.1594 0.0394, -0.2272 -0.1594 0.0787, -0.1958 -0.0835 0.0394, -0.1958 -0.0835 0.0787, -0.185 -0.002 0.0394, -0.5 -0.002 0.0394, -1.185 -0.002 0.0787, -1.1958 0.0795 0.0394, -1.1958 0.0795 0.0787, -1.2272 0.1555 0.0394, -1.2272 0.1555 0.0787, -1.2773 0.2207 0.0394, -1.2773 0.2207 0.0787, -1.3425 0.2708 0.0394, -1.3425 0.2708 0.0787, -1.4185 0.3023 0.0394, -1.4185 0.3023 0.0787, -1.5 0.313 0.0394, -1.5 0.313 0.0787, -1.5815 0.3023 0.0394, -1.5815 0.3023 0.0787, -1.6575 0.2708 0.0394, -1.6575 0.2708 0.0787, -1.7227 0.2207 0.0394, -1.7227 0.2207 0.0787, -1.7728 0.1555 0.0394, -1.7728 0.1555 0.0787, -1.8042 0.0795 0.0394, -1.8042 0.0795 0.0787, -1.815 -0.002 0.0394, -1.815 -0.002 0.0787, -1.8042 -0.0835 0.0394, -1.8042 -0.0835 0.0787, -1.7728 -0.1594 0.0394, -1.7728 -0.1594 0.0787, -1.7227 -0.2247 0.0394, -1.7227 -0.2247 0.0787, -1.6575 -0.2747 0.0394, -1.6575 -0.2747 0.0787, -1.5815 -0.3062 0.0394, -1.5815 -0.3062 0.0787, -1.5 -0.3169 0.0394, -1.5 -0.3169 0.0787, -1.4185 -0.3062 0.0394, -1.4185 -0.3062 0.0787, -1.3425 -0.2747 0.0394, -1.3425 -0.2747 0.0787, -1.2773 -0.2247 0.0394, -1.2773 -0.2247 0.0787, -1.2272 -0.1594 0.0394, -1.2272 -0.1594 0.0787, -1.1958 -0.0835 0.0394, -1.1958 -0.0835 0.0787, -1.185 -0.002 0.0394, -1.5 -0.002 0.0394
            ]
        }
        coordIndex [
            0,1,2,-1,2,1,3,-1,2,3,4,-1,4,3,5,-1,4,5,6,-1,6,5,7,-1,6,7,8,-1,8,7,9,-1,8,9,10,-1,10,9,11,-1,10,11,12,-1,12,11,13,-1,12,13,14,-1,14,13,15,-1,14,15,16,-1,16,15,17,-1,16,17,18,-1,18,17,19,-1,18,19,20,-1,20,19,21,-1,20,21,22,-1,22,21,23,-1,22,23,24,-1,24,23,25,-1,24,25,26,-1,26,25,27,-1,26,27,28,-1,28,27,29,-1,28,29,30,-1,30,29,31,-1,30,31,32,-1,32,31,33,-1,32,33,34,-1,34,33,35,-1,34,35,36,-1,36,35,37,-1,36,37,38,-1,38,37,39,-1,38,39,40,-1,40,39,41,-1,40,41,42,-1,42,41,43,-1,42,43,44,-1,44,43,45,-1,44,45,46,-1,46,45,47,-1,46,47,0,-1,0,47,1,-1,42,44,48,-1,48,44,46,-1,48,46,0,-1,36,38,48,-1,48,38,40,-1,48,40,42,-1,30,32,48,-1,48,32,34,-1,48,34,36,-1,24,26,48,-1,48,26,28,-1,48,28,30,-1,18,20,48,-1,48,20,22,-1,48,22,24,-1,12,14,48,-1,48,14,16,-1,48,16,18,-1,6,8,48,-1,48,8,10,-1,48,10,12,-1,0,2,48,-1,48,2,4,-1,48,4,6,-1,49,50,51,-1,51,50,52,-1,51,52,53,-1,53,52,54,-1,53,54,55,-1,55,54,56,-1,55,56,57,-1,57,56,58,-1,57,58,59,-1,59,58,60,-1,59,60,61,-1,61,60,62,-1,61,62,63,-1,63,62,64,-1,63,64,65,-1,65,64,66,-1,65,66,67,-1,67,66,68,-1,67,68,69,-1,69,68,70,-1,69,70,71,-1,71,70,72,-1,71,72,73,-1,73,72,74,-1,73,74,75,-1,75,74,76,-1,75,76,77,-1,77,76,78,-1,77,78,79,-1,79,78,80,-1,79,80,81,-1,81,80,82,-1,81,82,83,-1,83,82,84,-1,83,84,85,-1,85,84,86,-1,85,86,87,-1,87,86,88,-1,87,88,89,-1,89,88,90,-1,89,90,91,-1,91,90,92,-1,91,92,93,-1,93,92,94,-1,93,94,95,-1,95,94,96,-1,95,96,49,-1,49,96,50,-1,91,93,97,-1,97,93,95,-1,97,95,49,-1,85,87,97,-1,97,87,89,-1,97,89,91,-1,79,81,97,-1,97,81,83,-1,97,83,85,-1,73,75,97,-1,97,75,77,-1,97,77,79,-1,67,69,97,-1,97,69,71,-1,97,71,73,-1,61,63,97,-1,97,63,65,-1,97,65,67,-1,55,57,97,-1,97,57,59,-1,97,59,61,-1,49,51,97,-1,97,51,53,-1,97,53,55,-1,98,99,100,-1,100,99,101,-1,100,101,102,-1,102,101,103,-1,102,103,104,-1,104,103,105,-1,104,105,106,-1,106,105,107,-1,106,107,108,-1,108,107,109,-1,108,109,110,-1,110,109,111,-1,110,111,112,-1,112,111,113,-1,112,113,114,-1,114,113,115,-1,114,115,116,-1,116,115,117,-1,116,117,118,-1,118,117,119,-1,118,119,120,-1,120,119,121,-1,120,121,122,-1,122,121,123,-1,122,123,124,-1,124,123,125,-1,124,125,126,-1,126,125,127,-1,126,127,128,-1,128,127,129,-1,128,129,130,-1,130,129,131,-1,130,131,132,-1,132,131,133,-1,132,133,134,-1,134,133,135,-1,134,135,136,-1,136,135,137,-1,136,137,138,-1,138,137,139,-1,138,139,140,-1,140,139,141,-1,140,141,142,-1,142,141,143,-1,142,143,144,-1,144,143,145,-1,144,145,98,-1,98,145,99,-1,140,142,146,-1,146,142,144,-1,146,144,98,-1,134,136,146,-1,146,136,138,-1,146,138,140,-1,128,130,146,-1,146,130,132,-1,146,132,134,-1,122,124,146,-1,146,124,126,-1,146,126,128,-1,116,118,146,-1,146,118,120,-1,146,120,122,-1,110,112,146,-1,146,112,114,-1,146,114,116,-1,104,106,146,-1,146,106,108,-1,146,108,110,-1,98,100,146,-1,146,100,102,-1,146,102,104,-1,147,148,149,-1,149,148,150,-1,149,150,151,-1,151,150,152,-1,151,152,153,-1,153,152,154,-1,153,154,155,-1,155,154,156,-1,155,156,157,-1,157,156,158,-1,157,158,159,-1,159,158,160,-1,159,160,161,-1,161,160,162,-1,161,162,163,-1,163,162,164,-1,163,164,165,-1,165,164,166,-1,165,166,167,-1,167,166,168,-1,167,168,169,-1,169,168,170,-1,169,170,171,-1,171,170,172,-1,171,172,173,-1,173,172,174,-1,173,174,175,-1,175,174,176,-1,175,176,177,-1,177,176,178,-1,177,178,179,-1,179,178,180,-1,179,180,181,-1,181,180,182,-1,181,182,183,-1,183,182,184,-1,183,184,185,-1,185,184,186,-1,185,186,187,-1,187,186,188,-1,187,188,189,-1,189,188,190,-1,189,190,191,-1,191,190,192,-1,191,192,193,-1,193,192,194,-1,193,194,147,-1,147,194,148,-1,189,191,195,-1,195,191,193,-1,195,193,147,-1,183,185,195,-1,195,185,187,-1,195,187,189,-1,177,179,195,-1,195,179,181,-1,195,181,183,-1,171,173,195,-1,195,173,175,-1,195,175,177,-1,165,167,195,-1,195,167,169,-1,195,169,171,-1,159,161,195,-1,195,161,163,-1,195,163,165,-1,153,155,195,-1,195,155,157,-1,195,157,159,-1,147,149,195,-1,195,149,151,-1,195,151,153,-1,196,197,198,-1,198,197,199,-1,198,199,200,-1,200,199,201,-1,200,201,202,-1,202,201,203,-1,202,203,204,-1,204,203,205,-1,204,205,206,-1,206,205,207,-1,206,207,208,-1,208,207,209,-1,208,209,210,-1,210,209,211,-1,210,211,212,-1,212,211,213,-1,212,213,214,-1,214,213,215,-1,214,215,216,-1,216,215,217,-1,216,217,218,-1,218,217,219,-1,218,219,220,-1,220,219,221,-1,220,221,222,-1,222,221,223,-1,222,223,224,-1,224,223,225,-1,224,225,226,-1,226,225,227,-1,226,227,228,-1,228,227,229,-1,228,229,230,-1,230,229,231,-1,230,231,232,-1,232,231,233,-1,232,233,234,-1,234,233,235,-1,234,235,236,-1,236,235,237,-1,236,237,238,-1,238,237,239,-1,238,239,240,-1,240,239,241,-1,240,241,242,-1,242,241,243,-1,242,243,196,-1,196,243,197,-1,223,221,244,-1,244,221,219,-1,244,219,217,-1,229,227,244,-1,244,227,225,-1,244,225,223,-1,235,233,244,-1,244,233,231,-1,244,231,229,-1,241,239,244,-1,244,239,237,-1,244,237,235,-1,199,197,244,-1,244,197,243,-1,244,243,241,-1,205,203,244,-1,244,203,201,-1,244,201,199,-1,211,209,244,-1,244,209,207,-1,244,207,205,-1,217,215,244,-1,244,215,213,-1,244,213,211,-1,245,246,247,-1,247,246,248,-1,247,248,249,-1,249,248,250,-1,249,250,251,-1,251,250,252,-1,251,252,253,-1,253,252,254,-1,253,254,255,-1,255,254,256,-1,255,256,257,-1,257,256,258,-1,257,258,259,-1,259,258,260,-1,259,260,261,-1,261,260,262,-1,261,262,263,-1,263,262,264,-1,263,264,265,-1,265,264,266,-1,265,266,267,-1,267,266,268,-1,267,268,269,-1,269,268,270,-1,269,270,271,-1,271,270,272,-1,271,272,273,-1,273,272,274,-1,273,274,275,-1,275,274,276,-1,275,276,277,-1,277,276,278,-1,277,278,279,-1,279,278,280,-1,279,280,281,-1,281,280,282,-1,281,282,283,-1,283,282,284,-1,283,284,285,-1,285,284,286,-1,285,286,287,-1,287,286,288,-1,287,288,289,-1,289,288,290,-1,289,290,291,-1,291,290,292,-1,291,292,245,-1,245,292,246,-1,272,270,293,-1,293,270,268,-1,293,268,266,-1,278,276,293,-1,293,276,274,-1,293,274,272,-1,284,282,293,-1,293,282,280,-1,293,280,278,-1,290,288,293,-1,293,288,286,-1,293,286,284,-1,248,246,293,-1,293,246,292,-1,293,292,290,-1,254,252,293,-1,293,252,250,-1,293,250,248,-1,260,258,293,-1,293,258,256,-1,293,256,254,-1,266,264,293,-1,293,264,262,-1,293,262,260,-1,294,295,296,-1,296,295,297,-1,296,297,298,-1,298,297,299,-1,298,299,300,-1,300,299,301,-1,300,301,302,-1,302,301,303,-1,302,303,304,-1,304,303,305,-1,304,305,306,-1,306,305,307,-1,306,307,308,-1,308,307,309,-1,308,309,310,-1,310,309,311,-1,310,311,312,-1,312,311,313,-1,312,313,314,-1,314,313,315,-1,314,315,316,-1,316,315,317,-1,316,317,318,-1,318,317,319,-1,318,319,320,-1,320,319,321,-1,320,321,322,-1,322,321,323,-1,322,323,324,-1,324,323,325,-1,324,325,326,-1,326,325,327,-1,326,327,328,-1,328,327,329,-1,328,329,330,-1,330,329,331,-1,330,331,332,-1,332,331,333,-1,332,333,334,-1,334,333,335,-1,334,335,336,-1,336,335,337,-1,336,337,338,-1,338,337,339,-1,338,339,340,-1,340,339,341,-1,340,341,294,-1,294,341,295,-1,321,319,342,-1,342,319,317,-1,342,317,315,-1,327,325,342,-1,342,325,323,-1,342,323,321,-1,333,331,342,-1,342,331,329,-1,342,329,327,-1,339,337,342,-1,342,337,335,-1,342,335,333,-1,297,295,342,-1,342,295,341,-1,342,341,339,-1,303,301,342,-1,342,301,299,-1,342,299,297,-1,309,307,342,-1,342,307,305,-1,342,305,303,-1,315,313,342,-1,342,313,311,-1,342,311,309,-1,343,344,345,-1,345,344,346,-1,345,346,347,-1,347,346,348,-1,347,348,349,-1,349,348,350,-1,349,350,351,-1,351,350,352,-1,351,352,353,-1,353,352,354,-1,353,354,355,-1,355,354,356,-1,355,356,357,-1,357,356,358,-1,357,358,359,-1,359,358,360,-1,359,360,361,-1,361,360,362,-1,361,362,363,-1,363,362,364,-1,363,364,365,-1,365,364,366,-1,365,366,367,-1,367,366,368,-1,367,368,369,-1,369,368,370,-1,369,370,371,-1,371,370,372,-1,371,372,373,-1,373,372,374,-1,373,374,375,-1,375,374,376,-1,375,376,377,-1,377,376,378,-1,377,378,379,-1,379,378,380,-1,379,380,381,-1,381,380,382,-1,381,382,383,-1,383,382,384,-1,383,384,385,-1,385,384,386,-1,385,386,387,-1,387,386,388,-1,387,388,389,-1,389,388,390,-1,389,390,343,-1,343,390,344,-1,370,368,391,-1,391,368,366,-1,391,366,364,-1,376,374,391,-1,391,374,372,-1,391,372,370,-1,382,380,391,-1,391,380,378,-1,391,378,376,-1,388,386,391,-1,391,386,384,-1,391,384,382,-1,346,344,391,-1,391,344,390,-1,391,390,388,-1,352,350,391,-1,391,350,348,-1,391,348,346,-1,358,356,391,-1,391,356,354,-1,391,354,352,-1,364,362,391,-1,391,362,360,-1,391,360,358,-1,
        ]
    }
}
Shape{
    appearance Appearance {
        material  Material 	{
            diffuseColor 1.0 1.0 1.0
            specularColor 0.5019607843137255 0.5019607843137255 0.5019607843137255
            ambientIntensity 1.0
            transparency 0.0
            shininess 0.5
        }
    }
    geometry IndexedFaceSet {
        ccw TRUE
        solid FALSE
        coord DEF co Coordinate {
            point [
                3.4444 -0.1548 0.0787, 3.3854 -0.2972 0.0787, 3.4196 -0.228 0.0394, 3.2916 -0.4196 0.0394, 3.365 -0.3301 0.0394, 3.3832 -0.2961 0.0394, 3.2916 -0.4196 0.0787, 3.2458 -0.4547 0.0787, 3.2021 -0.493 0.0394, 3.1693 -0.5134 0.0787, 3.1681 -0.5112 0.0394, 3.1 -0.5476 0.0394, 3.0269 -0.5724 0.0787, 3.0261 -0.57 0.0394, 2.7212 -0.5724 0.0787, 2.7588 -0.5812 0.0394, 2.874 -0.5925 0.0787, 2.874 -0.5925 0.0394, 2.9892 -0.5812 0.0394, 2.5787 -0.5134 0.0787, 2.648 -0.5476 0.0394, 2.7219 -0.57 0.0394, 2.4564 -0.4196 0.0394, 2.5459 -0.493 0.0394, 2.5799 -0.5112 0.0394, 2.5023 -0.4547 0.0787, 2.4564 -0.4196 0.0787, 2.383 -0.3301 0.0394, 2.3626 -0.2972 0.0787, 2.2948 -0.1172 0.0394, 2.306 -0.1541 0.0394, 2.3036 -0.1548 0.0787, 2.3284 -0.228 0.0394, 2.3648 -0.2961 0.0394, 2.2835 -0.002 0.0394, 2.2835 -0.002 0.0787, 2.2948 0.1132 0.0394, 2.3036 0.1509 0.0787, 2.306 0.1501 0.0394, 2.4564 0.4156 0.0394, 2.383 0.3261 0.0394, 2.3626 0.2933 0.0787, 2.3648 0.2921 0.0394, 2.3284 0.224 0.0394, 2.4564 0.4156 0.0787, 2.5023 0.4508 0.0787, 2.5459 0.4891 0.0394, 2.5787 0.5095 0.0787, 2.5799 0.5072 0.0394, 2.7212 0.5685 0.0787, 2.7219 0.566 0.0394, 2.648 0.5436 0.0394, 3.0269 0.5685 0.0787, 2.9892 0.5772 0.0394, 2.874 0.5886 0.0787, 2.874 0.5886 0.0394, 2.7588 0.5772 0.0394, 3.1693 0.5095 0.0787, 3.1 0.5436 0.0394, 3.0261 0.566 0.0394, 3.2916 0.4156 0.0394, 3.2021 0.4891 0.0394, 3.1681 0.5072 0.0394, 3.2458 0.4508 0.0787, 3.2916 0.4156 0.0787, 3.365 0.3261 0.0394, 3.3854 0.2933 0.0787, 3.3832 0.2921 0.0394, 3.4196 0.224 0.0394, 3.4444 0.1509 0.0787, 3.442 0.1501 0.0394, 3.442 -0.1541 0.0394, 3.4532 -0.1172 0.0394, 3.4646 -0.002 0.0787, 3.4646 -0.002 0.0394, 3.4532 0.1132 0.0394, 2.3228 -0.002 0.0, 2.3334 0.1056 0.0, 2.874 -0.002 0.0, 2.3334 -0.1095 0.0, 2.4843 -0.3917 0.0, 2.4157 -0.3082 0.0, 2.3648 -0.2129 0.0, 2.7665 -0.5426 0.0, 2.6631 -0.5112 0.0, 2.5678 -0.4603 0.0, 3.0849 -0.5112 0.0, 2.9815 -0.5426 0.0, 2.874 -0.5531 0.0, 3.3323 -0.3082 0.0, 3.2638 -0.3917 0.0, 3.1802 -0.4603 0.0, 3.4252 -0.002 0.0, 3.4146 -0.1095 0.0, 3.3832 -0.2129 0.0, 3.3323 0.3043 0.0, 3.3832 0.209 0.0, 3.4146 0.1056 0.0, 3.0849 0.5073 0.0, 3.1802 0.4563 0.0, 3.2638 0.3878 0.0, 2.7665 0.5386 0.0, 2.874 0.5492 0.0, 2.9815 0.5386 0.0, 2.4843 0.3878 0.0, 2.5678 0.4563 0.0, 2.6631 0.5073 0.0, 2.3648 0.209 0.0, 2.4157 0.3043 0.0, -2.9892 0.5772 0.0394, -3.0261 0.566 0.0394, -3.0269 0.5685 0.0787, -3.4532 -0.1172 0.0394, -3.442 -0.1541 0.0394, -3.4444 -0.1548 0.0787, -2.7588 -0.5812 0.0394, -2.7219 -0.57 0.0394, -2.7212 -0.5724 0.0787, -2.3284 -0.228 0.0394, -2.3036 -0.1548 0.0787, -2.3648 -0.2961 0.0394, -2.3626 -0.2972 0.0787, -2.383 -0.3301 0.0394, -2.4564 -0.4196 0.0394, -2.4564 -0.4196 0.0787, -2.5023 -0.4547 0.0787, -2.5459 -0.493 0.0394, -2.5787 -0.5134 0.0787, -2.5799 -0.5112 0.0394, -2.648 -0.5476 0.0394, -2.874 -0.5925 0.0394, -2.874 -0.5925 0.0787, -2.9892 -0.5812 0.0394, -3.0269 -0.5724 0.0787, -3.0261 -0.57 0.0394, -3.2916 -0.4196 0.0394, -3.2021 -0.493 0.0394, -3.1693 -0.5134 0.0787, -3.1681 -0.5112 0.0394, -3.1 -0.5476 0.0394, -3.2458 -0.4547 0.0787, -3.2916 -0.4196 0.0787, -3.365 -0.3301 0.0394, -3.3854 -0.2972 0.0787, -3.3832 -0.2961 0.0394, -3.4196 -0.228 0.0394, -3.4646 -0.002 0.0394, -3.4646 -0.002 0.0787, -3.4532 0.1132 0.0394, -3.4444 0.1509 0.0787, -3.442 0.1501 0.0394, -3.2916 0.4156 0.0394, -3.365 0.3261 0.0394, -3.3854 0.2933 0.0787, -3.3832 0.2921 0.0394, -3.4196 0.224 0.0394, -3.2916 0.4156 0.0787, -3.2458 0.4508 0.0787, -3.2021 0.4891 0.0394, -3.1693 0.5095 0.0787, -3.1681 0.5072 0.0394, -3.1 0.5436 0.0394, -2.874 0.5886 0.0394, -2.874 0.5886 0.0787, -2.7588 0.5772 0.0394, -2.7212 0.5685 0.0787, -2.7219 0.566 0.0394, -2.4564 0.4156 0.0394, -2.5459 0.4891 0.0394, -2.5787 0.5095 0.0787, -2.5799 0.5072 0.0394, -2.648 0.5436 0.0394, -2.5023 0.4508 0.0787, -2.4564 0.4156 0.0787, -2.383 0.3261 0.0394, -2.3626 0.2933 0.0787, -2.3648 0.2921 0.0394, -2.3284 0.224 0.0394, -2.3036 0.1509 0.0787, -2.306 0.1501 0.0394, -2.306 -0.1541 0.0394, -2.2948 -0.1172 0.0394, -2.2835 -0.002 0.0787, -2.2835 -0.002 0.0394, -2.2948 0.1132 0.0394, -2.3228 -0.002 0.0, -2.3334 -0.1095 0.0, -2.874 -0.002 0.0, -2.3334 0.1056 0.0, -2.4843 0.3878 0.0, -2.4157 0.3043 0.0, -2.3648 0.209 0.0, -2.7665 0.5386 0.0, -2.6631 0.5073 0.0, -2.5678 0.4563 0.0, -3.0849 0.5073 0.0, -2.9815 0.5386 0.0, -2.874 0.5492 0.0, -3.3323 0.3043 0.0, -3.2638 0.3878 0.0, -3.1802 0.4563 0.0, -3.4252 -0.002 0.0, -3.4146 0.1056 0.0, -3.3832 0.209 0.0, -3.3323 -0.3082 0.0, -3.3832 -0.2129 0.0, -3.4146 -0.1095 0.0, -3.0849 -0.5112 0.0, -3.1802 -0.4603 0.0, -3.2638 -0.3917 0.0, -2.7665 -0.5426 0.0, -2.874 -0.5531 0.0, -2.9815 -0.5426 0.0, -2.4843 -0.3917 0.0, -2.5678 -0.4603 0.0, -2.6631 -0.5112 0.0, -2.3648 -0.2129 0.0, -2.4157 -0.3082 0.0, 2.3297 0.2235 0.0292, 2.3841 0.3254 0.0292, 2.6485 0.5424 0.0292, 2.7591 0.5759 0.0292, 3.0995 0.5424 0.0292, 3.2014 0.4879 0.0292, 3.4184 0.2235 0.0292, 3.4519 0.113 0.0292, 3.4184 -0.2274 0.0292, 3.3639 -0.3293 0.0292, 3.0995 -0.5463 0.0292, 2.989 -0.5799 0.0292, 2.6485 -0.5463 0.0292, 2.5467 -0.4919 0.0292, 2.3297 -0.2274 0.0292, 2.2961 -0.1169 0.0292, 2.3126 -0.002 0.0013, 2.3234 -0.1115 0.0013, 2.3031 -0.002 0.0053, 2.3141 -0.1133 0.0053, 2.295 -0.002 0.0115, 2.3061 -0.1149 0.0115, 2.2887 -0.002 0.0197, 2.3 -0.1162 0.0197, 2.2848 -0.002 0.0292, 2.3554 -0.2168 0.0013, 2.3466 -0.2204 0.0053, 2.3391 -0.2235 0.0115, 2.3333 -0.2259 0.0197, 2.3841 -0.3293 0.0292, 2.3874 -0.3271 0.0197, 2.3926 -0.3237 0.0115, 2.3994 -0.3191 0.0053, 2.4073 -0.3138 0.0013, 2.4771 -0.3989 0.0013, 2.4704 -0.4056 0.0053, 2.4646 -0.4114 0.0115, 2.4602 -0.4158 0.0197, 2.4574 -0.4186 0.0292, 2.5621 -0.4687 0.0013, 2.5569 -0.4766 0.0053, 2.5523 -0.4834 0.0115, 2.5489 -0.4886 0.0197, 2.6592 -0.5206 0.0013, 2.6556 -0.5294 0.0053, 2.6524 -0.5369 0.0115, 2.65 -0.5427 0.0197, 2.7591 -0.5799 0.0292, 2.7598 -0.576 0.0197, 2.7611 -0.5699 0.0115, 2.7626 -0.5619 0.0053, 2.7645 -0.5526 0.0013, 2.874 -0.5633 0.0013, 2.874 -0.5728 0.0053, 2.874 -0.581 0.0115, 2.874 -0.5872 0.0197, 2.874 -0.5912 0.0292, 2.9835 -0.5526 0.0013, 2.9854 -0.5619 0.0053, 2.987 -0.5699 0.0115, 2.9882 -0.576 0.0197, 3.0888 -0.5206 0.0013, 3.0925 -0.5294 0.0053, 3.0956 -0.5369 0.0115, 3.098 -0.5427 0.0197, 3.2014 -0.4919 0.0292, 3.1992 -0.4886 0.0197, 3.1957 -0.4834 0.0115, 3.1912 -0.4766 0.0053, 3.1859 -0.4687 0.0013, 3.271 -0.3989 0.0013, 3.2777 -0.4056 0.0053, 3.2834 -0.4114 0.0115, 3.2879 -0.4158 0.0197, 3.2906 -0.4186 0.0292, 3.3408 -0.3138 0.0013, 3.3487 -0.3191 0.0053, 3.3555 -0.3237 0.0115, 3.3607 -0.3271 0.0197, 3.3927 -0.2168 0.0013, 3.4014 -0.2204 0.0053, 3.409 -0.2235 0.0115, 3.4147 -0.2259 0.0197, 3.4519 -0.1169 0.0292, 3.448 -0.1162 0.0197, 3.4419 -0.1149 0.0115, 3.4339 -0.1133 0.0053, 3.4246 -0.1115 0.0013, 3.4354 -0.002 0.0013, 3.4449 -0.002 0.0053, 3.453 -0.002 0.0115, 3.4593 -0.002 0.0197, 3.4632 -0.002 0.0292, 3.4246 0.1075 0.0013, 3.4339 0.1094 0.0053, 3.4419 0.111 0.0115, 3.448 0.1122 0.0197, 3.3927 0.2129 0.0013, 3.4014 0.2165 0.0053, 3.409 0.2196 0.0115, 3.4147 0.222 0.0197, 3.3639 0.3254 0.0292, 3.3607 0.3232 0.0197, 3.3555 0.3197 0.0115, 3.3487 0.3152 0.0053, 3.3408 0.3099 0.0013, 3.271 0.395 0.0013, 3.2777 0.4017 0.0053, 3.2834 0.4075 0.0115, 3.2879 0.4119 0.0197, 3.2906 0.4147 0.0292, 3.1859 0.4648 0.0013, 3.1912 0.4727 0.0053, 3.1957 0.4795 0.0115, 3.1992 0.4847 0.0197, 3.0888 0.5167 0.0013, 3.0925 0.5254 0.0053, 3.0956 0.533 0.0115, 3.098 0.5388 0.0197, 2.989 0.5759 0.0292, 2.9882 0.5721 0.0197, 2.987 0.5659 0.0115, 2.9854 0.5579 0.0053, 2.9835 0.5486 0.0013, 2.874 0.5594 0.0013, 2.874 0.5689 0.0053, 2.874 0.5771 0.0115, 2.874 0.5833 0.0197, 2.874 0.5872 0.0292, 2.7645 0.5486 0.0013, 2.7626 0.5579 0.0053, 2.7611 0.5659 0.0115, 2.7598 0.5721 0.0197, 2.6592 0.5167 0.0013, 2.6556 0.5254 0.0053, 2.6524 0.533 0.0115, 2.65 0.5388 0.0197, 2.5467 0.4879 0.0292, 2.5489 0.4847 0.0197, 2.5523 0.4795 0.0115, 2.5569 0.4727 0.0053, 2.5621 0.4648 0.0013, 2.4771 0.395 0.0013, 2.4704 0.4017 0.0053, 2.4646 0.4075 0.0115, 2.4602 0.4119 0.0197, 2.4574 0.4147 0.0292, 2.4073 0.3099 0.0013, 2.3994 0.3152 0.0053, 2.3926 0.3197 0.0115, 2.3874 0.3232 0.0197, 2.3554 0.2129 0.0013, 2.3466 0.2165 0.0053, 2.3391 0.2196 0.0115, 2.3333 0.222 0.0197, 2.2961 0.113 0.0292, 2.3 0.1122 0.0197, 2.3061 0.111 0.0115, 2.3141 0.1094 0.0053, 2.3234 0.1075 0.0013, -2.3841 -0.3293 0.0292, -2.3297 -0.2274 0.0292, -2.7591 -0.5799 0.0292, -2.6485 -0.5463 0.0292, -2.4574 -0.4186 0.0292, -2.5467 -0.4919 0.0292, -3.2014 -0.4919 0.0292, -3.0995 -0.5463 0.0292, -2.874 -0.5912 0.0292, -2.989 -0.5799 0.0292, -3.4519 -0.1169 0.0292, -3.4184 -0.2274 0.0292, -3.2906 -0.4186 0.0292, -3.3639 -0.3293 0.0292, -3.3639 0.3254 0.0292, -3.4184 0.2235 0.0292, -3.4632 -0.002 0.0292, -3.4519 0.113 0.0292, -2.989 0.5759 0.0292, -3.0995 0.5424 0.0292, -3.2906 0.4147 0.0292, -3.2014 0.4879 0.0292, -2.5467 0.4879 0.0292, -2.6485 0.5424 0.0292, -2.874 0.5872 0.0292, -2.7591 0.5759 0.0292, -2.2961 0.113 0.0292, -2.3297 0.2235 0.0292, -2.4574 0.4147 0.0292, -2.3841 0.3254 0.0292, -2.2848 -0.002 0.0292, -2.2961 -0.1169 0.0292, -2.3 0.1122 0.0197, -2.3333 0.222 0.0197, -2.3874 0.3232 0.0197, -2.4602 0.4119 0.0197, -2.5489 0.4847 0.0197, -2.65 0.5388 0.0197, -2.7598 0.5721 0.0197, -2.874 0.5833 0.0197, -2.9882 0.5721 0.0197, -3.098 0.5388 0.0197, -3.1992 0.4847 0.0197, -3.2879 0.4119 0.0197, -3.3607 0.3232 0.0197, -3.4147 0.222 0.0197, -3.448 0.1122 0.0197, -3.4593 -0.002 0.0197, -3.448 -0.1162 0.0197, -3.4147 -0.2259 0.0197, -3.3607 -0.3271 0.0197, -3.2879 -0.4158 0.0197, -3.1992 -0.4886 0.0197, -3.098 -0.5427 0.0197, -2.9882 -0.576 0.0197, -2.874 -0.5872 0.0197, -2.7598 -0.576 0.0197, -2.65 -0.5427 0.0197, -2.5489 -0.4886 0.0197, -2.4602 -0.4158 0.0197, -2.3874 -0.3271 0.0197, -2.3333 -0.2259 0.0197, -2.3 -0.1162 0.0197, -2.2887 -0.002 0.0197, -2.3061 0.111 0.0115, -2.3391 0.2196 0.0115, -2.3926 0.3197 0.0115, -2.4646 0.4075 0.0115, -2.5523 0.4795 0.0115, -2.6524 0.533 0.0115, -2.7611 0.5659 0.0115, -2.874 0.5771 0.0115, -2.987 0.5659 0.0115, -3.0956 0.533 0.0115, -3.1957 0.4795 0.0115, -3.2834 0.4075 0.0115, -3.3555 0.3197 0.0115, -3.409 0.2196 0.0115, -3.4419 0.111 0.0115, -3.453 -0.002 0.0115, -3.4419 -0.1149 0.0115, -3.409 -0.2235 0.0115, -3.3555 -0.3237 0.0115, -3.2834 -0.4114 0.0115, -3.1957 -0.4834 0.0115, -3.0956 -0.5369 0.0115, -2.987 -0.5699 0.0115, -2.874 -0.581 0.0115, -2.7611 -0.5699 0.0115, -2.6524 -0.5369 0.0115, -2.5523 -0.4834 0.0115, -2.4646 -0.4114 0.0115, -2.3926 -0.3237 0.0115, -2.3391 -0.2235 0.0115, -2.3061 -0.1149 0.0115, -2.295 -0.002 0.0115, -2.3141 0.1094 0.0053, -2.3466 0.2165 0.0053, -2.3994 0.3152 0.0053, -2.4704 0.4017 0.0053, -2.5569 0.4727 0.0053, -2.6556 0.5254 0.0053, -2.7626 0.5579 0.0053, -2.874 0.5689 0.0053, -2.9854 0.5579 0.0053, -3.0925 0.5254 0.0053, -3.1912 0.4727 0.0053, -3.2777 0.4017 0.0053, -3.3487 0.3152 0.0053, -3.4014 0.2165 0.0053, -3.4339 0.1094 0.0053, -3.4449 -0.002 0.0053, -3.4339 -0.1133 0.0053, -3.4014 -0.2204 0.0053, -3.3487 -0.3191 0.0053, -3.2777 -0.4056 0.0053, -3.1912 -0.4766 0.0053, -3.0925 -0.5294 0.0053, -2.9854 -0.5619 0.0053, -2.874 -0.5728 0.0053, -2.7626 -0.5619 0.0053, -2.6556 -0.5294 0.0053, -2.5569 -0.4766 0.0053, -2.4704 -0.4056 0.0053, -2.3994 -0.3191 0.0053, -2.3466 -0.2204 0.0053, -2.3141 -0.1133 0.0053, -2.3031 -0.002 0.0053, -2.3234 0.1075 0.0013, -2.3554 0.2129 0.0013, -2.4073 0.3099 0.0013, -2.4771 0.395 0.0013, -2.5621 0.4648 0.0013, -2.6592 0.5167 0.0013, -2.7645 0.5486 0.0013, -2.874 0.5594 0.0013, -2.9835 0.5486 0.0013, -3.0888 0.5167 0.0013, -3.1859 0.4648 0.0013, -3.271 0.395 0.0013, -3.3408 0.3099 0.0013, -3.3927 0.2129 0.0013, -3.4246 0.1075 0.0013, -3.4354 -0.002 0.0013, -3.4246 -0.1115 0.0013, -3.3927 -0.2168 0.0013, -3.3408 -0.3138 0.0013, -3.271 -0.3989 0.0013, -3.1859 -0.4687 0.0013, -3.0888 -0.5206 0.0013, -2.9835 -0.5526 0.0013, -2.874 -0.5633 0.0013, -2.7645 -0.5526 0.0013, -2.6592 -0.5206 0.0013, -2.5621 -0.4687 0.0013, -2.4771 -0.3989 0.0013, -2.4073 -0.3138 0.0013, -2.3554 -0.2168 0.0013, -2.3234 -0.1115 0.0013, -2.3126 -0.002 0.0013, -2.1444 1.5177 0.4367, -2.1444 1.5177 0.4215, -2.1444 1.5138 0.4367, -2.1444 1.5138 0.4215, -2.0912 1.5177 0.4367, -2.0912 1.5138 0.4367, -2.0912 1.5177 0.5549, -2.0912 1.5138 0.5549, -2.074 1.5177 0.5549, -2.074 1.5138 0.5549, -2.074 1.5177 0.4215, -2.074 1.5138 0.4215, -2.2332 1.5177 0.4212, -2.2128 1.5177 0.4192, -2.2128 1.5138 0.4192, -2.2246 1.5138 0.4203, -2.2332 1.5138 0.4212, -2.2475 1.5177 0.4259, -2.2441 1.5138 0.4247, -2.2475 1.5138 0.4259, -2.2498 1.5138 0.427, -2.2498 1.5177 0.427, -2.2498 1.5177 0.4435, -2.2498 1.5138 0.4435, -2.2441 1.5138 0.4408, -2.2384 1.5177 0.4382, -2.2384 1.5138 0.4382, -2.2236 1.5138 0.435, -2.2236 1.5177 0.435, -2.2153 1.5138 0.4346, -2.2153 1.5177 0.4346, -2.2029 1.5138 0.4359, -2.2029 1.5177 0.4359, -2.1932 1.5138 0.4394, -2.1932 1.5177 0.4394, -2.1843 1.5138 0.4454, -2.1843 1.5177 0.4454, -2.181 1.5138 0.4486, -2.181 1.5177 0.4486, -2.1746 1.5138 0.4576, -2.1746 1.5177 0.4576, -2.1702 1.5138 0.4683, -2.1702 1.5177 0.4683, -2.1681 1.5138 0.4816, -2.1681 1.5177 0.4816, -2.1679 1.5138 0.4867, -2.1679 1.5177 0.4867, -2.1701 1.5138 0.5049, -2.1701 1.5177 0.5049, -2.1745 1.5138 0.5164, -2.1745 1.5177 0.5164, -2.181 1.5138 0.5257, -2.181 1.5177 0.5257, -2.1819 1.5138 0.5268, -2.1819 1.5177 0.5268, -2.1908 1.5138 0.5341, -2.1908 1.5177 0.5341, -2.2012 1.5138 0.5391, -2.2012 1.5177 0.5391, -2.2128 1.5138 0.5414, -2.2128 1.5177 0.5414, -2.2183 1.5138 0.5416, -2.2183 1.5177 0.5416, -2.2347 1.5138 0.5396, -2.2441 1.5138 0.5361, -2.2483 1.5177 0.5345, -2.2347 1.5177 0.5396, -2.2483 1.5138 0.5345, -2.2498 1.5138 0.5337, -2.2498 1.5177 0.5337, -2.2498 1.5177 0.5517, -2.2498 1.5138 0.5517, -2.2441 1.5138 0.5533, -2.2356 1.5177 0.5558, -2.2181 1.5138 0.5572, -2.2181 1.5177 0.5572, -2.2325 1.5138 0.556, -2.2356 1.5138 0.5558, -2.2088 1.5138 0.556, -2.1989 1.5177 0.5548, -2.1989 1.5138 0.5548, -2.185 1.5138 0.5494, -2.185 1.5177 0.5494, -2.1721 1.5138 0.5404, -2.1721 1.5177 0.5404, -2.1691 1.5138 0.5375, -2.1691 1.5177 0.5375, -2.1594 1.5138 0.5249, -2.1558 1.5138 0.5164, -2.1531 1.5177 0.5101, -2.1594 1.5177 0.5249, -2.1531 1.5138 0.5101, -2.1501 1.5138 0.4926, -2.1501 1.5177 0.4926, -2.1498 1.5138 0.4857, -2.1498 1.5177 0.4857, -2.1524 1.5138 0.4641, -2.1558 1.5138 0.4554, -2.1578 1.5177 0.4501, -2.1524 1.5177 0.4641, -2.1578 1.5138 0.4501, -2.1658 1.5138 0.4387, -2.1658 1.5177 0.4387, -2.167 1.5138 0.4374, -2.167 1.5177 0.4374, -2.1889 1.5138 0.423, -2.1765 1.5177 0.4293, -2.1765 1.5138 0.4293, -2.2007 1.5138 0.4203, -2.2031 1.5177 0.4198, -2.1889 1.5177 0.423, -2.2031 1.5138 0.4198, -2.3482 1.5177 0.4367, -2.3482 1.5177 0.4215, -2.3482 1.5138 0.4367, -2.3482 1.5138 0.4215, -2.2937 1.5138 0.4367, -2.2937 1.5177 0.4367, -2.3297 1.5138 0.4367, -2.2937 1.5177 0.4816, -2.2937 1.5138 0.4816, -2.3414 1.5177 0.4816, -2.3297 1.5138 0.4816, -2.3414 1.5138 0.4816, -2.3414 1.5177 0.4969, -2.3414 1.5138 0.4969, -2.2937 1.5138 0.4969, -2.2937 1.5177 0.4969, -2.3297 1.5138 0.4969, -2.2937 1.5177 0.5396, -2.2937 1.5138 0.5396, -2.3452 1.5138 0.5396, -2.3452 1.5177 0.5396, -2.3297 1.5138 0.5396, -2.3452 1.5177 0.5549, -2.3452 1.5138 0.5549, -2.2765 1.5138 0.5549, -2.2765 1.5177 0.5549, -2.3297 1.5138 0.5549, -2.2765 1.5177 0.4215, -2.2765 1.5138 0.4215, -2.3297 1.5138 0.4215, -2.4565 1.5177 0.459, -2.4497 1.5177 0.4506, -2.462 1.5177 0.4402, -2.4481 1.5177 0.4491, -2.4479 1.5177 0.4301, -2.4394 1.5177 0.4431, -2.4327 1.5177 0.4242, -2.4284 1.5177 0.4388, -2.4102 1.5177 0.4215, -2.4101 1.5177 0.4367, -2.3735 1.5177 0.4215, -2.3907 1.5177 0.4367, -2.3735 1.5177 0.5549, -2.3907 1.5177 0.5396, -2.4115 1.5177 0.5549, -2.4108 1.5177 0.5396, -2.4319 1.5177 0.5527, -2.4285 1.5177 0.5376, -2.448 1.5177 0.5468, -2.44 1.5177 0.5333, -2.462 1.5177 0.5372, -2.4494 1.5177 0.527, -2.4668 1.5177 0.5326, -2.4543 1.5177 0.5219, -2.475 1.5177 0.5209, -2.4591 1.5177 0.5141, -2.4799 1.5177 0.5082, -2.4626 1.5177 0.5036, -2.4821 1.5177 0.4899, -2.464 1.5177 0.4894, -2.4814 1.5177 0.4789, -2.4636 1.5177 0.4812, -2.4777 1.5177 0.4637, -2.461 1.5177 0.4689, -2.4707 1.5177 0.4501, -2.4102 1.5138 0.4215, -2.3735 1.5138 0.4215, -2.4327 1.5138 0.4242, -2.4479 1.5138 0.4301, -2.462 1.5138 0.4402, -2.4707 1.5138 0.4501, -2.4777 1.5138 0.4637, -2.4814 1.5138 0.4789, -2.4821 1.5138 0.4899, -2.4799 1.5138 0.5082, -2.475 1.5138 0.5209, -2.4668 1.5138 0.5326, -2.462 1.5138 0.5372, -2.448 1.5138 0.5468, -2.4319 1.5138 0.5527, -2.4115 1.5138 0.5549, -2.3735 1.5138 0.5549, -2.4108 1.5138 0.5396, -2.3907 1.5138 0.5396, -2.3907 1.5138 0.4367, -2.4101 1.5138 0.4367, -2.4497 1.5138 0.4506, -2.4481 1.5138 0.4491, -2.4394 1.5138 0.4431, -2.4284 1.5138 0.4388, -2.464 1.5138 0.4894, -2.4636 1.5138 0.4812, -2.461 1.5138 0.4689, -2.4565 1.5138 0.459, -2.4494 1.5138 0.527, -2.4543 1.5138 0.5219, -2.4591 1.5138 0.5141, -2.4626 1.5138 0.5036, -2.4285 1.5138 0.5376, -2.44 1.5138 0.5333
            ]
        }
        coordIndex [
            0,1,2,-1,3,4,1,-1,1,4,5,-1,1,5,2,-1,1,6,3,-1,3,6,7,-1,3,7,8,-1,8,7,9,-1,8,9,10,-1,10,9,11,-1,11,9,12,-1,11,12,13,-1,14,15,16,-1,16,15,17,-1,16,17,12,-1,12,17,18,-1,12,18,13,-1,19,20,14,-1,14,20,21,-1,14,21,15,-1,22,23,19,-1,19,23,24,-1,19,24,20,-1,19,25,22,-1,22,25,26,-1,22,26,27,-1,27,26,28,-1,29,30,31,-1,31,30,32,-1,31,32,28,-1,28,32,33,-1,28,33,27,-1,29,31,34,-1,34,31,35,-1,34,35,36,-1,36,35,37,-1,36,37,38,-1,39,40,41,-1,41,40,42,-1,41,42,37,-1,37,42,43,-1,37,43,38,-1,41,44,39,-1,39,44,45,-1,39,45,46,-1,46,45,47,-1,46,47,48,-1,49,50,47,-1,47,50,51,-1,47,51,48,-1,52,53,54,-1,54,53,55,-1,54,55,49,-1,49,55,56,-1,49,56,50,-1,57,58,52,-1,52,58,59,-1,52,59,53,-1,60,61,57,-1,57,61,62,-1,57,62,58,-1,57,63,60,-1,60,63,64,-1,60,64,65,-1,65,64,66,-1,65,66,67,-1,67,66,68,-1,68,66,69,-1,68,69,70,-1,2,71,0,-1,0,71,72,-1,0,72,73,-1,73,72,74,-1,73,74,69,-1,69,74,75,-1,69,75,70,-1,76,77,78,-1,76,78,79,-1,80,81,78,-1,78,81,82,-1,78,82,79,-1,83,84,78,-1,78,84,85,-1,78,85,80,-1,86,87,78,-1,78,87,88,-1,78,88,83,-1,89,90,78,-1,78,90,91,-1,78,91,86,-1,92,93,78,-1,78,93,94,-1,78,94,89,-1,95,96,78,-1,78,96,97,-1,78,97,92,-1,98,99,78,-1,78,99,100,-1,78,100,95,-1,101,102,78,-1,78,102,103,-1,78,103,98,-1,104,105,78,-1,78,105,106,-1,78,106,101,-1,77,107,78,-1,78,107,108,-1,78,108,104,-1,109,110,111,-1,112,113,114,-1,115,116,117,-1,118,119,120,-1,120,119,121,-1,120,121,122,-1,122,121,123,-1,121,124,123,-1,123,124,125,-1,123,125,126,-1,126,125,127,-1,126,127,128,-1,117,116,127,-1,127,116,129,-1,127,129,128,-1,115,117,130,-1,130,117,131,-1,130,131,132,-1,132,131,133,-1,132,133,134,-1,135,136,137,-1,137,136,138,-1,137,138,133,-1,133,138,139,-1,133,139,134,-1,137,140,135,-1,135,140,141,-1,135,141,142,-1,142,141,143,-1,142,143,144,-1,114,113,143,-1,143,113,145,-1,143,145,144,-1,112,114,146,-1,146,114,147,-1,146,147,148,-1,148,147,149,-1,148,149,150,-1,151,152,153,-1,153,152,154,-1,153,154,149,-1,149,154,155,-1,149,155,150,-1,153,156,151,-1,151,156,157,-1,151,157,158,-1,158,157,159,-1,158,159,160,-1,111,110,159,-1,159,110,161,-1,159,161,160,-1,109,111,162,-1,162,111,163,-1,162,163,164,-1,164,163,165,-1,164,165,166,-1,167,168,169,-1,169,168,170,-1,169,170,165,-1,165,170,171,-1,165,171,166,-1,169,172,167,-1,167,172,173,-1,167,173,174,-1,174,173,175,-1,174,175,176,-1,176,175,177,-1,177,175,178,-1,177,178,179,-1,118,180,119,-1,119,180,181,-1,119,181,182,-1,182,181,183,-1,182,183,178,-1,178,183,184,-1,178,184,179,-1,185,186,187,-1,185,187,188,-1,189,190,187,-1,187,190,191,-1,187,191,188,-1,192,193,187,-1,187,193,194,-1,187,194,189,-1,195,196,187,-1,187,196,197,-1,187,197,192,-1,198,199,187,-1,187,199,200,-1,187,200,195,-1,201,202,187,-1,187,202,203,-1,187,203,198,-1,204,205,187,-1,187,205,206,-1,187,206,201,-1,207,208,187,-1,187,208,209,-1,187,209,204,-1,210,211,187,-1,187,211,212,-1,187,212,207,-1,213,214,187,-1,187,214,215,-1,187,215,210,-1,186,216,187,-1,187,216,217,-1,187,217,213,-1,38,43,218,-1,42,40,219,-1,48,51,220,-1,50,56,221,-1,59,58,222,-1,62,61,223,-1,67,68,224,-1,70,75,225,-1,71,2,226,-1,5,4,227,-1,10,11,228,-1,13,18,229,-1,21,20,230,-1,24,23,231,-1,33,32,232,-1,30,29,233,-1,76,79,234,-1,234,79,235,-1,234,235,236,-1,236,235,237,-1,236,237,238,-1,238,237,239,-1,238,239,240,-1,240,239,241,-1,240,241,242,-1,242,241,233,-1,242,233,34,-1,34,233,29,-1,79,82,235,-1,235,82,243,-1,235,243,237,-1,237,243,244,-1,237,244,239,-1,239,244,245,-1,239,245,241,-1,241,245,246,-1,241,246,233,-1,233,246,232,-1,233,232,30,-1,30,232,32,-1,27,33,247,-1,247,33,232,-1,247,232,248,-1,248,232,246,-1,248,246,249,-1,249,246,245,-1,249,245,250,-1,250,245,244,-1,250,244,251,-1,251,244,243,-1,251,243,81,-1,81,243,82,-1,81,80,251,-1,251,80,252,-1,251,252,250,-1,250,252,253,-1,250,253,249,-1,249,253,254,-1,249,254,248,-1,248,254,255,-1,248,255,247,-1,247,255,256,-1,247,256,27,-1,27,256,22,-1,80,85,252,-1,252,85,257,-1,252,257,253,-1,253,257,258,-1,253,258,254,-1,254,258,259,-1,254,259,255,-1,255,259,260,-1,255,260,256,-1,256,260,231,-1,256,231,22,-1,22,231,23,-1,85,84,257,-1,257,84,261,-1,257,261,258,-1,258,261,262,-1,258,262,259,-1,259,262,263,-1,259,263,260,-1,260,263,264,-1,260,264,231,-1,231,264,230,-1,231,230,24,-1,24,230,20,-1,15,21,265,-1,265,21,230,-1,265,230,266,-1,266,230,264,-1,266,264,267,-1,267,264,263,-1,267,263,268,-1,268,263,262,-1,268,262,269,-1,269,262,261,-1,269,261,83,-1,83,261,84,-1,83,88,269,-1,269,88,270,-1,269,270,268,-1,268,270,271,-1,268,271,267,-1,267,271,272,-1,267,272,266,-1,266,272,273,-1,266,273,265,-1,265,273,274,-1,265,274,15,-1,15,274,17,-1,88,87,270,-1,270,87,275,-1,270,275,271,-1,271,275,276,-1,271,276,272,-1,272,276,277,-1,272,277,273,-1,273,277,278,-1,273,278,274,-1,274,278,229,-1,274,229,17,-1,17,229,18,-1,87,86,275,-1,275,86,279,-1,275,279,276,-1,276,279,280,-1,276,280,277,-1,277,280,281,-1,277,281,278,-1,278,281,282,-1,278,282,229,-1,229,282,228,-1,229,228,13,-1,13,228,11,-1,8,10,283,-1,283,10,228,-1,283,228,284,-1,284,228,282,-1,284,282,285,-1,285,282,281,-1,285,281,286,-1,286,281,280,-1,286,280,287,-1,287,280,279,-1,287,279,91,-1,91,279,86,-1,91,90,287,-1,287,90,288,-1,287,288,286,-1,286,288,289,-1,286,289,285,-1,285,289,290,-1,285,290,284,-1,284,290,291,-1,284,291,283,-1,283,291,292,-1,283,292,8,-1,8,292,3,-1,90,89,288,-1,288,89,293,-1,288,293,289,-1,289,293,294,-1,289,294,290,-1,290,294,295,-1,290,295,291,-1,291,295,296,-1,291,296,292,-1,292,296,227,-1,292,227,3,-1,3,227,4,-1,89,94,293,-1,293,94,297,-1,293,297,294,-1,294,297,298,-1,294,298,295,-1,295,298,299,-1,295,299,296,-1,296,299,300,-1,296,300,227,-1,227,300,226,-1,227,226,5,-1,5,226,2,-1,72,71,301,-1,301,71,226,-1,301,226,302,-1,302,226,300,-1,302,300,303,-1,303,300,299,-1,303,299,304,-1,304,299,298,-1,304,298,305,-1,305,298,297,-1,305,297,93,-1,93,297,94,-1,93,92,305,-1,305,92,306,-1,305,306,304,-1,304,306,307,-1,304,307,303,-1,303,307,308,-1,303,308,302,-1,302,308,309,-1,302,309,301,-1,301,309,310,-1,301,310,72,-1,72,310,74,-1,92,97,306,-1,306,97,311,-1,306,311,307,-1,307,311,312,-1,307,312,308,-1,308,312,313,-1,308,313,309,-1,309,313,314,-1,309,314,310,-1,310,314,225,-1,310,225,74,-1,74,225,75,-1,97,96,311,-1,311,96,315,-1,311,315,312,-1,312,315,316,-1,312,316,313,-1,313,316,317,-1,313,317,314,-1,314,317,318,-1,314,318,225,-1,225,318,224,-1,225,224,70,-1,70,224,68,-1,65,67,319,-1,319,67,224,-1,319,224,320,-1,320,224,318,-1,320,318,321,-1,321,318,317,-1,321,317,322,-1,322,317,316,-1,322,316,323,-1,323,316,315,-1,323,315,95,-1,95,315,96,-1,95,100,323,-1,323,100,324,-1,323,324,322,-1,322,324,325,-1,322,325,321,-1,321,325,326,-1,321,326,320,-1,320,326,327,-1,320,327,319,-1,319,327,328,-1,319,328,65,-1,65,328,60,-1,100,99,324,-1,324,99,329,-1,324,329,325,-1,325,329,330,-1,325,330,326,-1,326,330,331,-1,326,331,327,-1,327,331,332,-1,327,332,328,-1,328,332,223,-1,328,223,60,-1,60,223,61,-1,99,98,329,-1,329,98,333,-1,329,333,330,-1,330,333,334,-1,330,334,331,-1,331,334,335,-1,331,335,332,-1,332,335,336,-1,332,336,223,-1,223,336,222,-1,223,222,62,-1,62,222,58,-1,53,59,337,-1,337,59,222,-1,337,222,338,-1,338,222,336,-1,338,336,339,-1,339,336,335,-1,339,335,340,-1,340,335,334,-1,340,334,341,-1,341,334,333,-1,341,333,103,-1,103,333,98,-1,103,102,341,-1,341,102,342,-1,341,342,340,-1,340,342,343,-1,340,343,339,-1,339,343,344,-1,339,344,338,-1,338,344,345,-1,338,345,337,-1,337,345,346,-1,337,346,53,-1,53,346,55,-1,102,101,342,-1,342,101,347,-1,342,347,343,-1,343,347,348,-1,343,348,344,-1,344,348,349,-1,344,349,345,-1,345,349,350,-1,345,350,346,-1,346,350,221,-1,346,221,55,-1,55,221,56,-1,101,106,347,-1,347,106,351,-1,347,351,348,-1,348,351,352,-1,348,352,349,-1,349,352,353,-1,349,353,350,-1,350,353,354,-1,350,354,221,-1,221,354,220,-1,221,220,50,-1,50,220,51,-1,46,48,355,-1,355,48,220,-1,355,220,356,-1,356,220,354,-1,356,354,357,-1,357,354,353,-1,357,353,358,-1,358,353,352,-1,358,352,359,-1,359,352,351,-1,359,351,105,-1,105,351,106,-1,105,104,359,-1,359,104,360,-1,359,360,358,-1,358,360,361,-1,358,361,357,-1,357,361,362,-1,357,362,356,-1,356,362,363,-1,356,363,355,-1,355,363,364,-1,355,364,46,-1,46,364,39,-1,104,108,360,-1,360,108,365,-1,360,365,361,-1,361,365,366,-1,361,366,362,-1,362,366,367,-1,362,367,363,-1,363,367,368,-1,363,368,364,-1,364,368,219,-1,364,219,39,-1,39,219,40,-1,108,107,365,-1,365,107,369,-1,365,369,366,-1,366,369,370,-1,366,370,367,-1,367,370,371,-1,367,371,368,-1,368,371,372,-1,368,372,219,-1,219,372,218,-1,219,218,42,-1,42,218,43,-1,36,38,373,-1,373,38,218,-1,373,218,374,-1,374,218,372,-1,374,372,375,-1,375,372,371,-1,375,371,376,-1,376,371,370,-1,376,370,377,-1,377,370,369,-1,377,369,77,-1,77,369,107,-1,77,76,377,-1,377,76,234,-1,377,234,376,-1,376,234,236,-1,376,236,375,-1,375,236,238,-1,375,238,374,-1,374,238,240,-1,374,240,373,-1,373,240,242,-1,373,242,36,-1,36,242,34,-1,120,378,379,-1,116,380,381,-1,120,122,378,-1,378,122,123,-1,378,123,382,-1,382,123,126,-1,382,126,383,-1,383,126,128,-1,383,128,381,-1,381,128,129,-1,381,129,116,-1,138,384,385,-1,116,115,380,-1,380,115,130,-1,380,130,386,-1,386,130,132,-1,386,132,387,-1,387,132,134,-1,387,134,385,-1,385,134,139,-1,385,139,138,-1,113,388,389,-1,138,136,384,-1,384,136,135,-1,384,135,390,-1,390,135,142,-1,390,142,391,-1,391,142,144,-1,391,144,389,-1,389,144,145,-1,389,145,113,-1,154,392,393,-1,113,112,388,-1,388,112,146,-1,388,146,394,-1,394,146,148,-1,394,148,395,-1,395,148,150,-1,395,150,393,-1,393,150,155,-1,393,155,154,-1,110,396,397,-1,154,152,392,-1,392,152,151,-1,392,151,398,-1,398,151,158,-1,398,158,399,-1,399,158,160,-1,399,160,397,-1,397,160,161,-1,397,161,110,-1,170,400,401,-1,110,109,396,-1,396,109,162,-1,396,162,402,-1,402,162,164,-1,402,164,403,-1,403,164,166,-1,403,166,401,-1,401,166,171,-1,401,171,170,-1,179,404,405,-1,170,168,400,-1,400,168,167,-1,400,167,406,-1,406,167,174,-1,406,174,407,-1,407,174,176,-1,407,176,405,-1,405,176,177,-1,405,177,179,-1,179,184,404,-1,404,184,183,-1,404,183,408,-1,408,183,181,-1,408,181,409,-1,409,181,180,-1,409,180,379,-1,379,180,118,-1,379,118,120,-1,408,410,404,-1,404,410,411,-1,404,411,405,-1,405,411,412,-1,405,412,407,-1,407,412,413,-1,407,413,406,-1,406,413,414,-1,406,414,400,-1,400,414,415,-1,400,415,401,-1,401,415,416,-1,401,416,403,-1,403,416,417,-1,403,417,402,-1,402,417,418,-1,402,418,396,-1,396,418,419,-1,396,419,397,-1,397,419,420,-1,397,420,399,-1,399,420,421,-1,399,421,398,-1,398,421,422,-1,398,422,392,-1,392,422,423,-1,392,423,393,-1,393,423,424,-1,393,424,395,-1,395,424,425,-1,395,425,394,-1,394,425,426,-1,394,426,388,-1,388,426,427,-1,388,427,389,-1,389,427,428,-1,389,428,391,-1,391,428,429,-1,391,429,390,-1,390,429,430,-1,390,430,384,-1,384,430,431,-1,384,431,385,-1,385,431,432,-1,385,432,387,-1,387,432,433,-1,387,433,386,-1,386,433,434,-1,386,434,380,-1,380,434,435,-1,380,435,381,-1,381,435,436,-1,381,436,383,-1,383,436,437,-1,383,437,382,-1,382,437,438,-1,382,438,378,-1,378,438,439,-1,378,439,379,-1,379,439,440,-1,379,440,409,-1,409,440,441,-1,409,441,408,-1,408,441,410,-1,441,442,410,-1,410,442,443,-1,410,443,411,-1,411,443,444,-1,411,444,412,-1,412,444,445,-1,412,445,413,-1,413,445,446,-1,413,446,414,-1,414,446,447,-1,414,447,415,-1,415,447,448,-1,415,448,416,-1,416,448,449,-1,416,449,417,-1,417,449,450,-1,417,450,418,-1,418,450,451,-1,418,451,419,-1,419,451,452,-1,419,452,420,-1,420,452,453,-1,420,453,421,-1,421,453,454,-1,421,454,422,-1,422,454,455,-1,422,455,423,-1,423,455,456,-1,423,456,424,-1,424,456,457,-1,424,457,425,-1,425,457,458,-1,425,458,426,-1,426,458,459,-1,426,459,427,-1,427,459,460,-1,427,460,428,-1,428,460,461,-1,428,461,429,-1,429,461,462,-1,429,462,430,-1,430,462,463,-1,430,463,431,-1,431,463,464,-1,431,464,432,-1,432,464,465,-1,432,465,433,-1,433,465,466,-1,433,466,434,-1,434,466,467,-1,434,467,435,-1,435,467,468,-1,435,468,436,-1,436,468,469,-1,436,469,437,-1,437,469,470,-1,437,470,438,-1,438,470,471,-1,438,471,439,-1,439,471,472,-1,439,472,440,-1,440,472,473,-1,440,473,441,-1,441,473,442,-1,473,474,442,-1,442,474,475,-1,442,475,443,-1,443,475,476,-1,443,476,444,-1,444,476,477,-1,444,477,445,-1,445,477,478,-1,445,478,446,-1,446,478,479,-1,446,479,447,-1,447,479,480,-1,447,480,448,-1,448,480,481,-1,448,481,449,-1,449,481,482,-1,449,482,450,-1,450,482,483,-1,450,483,451,-1,451,483,484,-1,451,484,452,-1,452,484,485,-1,452,485,453,-1,453,485,486,-1,453,486,454,-1,454,486,487,-1,454,487,455,-1,455,487,488,-1,455,488,456,-1,456,488,489,-1,456,489,457,-1,457,489,490,-1,457,490,458,-1,458,490,491,-1,458,491,459,-1,459,491,492,-1,459,492,460,-1,460,492,493,-1,460,493,461,-1,461,493,494,-1,461,494,462,-1,462,494,495,-1,462,495,463,-1,463,495,496,-1,463,496,464,-1,464,496,497,-1,464,497,465,-1,465,497,498,-1,465,498,466,-1,466,498,499,-1,466,499,467,-1,467,499,500,-1,467,500,468,-1,468,500,501,-1,468,501,469,-1,469,501,502,-1,469,502,470,-1,470,502,503,-1,470,503,471,-1,471,503,504,-1,471,504,472,-1,472,504,505,-1,472,505,473,-1,473,505,474,-1,505,506,474,-1,474,506,507,-1,474,507,475,-1,475,507,508,-1,475,508,476,-1,476,508,509,-1,476,509,477,-1,477,509,510,-1,477,510,478,-1,478,510,511,-1,478,511,479,-1,479,511,512,-1,479,512,480,-1,480,512,513,-1,480,513,481,-1,481,513,514,-1,481,514,482,-1,482,514,515,-1,482,515,483,-1,483,515,516,-1,483,516,484,-1,484,516,517,-1,484,517,485,-1,485,517,518,-1,485,518,486,-1,486,518,519,-1,486,519,487,-1,487,519,520,-1,487,520,488,-1,488,520,521,-1,488,521,489,-1,489,521,522,-1,489,522,490,-1,490,522,523,-1,490,523,491,-1,491,523,524,-1,491,524,492,-1,492,524,525,-1,492,525,493,-1,493,525,526,-1,493,526,494,-1,494,526,527,-1,494,527,495,-1,495,527,528,-1,495,528,496,-1,496,528,529,-1,496,529,497,-1,497,529,530,-1,497,530,498,-1,498,530,531,-1,498,531,499,-1,499,531,532,-1,499,532,500,-1,500,532,533,-1,500,533,501,-1,501,533,534,-1,501,534,502,-1,502,534,535,-1,502,535,503,-1,503,535,536,-1,503,536,504,-1,504,536,537,-1,504,537,505,-1,505,537,506,-1,537,188,506,-1,506,188,191,-1,506,191,507,-1,507,191,190,-1,507,190,508,-1,508,190,189,-1,508,189,509,-1,509,189,194,-1,509,194,510,-1,510,194,193,-1,510,193,511,-1,511,193,192,-1,511,192,512,-1,512,192,197,-1,512,197,513,-1,513,197,196,-1,513,196,514,-1,514,196,195,-1,514,195,515,-1,515,195,200,-1,515,200,516,-1,516,200,199,-1,516,199,517,-1,517,199,198,-1,517,198,518,-1,518,198,203,-1,518,203,519,-1,519,203,202,-1,519,202,520,-1,520,202,201,-1,520,201,521,-1,521,201,206,-1,521,206,522,-1,522,206,205,-1,522,205,523,-1,523,205,204,-1,523,204,524,-1,524,204,209,-1,524,209,525,-1,525,209,208,-1,525,208,526,-1,526,208,207,-1,526,207,527,-1,527,207,212,-1,527,212,528,-1,528,212,211,-1,528,211,529,-1,529,211,210,-1,529,210,530,-1,530,210,215,-1,530,215,531,-1,531,215,214,-1,531,214,532,-1,532,214,213,-1,532,213,533,-1,533,213,217,-1,533,217,534,-1,534,217,216,-1,534,216,535,-1,535,216,186,-1,535,186,536,-1,536,186,185,-1,536,185,537,-1,537,185,188,-1,538,539,540,-1,540,539,541,-1,542,538,543,-1,543,538,540,-1,544,542,545,-1,545,542,543,-1,546,544,547,-1,547,544,545,-1,548,546,549,-1,549,546,547,-1,539,548,541,-1,541,548,549,-1,544,546,542,-1,542,546,548,-1,542,548,538,-1,538,548,539,-1,550,551,552,-1,552,553,550,-1,550,553,554,-1,550,554,555,-1,555,554,556,-1,556,557,555,-1,555,557,558,-1,555,558,559,-1,560,559,561,-1,561,559,558,-1,560,561,562,-1,560,562,563,-1,562,564,563,-1,563,564,565,-1,563,565,566,-1,566,565,567,-1,566,567,568,-1,568,567,569,-1,568,569,570,-1,570,569,571,-1,570,571,572,-1,572,571,573,-1,572,573,574,-1,574,573,575,-1,574,575,576,-1,576,575,577,-1,576,577,578,-1,578,577,579,-1,578,579,580,-1,580,579,581,-1,580,581,582,-1,582,581,583,-1,582,583,584,-1,584,583,585,-1,584,585,586,-1,586,585,587,-1,586,587,588,-1,588,587,589,-1,588,589,590,-1,590,589,591,-1,590,591,592,-1,592,591,593,-1,592,593,594,-1,594,593,595,-1,594,595,596,-1,596,595,597,-1,596,597,598,-1,598,597,599,-1,598,599,600,-1,600,599,601,-1,602,603,601,-1,601,603,604,-1,601,604,600,-1,602,605,603,-1,603,605,606,-1,603,606,607,-1,608,607,609,-1,609,607,606,-1,608,609,610,-1,608,610,611,-1,612,613,614,-1,614,613,611,-1,614,611,615,-1,615,611,610,-1,613,612,616,-1,613,616,617,-1,616,618,617,-1,617,618,619,-1,617,619,620,-1,620,619,621,-1,620,621,622,-1,622,621,623,-1,622,623,624,-1,624,623,625,-1,626,627,625,-1,625,627,628,-1,625,628,624,-1,626,629,627,-1,627,629,630,-1,627,630,631,-1,631,630,632,-1,631,632,633,-1,633,632,634,-1,635,636,634,-1,634,636,637,-1,634,637,633,-1,635,638,636,-1,636,638,639,-1,636,639,640,-1,640,639,641,-1,640,641,642,-1,643,644,645,-1,645,644,642,-1,645,642,641,-1,646,647,643,-1,643,647,648,-1,643,648,644,-1,646,649,647,-1,647,649,552,-1,647,552,551,-1,586,588,628,-1,594,596,617,-1,628,588,624,-1,617,596,613,-1,617,620,594,-1,594,620,622,-1,594,622,592,-1,592,622,624,-1,592,624,590,-1,590,624,588,-1,596,598,613,-1,613,598,600,-1,613,600,611,-1,611,600,604,-1,611,604,608,-1,608,604,603,-1,608,603,607,-1,633,584,631,-1,631,584,586,-1,631,586,627,-1,627,586,628,-1,559,560,555,-1,555,560,563,-1,555,563,550,-1,550,563,566,-1,550,566,551,-1,551,566,568,-1,551,568,647,-1,647,568,570,-1,647,570,648,-1,648,570,572,-1,648,572,644,-1,644,572,574,-1,644,574,642,-1,642,574,576,-1,642,576,640,-1,640,576,578,-1,640,578,636,-1,636,578,637,-1,637,578,580,-1,637,580,633,-1,633,580,582,-1,633,582,584,-1,650,651,652,-1,652,651,653,-1,654,655,656,-1,656,655,650,-1,656,650,652,-1,657,655,658,-1,658,655,654,-1,657,658,659,-1,659,658,660,-1,659,660,661,-1,662,659,663,-1,663,659,661,-1,664,665,666,-1,666,665,662,-1,666,662,663,-1,667,665,668,-1,668,665,664,-1,669,670,671,-1,671,670,667,-1,671,667,668,-1,672,670,673,-1,673,670,669,-1,674,675,676,-1,676,675,672,-1,676,672,673,-1,677,675,678,-1,678,675,674,-1,653,651,679,-1,679,651,677,-1,679,677,678,-1,677,651,650,-1,650,655,677,-1,677,655,657,-1,677,657,675,-1,670,672,667,-1,667,672,675,-1,667,675,665,-1,665,675,657,-1,665,657,662,-1,662,657,659,-1,680,681,682,-1,682,681,683,-1,682,683,684,-1,684,683,685,-1,684,685,686,-1,686,685,687,-1,686,687,688,-1,688,687,689,-1,688,689,690,-1,690,689,691,-1,690,691,692,-1,692,691,693,-1,692,693,694,-1,694,693,695,-1,694,695,696,-1,696,695,697,-1,696,697,698,-1,698,697,699,-1,698,699,700,-1,700,699,701,-1,700,701,702,-1,702,701,703,-1,702,703,704,-1,704,703,705,-1,704,705,706,-1,706,705,707,-1,706,707,708,-1,708,707,709,-1,708,709,710,-1,710,709,711,-1,710,711,712,-1,712,711,713,-1,712,713,714,-1,714,713,680,-1,714,680,682,-1,688,690,715,-1,715,690,716,-1,688,715,717,-1,688,717,686,-1,686,717,718,-1,686,718,684,-1,684,718,719,-1,684,719,682,-1,682,719,720,-1,682,720,714,-1,714,720,721,-1,714,721,712,-1,712,721,722,-1,712,722,710,-1,710,722,723,-1,710,723,708,-1,708,723,724,-1,708,724,706,-1,706,724,725,-1,706,725,704,-1,704,725,726,-1,704,726,702,-1,702,726,727,-1,702,727,700,-1,700,727,728,-1,700,728,698,-1,698,728,729,-1,698,729,696,-1,696,729,730,-1,696,730,694,-1,692,694,731,-1,731,694,730,-1,690,692,716,-1,716,692,731,-1,695,693,732,-1,732,693,733,-1,693,691,733,-1,733,691,734,-1,691,689,734,-1,734,689,735,-1,681,736,737,-1,681,737,683,-1,683,737,738,-1,683,738,685,-1,685,738,739,-1,685,739,687,-1,687,739,735,-1,687,735,689,-1,709,740,741,-1,709,741,711,-1,711,741,742,-1,711,742,713,-1,713,742,743,-1,713,743,680,-1,680,743,736,-1,680,736,681,-1,701,744,745,-1,701,745,703,-1,703,745,746,-1,703,746,705,-1,705,746,747,-1,705,747,707,-1,707,747,740,-1,707,740,709,-1,695,732,748,-1,695,748,697,-1,697,748,749,-1,697,749,699,-1,699,749,744,-1,699,744,701,-1,
        ]
    }
}
Shape{
    appearance Appearance {
        material  Material 	{
            diffuseColor 0.20784313725490197 0.20784313725490197 0.20784313725490197
            specularColor 0.01568627450980392 0.01568627450980392 0.01568627450980392
            ambientIntensity 0.298
            transparency 0.0
            shininess 0.5
        }
    }
    geometry IndexedFaceSet {
        ccw TRUE
        solid FALSE
        coord DEF co Coordinate {
            point [
                -2.3907 1.5138 0.5396, -2.3907 1.5138 0.4367, -2.4108 1.5138 0.5396, -2.4101 1.5138 0.4367, -2.4284 1.5138 0.4388, -2.4394 1.5138 0.4431, -2.4481 1.5138 0.4491, -2.464 1.5138 0.4894, -2.4494 1.5138 0.527, -2.44 1.5138 0.5333, -2.4497 1.5138 0.4506, -2.4565 1.5138 0.459, -2.461 1.5138 0.4689, -2.4543 1.5138 0.5219, -2.4626 1.5138 0.5036, -2.4591 1.5138 0.5141, -2.4636 1.5138 0.4812, -2.4285 1.5138 0.5376
            ]
        }
        coordIndex [
            0,1,2,-1,2,1,3,-1,3,4,2,-1,2,4,5,-1,2,5,6,-1,7,8,9,-1,6,10,2,-1,2,10,11,-1,2,11,12,-1,8,7,13,-1,13,7,14,-1,13,14,15,-1,12,16,2,-1,2,16,7,-1,2,7,17,-1,17,7,9,-1,
        ]
    }
}
Shape{
    appearance Appearance {
        material  Material 	{
            diffuseColor 1.0 1.0 1.0
            specularColor 0.5019607843137255 0.5019607843137255 0.5019607843137255
            ambientIntensity 1.0
            transparency 0.0
            shininess 0.5
        }
    }
    geometry IndexedFaceSet {
        ccw TRUE
        solid FALSE
        coord DEF co Coordinate {
            point [
                -2.5268 1.5177 0.473, -2.5468 1.5177 0.5285, -2.5403 1.5177 0.5549, -2.4895 1.5177 0.4215, -2.5085 1.5177 0.4215, -2.5214 1.5177 0.458, -2.5479 1.5177 0.5325, -2.549 1.5177 0.5379, -2.5588 1.5177 0.5549, -2.5494 1.5177 0.5379, -2.5505 1.5177 0.5322, -2.5515 1.5177 0.5285, -2.5716 1.5177 0.473, -2.6096 1.5177 0.4215, -2.5905 1.5177 0.4215, -2.5769 1.5177 0.458, -2.5588 1.5138 0.5549, -2.6096 1.5138 0.4215, -2.5403 1.5138 0.5549, -2.4895 1.5138 0.4215, -2.528 1.5138 0.5224, -2.5085 1.5138 0.4215, -2.5214 1.5138 0.458, -2.5769 1.5138 0.458, -2.528 1.5138 0.458, -2.5905 1.5138 0.4215, -2.5268 1.5138 0.473, -2.5716 1.5138 0.473, -2.5515 1.5138 0.5285, -2.5494 1.5138 0.5379, -2.5505 1.5138 0.5322, -2.549 1.5138 0.5379, -2.5468 1.5138 0.5285, -2.5479 1.5138 0.5325
            ]
        }
        coordIndex [
            0,1,2,-1,3,4,5,-1,1,6,2,-1,2,6,7,-1,2,7,8,-1,8,7,9,-1,8,9,10,-1,10,11,8,-1,8,11,12,-1,8,12,13,-1,14,13,15,-1,15,13,12,-1,15,12,5,-1,5,12,0,-1,5,0,3,-1,3,0,2,-1,8,13,16,-1,16,13,17,-1,2,8,18,-1,18,8,16,-1,19,3,20,-1,20,3,2,-1,20,2,18,-1,4,3,21,-1,21,3,19,-1,5,4,22,-1,22,4,21,-1,23,15,24,-1,24,15,5,-1,24,5,22,-1,14,15,25,-1,25,15,23,-1,13,14,17,-1,17,14,25,-1,0,12,26,-1,26,12,27,-1,12,11,27,-1,27,11,28,-1,9,29,30,-1,9,30,10,-1,10,30,28,-1,10,28,11,-1,9,7,29,-1,29,7,31,-1,1,32,33,-1,1,33,6,-1,6,33,31,-1,6,31,7,-1,1,0,32,-1,32,0,26,-1,
        ]
    }
}
Shape{
    appearance Appearance {
        material  Material 	{
            diffuseColor 0.20784313725490197 0.20784313725490197 0.20784313725490197
            specularColor 0.01568627450980392 0.01568627450980392 0.01568627450980392
            ambientIntensity 0.298
            transparency 0.0
            shininess 0.5
        }
    }
    geometry IndexedFaceSet {
        ccw TRUE
        solid FALSE
        coord DEF co Coordinate {
            point [
                -2.5494 1.5138 0.5379, -2.549 1.5138 0.5379, -2.5505 1.5138 0.5322, -2.5479 1.5138 0.5325, -2.5515 1.5138 0.5285, -2.5468 1.5138 0.5285, -2.5716 1.5138 0.473, -2.5268 1.5138 0.473
            ]
        }
        coordIndex [
            0,1,2,-1,2,1,3,-1,2,3,4,-1,4,3,5,-1,4,5,6,-1,6,5,7,-1,
        ]
    }
}
Shape{
    appearance Appearance {
        material  Material 	{
            diffuseColor 1.0 1.0 1.0
            specularColor 0.5019607843137255 0.5019607843137255 0.5019607843137255
            ambientIntensity 1.0
            transparency 0.0
            shininess 0.5
        }
    }
    geometry IndexedFaceSet {
        ccw TRUE
        solid FALSE
        coord DEF co Coordinate {
            point [
                -2.1458 1.5177 0.225, -2.1458 1.5177 0.2098, -2.1458 1.5138 0.225, -2.1458 1.5138 0.2098, -2.0912 1.5177 0.225, -2.0912 1.5138 0.225, -2.0912 1.5177 0.2699, -2.0912 1.5138 0.2699, -2.139 1.5177 0.2699, -2.139 1.5138 0.2699, -2.139 1.5177 0.2851, -2.139 1.5138 0.2851, -2.0912 1.5177 0.2851, -2.0912 1.5138 0.2851, -2.0912 1.5177 0.3279, -2.0912 1.5138 0.3279, -2.1428 1.5177 0.3279, -2.1428 1.5138 0.3279, -2.1428 1.5177 0.3432, -2.1428 1.5138 0.3432, -2.074 1.5177 0.3432, -2.074 1.5138 0.3432, -2.074 1.5177 0.2098, -2.074 1.5138 0.2098, -2.2217 1.5177 0.2098, -2.2384 1.5177 0.2098, -2.2217 1.5177 0.2245, -2.2384 1.5177 0.2711, -2.2217 1.5177 0.2703, -2.1853 1.5177 0.2504, -2.1893 1.5177 0.2523, -2.2212 1.5177 0.2245, -2.2124 1.5177 0.2269, -2.2186 1.5177 0.2205, -2.2077 1.5177 0.2238, -2.1993 1.5177 0.2546, -2.2217 1.5177 0.2576, -2.2217 1.5177 0.2484, -2.2216 1.5177 0.2473, -2.2206 1.5177 0.2399, -2.2181 1.5177 0.2339, -2.2145 1.5177 0.229, -2.2211 1.5177 0.2777, -2.237 1.5177 0.2842, -2.2193 1.5177 0.2837, -2.2343 1.5177 0.2916, -2.2174 1.5177 0.2871, -2.2309 1.5177 0.297, -2.2149 1.5177 0.2898, -2.2264 1.5177 0.3012, -2.2119 1.5177 0.2917, -2.2208 1.5177 0.3043, -2.208 1.5177 0.2931, -2.2137 1.5177 0.3064, -2.2023 1.5177 0.2937, -2.2039 1.5177 0.3073, -2.1921 1.5177 0.2926, -2.1871 1.5177 0.3052, -2.1816 1.5177 0.2889, -2.1746 1.5177 0.3004, -2.1711 1.5177 0.2821, -2.1711 1.5177 0.2984, -2.1822 1.5177 0.2269, -2.17 1.5177 0.215, -2.1836 1.5177 0.2255, -2.1756 1.5177 0.2111, -2.1869 1.5177 0.2232, -2.182 1.5177 0.2087, -2.1907 1.5177 0.2219, -2.192 1.5177 0.2075, -2.1963 1.5177 0.2212, -2.2007 1.5177 0.2085, -2.2026 1.5177 0.2219, -2.2074 1.5177 0.2109, -2.2133 1.5177 0.2148, -2.1934 1.5177 0.2664, -2.1806 1.5177 0.2632, -2.1832 1.5177 0.2487, -2.1735 1.5177 0.2595, -2.1812 1.5177 0.2462, -2.1684 1.5177 0.2551, -2.1797 1.5177 0.2431, -2.1651 1.5177 0.2503, -2.1789 1.5177 0.2393, -2.1629 1.5177 0.2444, -2.1787 1.5177 0.2366, -2.1618 1.5177 0.2353, -2.1792 1.5177 0.2328, -2.1626 1.5177 0.2277, -2.1803 1.5177 0.2298, -2.1646 1.5177 0.222, -2.1681 1.5177 0.2169, -2.2039 1.5138 0.3073, -2.1871 1.5138 0.3052, -2.1746 1.5138 0.3004, -2.1711 1.5138 0.2984, -2.1711 1.5138 0.2821, -2.1816 1.5138 0.2889, -2.1921 1.5138 0.2926, -2.2023 1.5138 0.2937, -2.208 1.5138 0.2931, -2.2119 1.5138 0.2917, -2.2149 1.5138 0.2898, -2.2174 1.5138 0.2871, -2.2193 1.5138 0.2837, -2.2211 1.5138 0.2777, -2.2217 1.5138 0.2703, -2.1934 1.5138 0.2664, -2.1806 1.5138 0.2632, -2.1735 1.5138 0.2595, -2.1684 1.5138 0.2551, -2.1651 1.5138 0.2503, -2.1629 1.5138 0.2444, -2.1618 1.5138 0.2353, -2.1626 1.5138 0.2277, -2.1646 1.5138 0.222, -2.1681 1.5138 0.2169, -2.17 1.5138 0.215, -2.192 1.5138 0.2075, -2.1823 1.5138 0.2086, -2.182 1.5138 0.2087, -2.1756 1.5138 0.2111, -2.2007 1.5138 0.2085, -2.2011 1.5138 0.2086, -2.2074 1.5138 0.2109, -2.2133 1.5138 0.2148, -2.2186 1.5138 0.2205, -2.2212 1.5138 0.2245, -2.2217 1.5138 0.2245, -2.2217 1.5138 0.2098, -2.2384 1.5138 0.2098, -2.2384 1.5138 0.2711, -2.237 1.5138 0.2842, -2.2343 1.5138 0.2916, -2.2309 1.5138 0.297, -2.2264 1.5138 0.3012, -2.2208 1.5138 0.3043, -2.2137 1.5138 0.3064, -2.1832 1.5138 0.2487, -2.1853 1.5138 0.2504, -2.1893 1.5138 0.2523, -2.1993 1.5138 0.2546, -2.1787 1.5138 0.2366, -2.1789 1.5138 0.2393, -2.1797 1.5138 0.2431, -2.1812 1.5138 0.2462, -2.1836 1.5138 0.2255, -2.1822 1.5138 0.2269, -2.1803 1.5138 0.2298, -2.1792 1.5138 0.2328, -2.1963 1.5138 0.2212, -2.1907 1.5138 0.2219, -2.1869 1.5138 0.2232, -2.2145 1.5138 0.229, -2.2124 1.5138 0.2269, -2.2077 1.5138 0.2238, -2.2026 1.5138 0.2219, -2.2217 1.5138 0.2484, -2.2216 1.5138 0.2473, -2.2206 1.5138 0.2399, -2.2181 1.5138 0.2339, -2.2217 1.5138 0.2576
            ]
        }
        coordIndex [
            0,1,2,-1,2,1,3,-1,4,0,5,-1,5,0,2,-1,6,4,7,-1,7,4,5,-1,8,6,9,-1,9,6,7,-1,10,8,11,-1,11,8,9,-1,12,10,13,-1,13,10,11,-1,14,12,15,-1,15,12,13,-1,16,14,17,-1,17,14,15,-1,18,16,19,-1,19,16,17,-1,20,18,21,-1,21,18,19,-1,22,20,23,-1,23,20,21,-1,1,22,3,-1,3,22,23,-1,16,18,14,-1,14,18,20,-1,14,20,12,-1,1,0,22,-1,22,0,4,-1,22,4,6,-1,8,10,6,-1,6,10,12,-1,6,12,22,-1,22,12,20,-1,24,25,26,-1,26,25,27,-1,28,29,30,-1,31,32,33,-1,33,32,34,-1,35,36,27,-1,27,36,37,-1,37,38,27,-1,27,38,39,-1,27,39,26,-1,26,39,40,-1,26,40,31,-1,31,40,41,-1,31,41,32,-1,30,35,28,-1,28,35,27,-1,28,27,42,-1,42,27,43,-1,42,43,44,-1,44,43,45,-1,44,45,46,-1,46,45,47,-1,46,47,48,-1,48,47,49,-1,48,49,50,-1,50,49,51,-1,50,51,52,-1,52,51,53,-1,52,53,54,-1,54,53,55,-1,54,55,56,-1,56,55,57,-1,56,57,58,-1,58,57,59,-1,58,59,60,-1,60,59,61,-1,62,63,64,-1,64,63,65,-1,64,65,66,-1,66,65,67,-1,66,67,68,-1,68,67,69,-1,68,69,70,-1,70,69,71,-1,70,71,72,-1,72,71,73,-1,72,73,34,-1,34,73,74,-1,34,74,33,-1,28,75,29,-1,29,75,76,-1,29,76,77,-1,77,76,78,-1,77,78,79,-1,79,78,80,-1,79,80,81,-1,81,80,82,-1,81,82,83,-1,83,82,84,-1,83,84,85,-1,85,84,86,-1,85,86,87,-1,87,86,88,-1,87,88,89,-1,89,88,90,-1,89,90,62,-1,62,90,91,-1,62,91,63,-1,55,92,93,-1,55,93,57,-1,57,93,94,-1,57,94,59,-1,59,94,95,-1,59,95,61,-1,60,61,96,-1,96,61,95,-1,60,96,97,-1,60,97,58,-1,58,97,98,-1,58,98,56,-1,56,98,99,-1,56,99,54,-1,54,99,100,-1,54,100,52,-1,52,100,101,-1,52,101,50,-1,50,101,102,-1,50,102,48,-1,48,102,103,-1,48,103,46,-1,46,103,104,-1,46,104,44,-1,44,104,105,-1,44,105,42,-1,42,105,106,-1,42,106,28,-1,75,28,107,-1,107,28,106,-1,75,107,108,-1,75,108,76,-1,76,108,109,-1,76,109,78,-1,78,109,110,-1,78,110,80,-1,80,110,111,-1,80,111,82,-1,82,111,112,-1,82,112,84,-1,84,112,113,-1,84,113,86,-1,86,113,114,-1,86,114,88,-1,88,114,115,-1,88,115,90,-1,90,115,116,-1,90,116,91,-1,91,116,117,-1,91,117,63,-1,118,69,119,-1,119,69,67,-1,119,67,120,-1,120,67,65,-1,120,65,121,-1,121,65,63,-1,121,63,117,-1,69,118,122,-1,69,122,71,-1,71,122,123,-1,71,123,73,-1,123,124,73,-1,73,124,125,-1,73,125,74,-1,74,125,126,-1,74,126,33,-1,33,126,127,-1,33,127,31,-1,26,31,128,-1,128,31,127,-1,24,26,129,-1,129,26,128,-1,25,24,130,-1,130,24,129,-1,27,25,131,-1,131,25,130,-1,27,131,132,-1,27,132,43,-1,43,132,133,-1,43,133,45,-1,45,133,134,-1,45,134,47,-1,47,134,135,-1,47,135,49,-1,49,135,136,-1,49,136,51,-1,51,136,137,-1,51,137,53,-1,53,137,92,-1,53,92,55,-1,77,138,139,-1,77,139,29,-1,29,139,140,-1,29,140,30,-1,30,140,141,-1,30,141,35,-1,85,142,143,-1,85,143,83,-1,83,143,144,-1,83,144,81,-1,81,144,145,-1,81,145,79,-1,79,145,138,-1,79,138,77,-1,64,146,147,-1,64,147,62,-1,62,147,148,-1,62,148,89,-1,89,148,149,-1,89,149,87,-1,87,149,142,-1,87,142,85,-1,70,150,151,-1,70,151,68,-1,68,151,152,-1,68,152,66,-1,66,152,146,-1,66,146,64,-1,41,153,154,-1,41,154,32,-1,32,154,155,-1,32,155,34,-1,34,155,156,-1,34,156,72,-1,72,156,150,-1,72,150,70,-1,37,157,158,-1,37,158,38,-1,38,158,159,-1,38,159,39,-1,39,159,160,-1,39,160,40,-1,40,160,153,-1,40,153,41,-1,37,36,157,-1,157,36,161,-1,36,35,161,-1,161,35,141,-1,
        ]
    }
}
Shape{
    appearance Appearance {
        material  Material 	{
            diffuseColor 0.20784313725490197 0.20784313725490197 0.20784313725490197
            specularColor 0.01568627450980392 0.01568627450980392 0.01568627450980392
            ambientIntensity 0.298
            transparency 0.0
            shininess 0.5
        }
    }
    geometry IndexedFaceSet {
        ccw TRUE
        solid FALSE
        coord DEF co Coordinate {
            point [
                -2.2216 1.5138 0.2473, -2.2217 1.5138 0.2484, -2.1832 1.5138 0.2487, -2.2217 1.5138 0.2576, -2.1993 1.5138 0.2546, -2.1893 1.5138 0.2523, -2.1853 1.5138 0.2504, -2.2206 1.5138 0.2399, -2.1812 1.5138 0.2462, -2.2181 1.5138 0.2339, -2.1822 1.5138 0.2269, -2.1836 1.5138 0.2255, -2.2124 1.5138 0.2269, -2.1803 1.5138 0.2298, -2.2077 1.5138 0.2238, -2.2026 1.5138 0.2219, -2.1963 1.5138 0.2212, -2.1797 1.5138 0.2431, -2.1789 1.5138 0.2393, -2.2145 1.5138 0.229, -2.1787 1.5138 0.2366, -2.1792 1.5138 0.2328, -2.1869 1.5138 0.2232, -2.1907 1.5138 0.2219
            ]
        }
        coordIndex [
            0,1,2,-1,1,3,4,-1,4,5,1,-1,1,5,6,-1,1,6,2,-1,0,2,7,-1,7,2,8,-1,7,8,9,-1,10,11,12,-1,10,12,13,-1,14,12,15,-1,15,12,16,-1,8,17,9,-1,9,17,18,-1,9,18,19,-1,19,18,20,-1,19,20,12,-1,12,20,21,-1,12,21,13,-1,11,22,12,-1,12,22,23,-1,12,23,16,-1,
        ]
    }
}
Shape{
    appearance Appearance {
        material  Material 	{
            diffuseColor 1.0 1.0 1.0
            specularColor 0.5019607843137255 0.5019607843137255 0.5019607843137255
            ambientIntensity 1.0
            transparency 0.0
            shininess 0.5
        }
    }
    geometry IndexedFaceSet {
        ccw TRUE
        solid FALSE
        coord DEF co Coordinate {
            point [
                -2.261 1.5138 0.2304, -2.261 1.5177 0.2304, -2.2671 1.5177 0.2266, -2.2885 1.5177 0.2212, -2.2885 1.5138 0.2212, -2.2775 1.5138 0.2225, -2.2775 1.5177 0.2225, -2.2687 1.5138 0.2259, -2.2671 1.5138 0.2266, -2.261 1.5177 0.2131, -2.261 1.5138 0.2131, -2.272 1.5177 0.2092, -2.2687 1.5138 0.2103, -2.2869 1.5138 0.2075, -2.2869 1.5177 0.2075, -2.2767 1.5138 0.2086, -2.272 1.5138 0.2092, -2.3003 1.5177 0.2089, -2.2978 1.5138 0.2086, -2.3003 1.5138 0.2089, -2.3095 1.5138 0.2121, -2.3095 1.5177 0.2121, -2.3146 1.5138 0.2151, -2.3146 1.5177 0.2151, -2.3194 1.5138 0.2193, -2.3194 1.5177 0.2193, -2.3225 1.5138 0.2237, -2.3225 1.5177 0.2237, -2.3246 1.5138 0.229, -2.3246 1.5177 0.229, -2.3254 1.5138 0.2357, -2.3254 1.5177 0.2357, -2.3247 1.5138 0.2419, -2.3247 1.5177 0.2419, -2.3229 1.5138 0.2468, -2.3229 1.5177 0.2468, -2.3198 1.5138 0.2514, -2.3198 1.5177 0.2514, -2.3158 1.5138 0.255, -2.3158 1.5177 0.255, -2.3047 1.5138 0.2612, -2.3047 1.5177 0.2612, -2.2982 1.5138 0.2638, -2.2982 1.5177 0.2638, -2.2879 1.5138 0.2683, -2.2879 1.5177 0.2683, -2.282 1.5138 0.272, -2.282 1.5177 0.272, -2.2804 1.5138 0.2738, -2.2804 1.5177 0.2738, -2.2792 1.5138 0.276, -2.2792 1.5177 0.276, -2.2785 1.5138 0.2786, -2.2785 1.5177 0.2786, -2.2783 1.5138 0.2808, -2.2783 1.5177 0.2808, -2.2787 1.5138 0.2835, -2.2787 1.5177 0.2835, -2.2795 1.5138 0.2858, -2.2795 1.5177 0.2858, -2.2809 1.5138 0.2879, -2.2809 1.5177 0.2879, -2.2834 1.5138 0.2901, -2.2834 1.5177 0.2901, -2.2872 1.5138 0.2921, -2.2872 1.5177 0.2921, -2.2917 1.5138 0.2933, -2.2917 1.5177 0.2933, -2.2966 1.5138 0.2937, -2.2966 1.5177 0.2937, -2.308 1.5138 0.2923, -2.308 1.5177 0.2923, -2.3175 1.5138 0.2887, -2.3175 1.5177 0.2887, -2.3208 1.5138 0.2868, -2.3208 1.5177 0.2868, -2.3208 1.5177 0.303, -2.3208 1.5138 0.303, -2.3092 1.5138 0.3063, -2.3092 1.5177 0.3063, -2.2982 1.5138 0.3073, -2.2982 1.5177 0.3073, -2.2858 1.5138 0.3059, -2.2858 1.5177 0.3059, -2.2766 1.5138 0.3026, -2.2766 1.5177 0.3026, -2.2718 1.5138 0.2997, -2.2718 1.5177 0.2997, -2.2669 1.5177 0.2952, -2.2687 1.5138 0.2969, -2.2669 1.5138 0.2952, -2.2638 1.5138 0.2907, -2.2638 1.5177 0.2907, -2.2618 1.5138 0.2853, -2.2618 1.5177 0.2853, -2.2611 1.5138 0.2793, -2.2611 1.5177 0.2793, -2.2618 1.5138 0.2729, -2.2618 1.5177 0.2729, -2.2637 1.5138 0.2678, -2.2637 1.5177 0.2678, -2.2659 1.5138 0.2643, -2.2659 1.5177 0.2643, -2.2864 1.5138 0.2516, -2.2864 1.5177 0.2516, -2.2765 1.5177 0.2562, -2.2686 1.5138 0.2614, -2.2686 1.5177 0.2614, -2.2687 1.5138 0.2613, -2.2765 1.5138 0.2562, -2.2974 1.5138 0.2471, -2.2974 1.5177 0.2471, -2.3039 1.5138 0.2431, -2.3039 1.5177 0.2431, -2.306 1.5138 0.241, -2.306 1.5177 0.241, -2.3073 1.5138 0.2387, -2.3073 1.5177 0.2387, -2.3081 1.5138 0.2361, -2.3081 1.5177 0.2361, -2.3082 1.5138 0.234, -2.3082 1.5177 0.234, -2.3079 1.5138 0.2309, -2.3079 1.5177 0.2309, -2.307 1.5138 0.2285, -2.307 1.5177 0.2285, -2.3056 1.5138 0.2263, -2.3056 1.5177 0.2263, -2.3037 1.5138 0.2246, -2.3037 1.5177 0.2246, -2.3021 1.5138 0.2237, -2.3021 1.5177 0.2237, -2.2978 1.5138 0.2221, -2.2978 1.5177 0.2221, -2.2893 1.5138 0.2212, -2.2893 1.5177 0.2212, -2.4083 1.5177 0.3051, -2.4256 1.5177 0.3051, -2.4083 1.5138 0.3051, -2.4256 1.5138 0.3051, -2.3822 1.5177 0.2333, -2.3822 1.5138 0.2333, -2.3809 1.5138 0.2289, -2.3809 1.5177 0.2289, -2.3802 1.5138 0.2256, -2.3802 1.5177 0.2256, -2.3797 1.5177 0.2256, -2.3797 1.5138 0.2256, -2.3777 1.5177 0.2334, -2.3777 1.5138 0.2334, -2.3528 1.5138 0.3051, -2.3528 1.5177 0.3051, -2.3609 1.5138 0.2819, -2.3341 1.5177 0.3051, -2.3341 1.5138 0.3051, -2.3715 1.5138 0.21, -2.3715 1.5177 0.21, -2.3609 1.5138 0.237, -2.3641 1.5138 0.1926, -2.3641 1.5177 0.1926, -2.3709 1.5138 0.2086, -2.3609 1.5138 0.1866, -2.3609 1.5177 0.1866, -2.3609 1.5138 0.1866, -2.3578 1.5177 0.1831, -2.3578 1.5138 0.1831, -2.3547 1.5138 0.181, -2.3547 1.5177 0.181, -2.3511 1.5138 0.1796, -2.3511 1.5177 0.1796, -2.347 1.5138 0.1792, -2.347 1.5177 0.1792, -2.341 1.5138 0.18, -2.341 1.5177 0.18, -2.3375 1.5138 0.1811, -2.3375 1.5177 0.1811, -2.3375 1.5177 0.1662, -2.3375 1.5138 0.1662, -2.3446 1.5138 0.165, -2.3446 1.5177 0.165, -2.3483 1.5138 0.1649, -2.3483 1.5177 0.1649, -2.3551 1.5138 0.1656, -2.3551 1.5177 0.1656, -2.3609 1.5138 0.1678, -2.3617 1.5177 0.1682, -2.3617 1.5138 0.1682, -2.3675 1.5138 0.1722, -2.3675 1.5177 0.1722, -2.3686 1.5138 0.1733, -2.3686 1.5177 0.1733, -2.3748 1.5138 0.1806, -2.3748 1.5177 0.1806, -2.3823 1.5138 0.1954, -2.3823 1.5177 0.1954, -2.3876 1.5138 0.2086, -2.5154 1.5177 0.225, -2.5154 1.5177 0.2098, -2.5154 1.5138 0.225, -2.5154 1.5138 0.2098, -2.4608 1.5138 0.225, -2.4608 1.5177 0.225, -2.4858 1.5138 0.225, -2.4608 1.5177 0.2699, -2.4608 1.5138 0.2699, -2.5085 1.5138 0.2699, -2.5085 1.5177 0.2699, -2.4858 1.5138 0.2699, -2.5085 1.5177 0.2851, -2.5085 1.5138 0.2851, -2.4608 1.5138 0.2851, -2.4608 1.5177 0.2851, -2.4858 1.5138 0.2851, -2.4608 1.5177 0.3279, -2.4608 1.5138 0.3279, -2.5123 1.5138 0.3279, -2.5123 1.5177 0.3279, -2.4858 1.5138 0.3279, -2.5123 1.5177 0.3432, -2.5123 1.5138 0.3432, -2.4436 1.5138 0.3432, -2.4436 1.5177 0.3432, -2.4858 1.5138 0.3432, -2.4436 1.5177 0.2098, -2.4436 1.5138 0.2098, -2.4858 1.5138 0.2098, -2.6236 1.5177 0.2473, -2.6169 1.5177 0.2389, -2.6291 1.5177 0.2285, -2.6152 1.5177 0.2374, -2.615 1.5177 0.2184, -2.6066 1.5177 0.2314, -2.5998 1.5177 0.2125, -2.5955 1.5177 0.2271, -2.5773 1.5177 0.2098, -2.5772 1.5177 0.225, -2.5406 1.5177 0.2098, -2.5578 1.5177 0.225, -2.5406 1.5177 0.3432, -2.5578 1.5177 0.3279, -2.5786 1.5177 0.3432, -2.578 1.5177 0.3279, -2.599 1.5177 0.341, -2.5956 1.5177 0.3259, -2.6151 1.5177 0.3351, -2.6071 1.5177 0.3216, -2.6291 1.5177 0.3255, -2.6165 1.5177 0.3153, -2.6339 1.5177 0.3209, -2.6214 1.5177 0.3102, -2.6421 1.5177 0.3092, -2.6263 1.5177 0.3024, -2.647 1.5177 0.2965, -2.6297 1.5177 0.2919, -2.6492 1.5177 0.2782, -2.6311 1.5177 0.2777, -2.6485 1.5177 0.2672, -2.6307 1.5177 0.2695, -2.6449 1.5177 0.252, -2.6281 1.5177 0.2572, -2.6378 1.5177 0.2384, -2.5773 1.5138 0.2098, -2.5406 1.5138 0.2098, -2.5998 1.5138 0.2125, -2.615 1.5138 0.2184, -2.6291 1.5138 0.2285, -2.6378 1.5138 0.2384, -2.6449 1.5138 0.252, -2.6485 1.5138 0.2672, -2.6492 1.5138 0.2782, -2.647 1.5138 0.2965, -2.6421 1.5138 0.3092, -2.6339 1.5138 0.3209, -2.6291 1.5138 0.3255, -2.6151 1.5138 0.3351, -2.599 1.5138 0.341, -2.5786 1.5138 0.3432, -2.5406 1.5138 0.3432, -2.578 1.5138 0.3279, -2.5578 1.5138 0.3279, -2.5578 1.5138 0.225, -2.5772 1.5138 0.225, -2.6169 1.5138 0.2389, -2.6152 1.5138 0.2374, -2.6066 1.5138 0.2314, -2.5955 1.5138 0.2271, -2.6311 1.5138 0.2777, -2.6307 1.5138 0.2695, -2.6281 1.5138 0.2572, -2.6236 1.5138 0.2473, -2.6165 1.5138 0.3153, -2.6214 1.5138 0.3102, -2.6263 1.5138 0.3024, -2.6297 1.5138 0.2919, -2.5956 1.5138 0.3259, -2.6071 1.5138 0.3216
            ]
        }
        coordIndex [
            0,1,2,-1,3,4,5,-1,3,5,6,-1,6,5,7,-1,6,7,2,-1,2,7,8,-1,2,8,0,-1,9,1,10,-1,10,1,0,-1,9,10,11,-1,11,10,12,-1,13,14,15,-1,15,14,11,-1,15,11,16,-1,16,11,12,-1,14,13,17,-1,17,13,18,-1,18,19,17,-1,17,19,20,-1,17,20,21,-1,21,20,22,-1,21,22,23,-1,23,22,24,-1,23,24,25,-1,25,24,26,-1,25,26,27,-1,27,26,28,-1,27,28,29,-1,29,28,30,-1,29,30,31,-1,31,30,32,-1,31,32,33,-1,33,32,34,-1,33,34,35,-1,35,34,36,-1,35,36,37,-1,37,36,38,-1,37,38,39,-1,39,38,40,-1,39,40,41,-1,41,40,42,-1,41,42,43,-1,43,42,44,-1,43,44,45,-1,45,44,46,-1,45,46,47,-1,47,46,48,-1,47,48,49,-1,49,48,50,-1,49,50,51,-1,51,50,52,-1,51,52,53,-1,53,52,54,-1,53,54,55,-1,55,54,56,-1,55,56,57,-1,57,56,58,-1,57,58,59,-1,59,58,60,-1,59,60,61,-1,61,60,62,-1,61,62,63,-1,63,62,64,-1,63,64,65,-1,65,64,66,-1,65,66,67,-1,67,66,68,-1,67,68,69,-1,69,68,70,-1,69,70,71,-1,71,70,72,-1,71,72,73,-1,73,72,74,-1,73,74,75,-1,76,75,77,-1,77,75,74,-1,76,77,78,-1,76,78,79,-1,79,78,80,-1,79,80,81,-1,81,80,82,-1,81,82,83,-1,83,82,84,-1,83,84,85,-1,85,84,86,-1,85,86,87,-1,87,86,88,-1,88,86,89,-1,89,90,88,-1,88,90,91,-1,88,91,92,-1,92,91,93,-1,92,93,94,-1,94,93,95,-1,94,95,96,-1,96,95,97,-1,96,97,98,-1,98,97,99,-1,98,99,100,-1,100,99,101,-1,100,101,102,-1,103,104,105,-1,102,101,106,-1,102,106,107,-1,107,106,108,-1,107,108,105,-1,105,108,109,-1,105,109,103,-1,104,103,110,-1,104,110,111,-1,111,110,112,-1,111,112,113,-1,113,112,114,-1,113,114,115,-1,115,114,116,-1,115,116,117,-1,117,116,118,-1,117,118,119,-1,119,118,120,-1,119,120,121,-1,121,120,122,-1,121,122,123,-1,123,122,124,-1,123,124,125,-1,125,124,126,-1,125,126,127,-1,127,126,128,-1,127,128,129,-1,129,128,130,-1,129,130,131,-1,131,130,132,-1,131,132,133,-1,133,132,134,-1,133,134,135,-1,135,134,4,-1,135,4,3,-1,61,63,85,-1,85,63,83,-1,111,43,104,-1,104,43,45,-1,21,23,127,-1,127,23,25,-1,127,25,125,-1,125,25,27,-1,125,27,123,-1,123,27,29,-1,123,29,121,-1,121,29,31,-1,121,31,119,-1,119,31,33,-1,119,33,117,-1,117,33,35,-1,117,35,115,-1,115,35,37,-1,115,37,113,-1,113,37,39,-1,113,39,111,-1,111,39,41,-1,111,41,43,-1,14,3,11,-1,11,3,6,-1,11,6,9,-1,9,6,2,-1,9,2,1,-1,63,65,83,-1,83,65,67,-1,83,67,81,-1,81,67,69,-1,81,69,79,-1,79,69,71,-1,79,71,76,-1,76,71,73,-1,76,73,75,-1,127,129,21,-1,21,129,131,-1,21,131,17,-1,17,131,133,-1,17,133,14,-1,14,133,135,-1,14,135,3,-1,85,87,61,-1,61,87,88,-1,61,88,59,-1,59,88,92,-1,59,92,57,-1,57,92,94,-1,57,94,55,-1,55,94,96,-1,55,96,53,-1,53,96,98,-1,53,98,51,-1,51,98,100,-1,51,100,49,-1,49,100,102,-1,49,102,47,-1,47,102,107,-1,47,107,45,-1,45,107,105,-1,45,105,104,-1,136,137,138,-1,138,137,139,-1,140,136,141,-1,141,136,138,-1,140,141,142,-1,140,142,143,-1,143,142,144,-1,143,144,145,-1,146,145,147,-1,147,145,144,-1,148,146,149,-1,149,146,147,-1,150,151,152,-1,152,151,148,-1,152,148,149,-1,153,151,154,-1,154,151,150,-1,155,156,157,-1,157,156,153,-1,157,153,154,-1,158,159,160,-1,160,159,156,-1,160,156,155,-1,159,158,161,-1,159,161,162,-1,162,161,163,-1,162,163,164,-1,163,165,164,-1,164,165,166,-1,164,166,167,-1,167,166,168,-1,167,168,169,-1,169,168,170,-1,169,170,171,-1,171,170,172,-1,171,172,173,-1,173,172,174,-1,173,174,175,-1,176,175,177,-1,177,175,174,-1,176,177,178,-1,176,178,179,-1,179,178,180,-1,179,180,181,-1,181,180,182,-1,181,182,183,-1,183,182,184,-1,183,184,185,-1,184,186,185,-1,185,186,187,-1,185,187,188,-1,188,187,189,-1,188,189,190,-1,190,189,191,-1,190,191,192,-1,192,191,193,-1,192,193,194,-1,139,137,195,-1,195,137,194,-1,195,194,193,-1,143,145,194,-1,137,136,194,-1,194,136,140,-1,194,140,143,-1,151,153,148,-1,148,153,156,-1,148,156,146,-1,175,176,173,-1,173,176,179,-1,173,179,171,-1,171,179,181,-1,171,181,169,-1,169,181,183,-1,169,183,167,-1,167,183,185,-1,167,185,164,-1,192,162,190,-1,190,162,164,-1,190,164,188,-1,188,164,185,-1,145,146,194,-1,194,146,156,-1,194,156,192,-1,192,156,159,-1,192,159,162,-1,196,197,198,-1,198,197,199,-1,200,201,202,-1,202,201,196,-1,202,196,198,-1,203,201,204,-1,204,201,200,-1,205,206,207,-1,207,206,203,-1,207,203,204,-1,208,206,209,-1,209,206,205,-1,210,211,212,-1,212,211,208,-1,212,208,209,-1,213,211,214,-1,214,211,210,-1,215,216,217,-1,217,216,213,-1,217,213,214,-1,218,216,219,-1,219,216,215,-1,220,221,222,-1,222,221,218,-1,222,218,219,-1,223,221,224,-1,224,221,220,-1,199,197,225,-1,225,197,223,-1,225,223,224,-1,223,197,196,-1,196,201,223,-1,223,201,203,-1,223,203,221,-1,216,218,213,-1,213,218,221,-1,213,221,211,-1,211,221,203,-1,211,203,208,-1,208,203,206,-1,226,227,228,-1,228,227,229,-1,228,229,230,-1,230,229,231,-1,230,231,232,-1,232,231,233,-1,232,233,234,-1,234,233,235,-1,234,235,236,-1,236,235,237,-1,236,237,238,-1,238,237,239,-1,238,239,240,-1,240,239,241,-1,240,241,242,-1,242,241,243,-1,242,243,244,-1,244,243,245,-1,244,245,246,-1,246,245,247,-1,246,247,248,-1,248,247,249,-1,248,249,250,-1,250,249,251,-1,250,251,252,-1,252,251,253,-1,252,253,254,-1,254,253,255,-1,254,255,256,-1,256,255,257,-1,256,257,258,-1,258,257,259,-1,258,259,260,-1,260,259,226,-1,260,226,228,-1,234,236,261,-1,261,236,262,-1,234,261,263,-1,234,263,232,-1,232,263,264,-1,232,264,230,-1,230,264,265,-1,230,265,228,-1,228,265,266,-1,228,266,260,-1,260,266,267,-1,260,267,258,-1,258,267,268,-1,258,268,256,-1,256,268,269,-1,256,269,254,-1,254,269,270,-1,254,270,252,-1,252,270,271,-1,252,271,250,-1,250,271,272,-1,250,272,248,-1,248,272,273,-1,248,273,246,-1,246,273,274,-1,246,274,244,-1,244,274,275,-1,244,275,242,-1,242,275,276,-1,242,276,240,-1,238,240,277,-1,277,240,276,-1,236,238,262,-1,262,238,277,-1,241,239,278,-1,278,239,279,-1,239,237,279,-1,279,237,280,-1,237,235,280,-1,280,235,281,-1,227,282,283,-1,227,283,229,-1,229,283,284,-1,229,284,231,-1,231,284,285,-1,231,285,233,-1,233,285,281,-1,233,281,235,-1,255,286,287,-1,255,287,257,-1,257,287,288,-1,257,288,259,-1,259,288,289,-1,259,289,226,-1,226,289,282,-1,226,282,227,-1,247,290,291,-1,247,291,249,-1,249,291,292,-1,249,292,251,-1,251,292,293,-1,251,293,253,-1,253,293,286,-1,253,286,255,-1,241,278,294,-1,241,294,243,-1,243,294,295,-1,243,295,245,-1,245,295,290,-1,245,290,247,-1,
        ]
    }
}
Shape{
    appearance Appearance {
        material  Material 	{
            diffuseColor 0.20784313725490197 0.20784313725490197 0.20784313725490197
            specularColor 0.01568627450980392 0.01568627450980392 0.01568627450980392
            ambientIntensity 0.298
            transparency 0.0
            shininess 0.5
        }
    }
    geometry IndexedFaceSet {
        ccw TRUE
        solid FALSE
        coord DEF co Coordinate {
            point [
                -2.5578 1.5138 0.3279, -2.5578 1.5138 0.225, -2.578 1.5138 0.3279, -2.5772 1.5138 0.225, -2.5955 1.5138 0.2271, -2.6066 1.5138 0.2314, -2.6152 1.5138 0.2374, -2.6311 1.5138 0.2777, -2.6165 1.5138 0.3153, -2.6071 1.5138 0.3216, -2.6169 1.5138 0.2389, -2.6236 1.5138 0.2473, -2.6281 1.5138 0.2572, -2.6214 1.5138 0.3102, -2.6297 1.5138 0.2919, -2.6263 1.5138 0.3024, -2.6307 1.5138 0.2695, -2.5956 1.5138 0.3259
            ]
        }
        coordIndex [
            0,1,2,-1,2,1,3,-1,3,4,2,-1,2,4,5,-1,2,5,6,-1,7,8,9,-1,6,10,2,-1,2,10,11,-1,2,11,12,-1,8,7,13,-1,13,7,14,-1,13,14,15,-1,12,16,2,-1,2,16,7,-1,2,7,17,-1,17,7,9,-1,
        ]
    }
}
Shape{
    appearance Appearance {
        material  Material 	{
            diffuseColor 1.0 1.0 1.0
            specularColor 0.5019607843137255 0.5019607843137255 0.5019607843137255
            ambientIntensity 1.0
            transparency 0.0
            shininess 0.5
        }
    }
    geometry IndexedFaceSet {
        ccw TRUE
        solid FALSE
        coord DEF co Coordinate {
            point [
                -2.6939 1.5177 0.2613, -2.7139 1.5177 0.3168, -2.7075 1.5177 0.3432, -2.6566 1.5177 0.2098, -2.6757 1.5177 0.2098, -2.6885 1.5177 0.2463, -2.7151 1.5177 0.3208, -2.7161 1.5177 0.3262, -2.7259 1.5177 0.3432, -2.7165 1.5177 0.3262, -2.7176 1.5177 0.3205, -2.7186 1.5177 0.3168, -2.7387 1.5177 0.2613, -2.7767 1.5177 0.2098, -2.7577 1.5177 0.2098, -2.7441 1.5177 0.2463, -2.7259 1.5138 0.3432, -2.7767 1.5138 0.2098, -2.7075 1.5138 0.3432, -2.6566 1.5138 0.2098, -2.6757 1.5138 0.2098, -2.6885 1.5138 0.2463, -2.7441 1.5138 0.2463, -2.7577 1.5138 0.2098, -2.6939 1.5138 0.2613, -2.7387 1.5138 0.2613, -2.7186 1.5138 0.3168, -2.7165 1.5138 0.3262, -2.7176 1.5138 0.3205, -2.7161 1.5138 0.3262, -2.7139 1.5138 0.3168, -2.7151 1.5138 0.3208
            ]
        }
        coordIndex [
            0,1,2,-1,3,4,5,-1,1,6,2,-1,2,6,7,-1,2,7,8,-1,8,7,9,-1,8,9,10,-1,10,11,8,-1,8,11,12,-1,8,12,13,-1,14,13,15,-1,15,13,12,-1,15,12,5,-1,5,12,0,-1,5,0,3,-1,3,0,2,-1,8,13,16,-1,16,13,17,-1,2,8,18,-1,18,8,16,-1,3,2,19,-1,19,2,18,-1,4,3,20,-1,20,3,19,-1,5,4,21,-1,21,4,20,-1,15,5,22,-1,22,5,21,-1,14,15,23,-1,23,15,22,-1,13,14,17,-1,17,14,23,-1,0,12,24,-1,24,12,25,-1,12,11,25,-1,25,11,26,-1,9,27,28,-1,9,28,10,-1,10,28,26,-1,10,26,11,-1,9,7,27,-1,27,7,29,-1,1,30,31,-1,1,31,6,-1,6,31,29,-1,6,29,7,-1,1,0,30,-1,30,0,24,-1,
        ]
    }
}
Shape{
    appearance Appearance {
        material  Material 	{
            diffuseColor 0.20784313725490197 0.20784313725490197 0.20784313725490197
            specularColor 0.01568627450980392 0.01568627450980392 0.01568627450980392
            ambientIntensity 0.298
            transparency 0.0
            shininess 0.5
        }
    }
    geometry IndexedFaceSet {
        ccw TRUE
        solid FALSE
        coord DEF co Coordinate {
            point [
                -2.7165 1.5138 0.3262, -2.7161 1.5138 0.3262, -2.7176 1.5138 0.3205, -2.7151 1.5138 0.3208, -2.7186 1.5138 0.3168, -2.7139 1.5138 0.3168, -2.7387 1.5138 0.2613, -2.6939 1.5138 0.2613
            ]
        }
        coordIndex [
            0,1,2,-1,2,1,3,-1,2,3,4,-1,4,3,5,-1,4,5,6,-1,6,5,7,-1,
        ]
    }
}
Shape{
    appearance Appearance {
        material  Material 	{
            diffuseColor 1.0 1.0 1.0
            specularColor 0.5019607843137255 0.5019607843137255 0.5019607843137255
            ambientIntensity 1.0
            transparency 0.0
            shininess 0.5
        }
    }
    geometry IndexedFaceSet {
        ccw TRUE
        solid FALSE
        coord DEF co Coordinate {
            point [
                -1.4847 1.5177 0.1908, -1.4988 1.5177 0.1734, -1.4761 1.5177 0.2748, -1.793 1.5177 0.3213, -1.7636 1.5177 0.3715, -1.6364 1.5177 0.3051, -1.5722 1.5177 0.2768, -1.581 1.5177 0.2736, -1.4595 1.5177 0.4396, -1.4807 1.5177 0.4508, -1.4757 1.5177 0.5092, -1.5349 1.5177 0.512, -1.5643 1.5177 0.4427, -1.5788 1.5177 0.4727, -1.4554 1.5177 0.2875, -1.4631 1.5177 0.2148, -1.4751 1.5177 0.2112, -1.5131 1.5177 0.5139, -1.5887 1.5177 0.2684, -1.5948 1.5177 0.2616, -1.6602 1.5177 0.251, -1.555 1.5177 0.2764, -1.5426 1.5177 0.3346, -1.5468 1.5177 0.2731, -1.5216 1.5177 0.3266, -1.5393 1.5177 0.2679, -1.5022 1.5177 0.3131, -1.5356 1.5177 0.2639, -1.4866 1.5177 0.2951, -1.5307 1.5177 0.2561, -1.5279 1.5177 0.2471, -1.5274 1.5177 0.2379, -1.5997 1.5177 0.331, -1.5768 1.5177 0.3367, -1.5653 1.5177 0.3374, -1.8243 1.5177 0.4152, -1.8319 1.5177 0.4152, -1.8708 1.5177 0.4664, -1.85 1.5177 0.413, -1.8754 1.5177 0.4649, -1.8665 1.5177 0.4066, -1.9037 1.5177 0.4509, -1.9294 1.5177 0.4291, -1.5544 1.5177 0.5346, -1.6001 1.5177 0.4981, -1.5767 1.5177 0.5537, -1.6255 1.5177 0.5167, -1.6008 1.5177 0.5686, -1.5041 1.5177 0.4564, -1.514 1.5177 0.4569, -1.524 1.5177 0.5133, -1.5364 1.5177 0.4542, -1.5576 1.5177 0.4464, -1.5989 1.5177 0.2538, -1.6011 1.5177 0.245, -1.6602 1.5177 0.2416, -1.6011 1.5177 0.2364, -1.6596 1.5177 0.2316, -1.9296 1.5177 0.252, -1.8854 1.5177 0.2897, -1.9038 1.5177 0.2301, -1.8714 1.5177 0.2782, -1.8749 1.5177 0.216, -1.8547 1.5177 0.2705, -1.8433 1.5177 0.2093, -1.8376 1.5177 0.2672, -1.7873 1.5177 0.2093, -1.7949 1.5177 0.2672, -1.7819 1.5177 0.2102, -1.5643 1.5177 0.2776, -1.6198 1.5177 0.3202, -1.8812 1.5177 0.3963, -1.8921 1.5177 0.3841, -1.9488 1.5177 0.4021, -1.901 1.5177 0.3678, -1.9604 1.5177 0.3731, -1.9054 1.5177 0.3496, -1.9647 1.5177 0.3421, -1.9059 1.5177 0.3412, -1.9604 1.5177 0.3083, -1.9036 1.5177 0.3227, -1.9485 1.5177 0.2782, -1.8971 1.5177 0.3058, -1.8866 1.5177 0.291, -1.8196 1.5177 0.5414, -1.7824 1.5177 0.4978, -1.8511 1.5177 0.5048, -1.8038 1.5177 0.4722, -1.8185 1.5177 0.4417, -1.422 1.5177 0.385, -1.3596 1.5177 0.3693, -1.4192 1.5177 0.3621, -1.3594 1.5177 0.3602, -1.4203 1.5177 0.3474, -1.364 1.5177 0.323, -1.4271 1.5177 0.3242, -1.3776 1.5177 0.2877, -1.4384 1.5177 0.305, -1.3992 1.5177 0.2567, -1.4288 1.5177 0.2315, -1.5292 1.5177 0.229, -1.5329 1.5177 0.221, -1.6446 1.5177 0.5852, -1.6565 1.5177 0.5293, -1.6905 1.5177 0.5907, -1.6915 1.5177 0.5338, -1.7322 1.5177 0.586, -1.7237 1.5177 0.5298, -1.7796 1.5177 0.5686, -1.7534 1.5177 0.5184, -1.7801 1.5177 0.4999, -1.4406 1.5177 0.4956, -1.4104 1.5177 0.4744, -1.4433 1.5177 0.4251, -1.404 1.5177 0.4683, -1.4301 1.5177 0.4062, -1.3812 1.5177 0.4391, -1.366 1.5177 0.4049, -1.6541 1.5177 0.2082, -1.5988 1.5177 0.2272, -1.6428 1.5177 0.1871, -1.5944 1.5177 0.2191, -1.6283 1.5177 0.1708, -1.5893 1.5177 0.2133, -1.6094 1.5177 0.1576, -1.582 1.5177 0.2081, -1.5883 1.5177 0.1495, -1.5738 1.5177 0.2048, -1.5653 1.5177 0.1467, -1.5643 1.5177 0.2036, -1.5616 1.5177 0.1467, -1.5627 1.5177 0.2036, -1.5392 1.5177 0.1502, -1.5542 1.5177 0.205, -1.5173 1.5177 0.1594, -1.5456 1.5177 0.2087, -1.5383 1.5177 0.2143, -1.7901 1.5177 0.2681, -1.7673 1.5177 0.2192, -1.7695 1.5177 0.217, -1.793 1.5177 0.2674, -1.7757 1.5177 0.2126, -1.7598 1.5177 0.2387, -1.7607 1.5177 0.2316, -1.7632 1.5177 0.2252, -1.7818 1.5177 0.2672, -1.7753 1.5177 0.2646, -1.76 1.5177 0.2425, -1.7695 1.5177 0.2605, -1.7656 1.5177 0.2561, -1.7619 1.5177 0.2497, -1.7892 1.5177 0.2681, -1.9357 1.5138 0.4203, -1.9488 1.5138 0.4021, -1.9571 1.5138 0.3812, -1.9604 1.5138 0.3731, -1.9647 1.5138 0.3421, -1.9294 1.5138 0.4291, -1.9037 1.5138 0.4509, -1.8754 1.5138 0.4649, -1.8708 1.5138 0.4664, -1.8511 1.5138 0.5048, -1.8196 1.5138 0.5414, -1.7981 1.5138 0.556, -1.7796 1.5138 0.5686, -1.7322 1.5138 0.586, -1.6905 1.5138 0.5907, -1.6446 1.5138 0.5852, -1.6008 1.5138 0.5686, -1.5804 1.5138 0.556, -1.5767 1.5138 0.5537, -1.5544 1.5138 0.5346, -1.5349 1.5138 0.512, -1.524 1.5138 0.5133, -1.5131 1.5138 0.5139, -1.4757 1.5138 0.5092, -1.4406 1.5138 0.4956, -1.4104 1.5138 0.4744, -1.404 1.5138 0.4683, -1.3594 1.5138 0.3602, -1.3812 1.5138 0.4391, -1.3729 1.5138 0.4203, -1.366 1.5138 0.4049, -1.3618 1.5138 0.3812, -1.3596 1.5138 0.3693, -1.364 1.5138 0.323, -1.3776 1.5138 0.2877, -1.3992 1.5138 0.2567, -1.4288 1.5138 0.2315, -1.4631 1.5138 0.2148, -1.4751 1.5138 0.2112, -1.4763 1.5138 0.2086, -1.4847 1.5138 0.1908, -1.4988 1.5138 0.1734, -1.5173 1.5138 0.1594, -1.526 1.5138 0.1558, -1.5392 1.5138 0.1502, -1.5616 1.5138 0.1467, -1.5653 1.5138 0.1467, -1.6602 1.5138 0.2416, -1.5883 1.5138 0.1495, -1.6046 1.5138 0.1558, -1.6094 1.5138 0.1576, -1.6283 1.5138 0.1708, -1.6428 1.5138 0.1871, -1.6541 1.5138 0.2082, -1.6542 1.5138 0.2086, -1.6596 1.5138 0.2316, -1.6602 1.5138 0.251, -1.793 1.5138 0.3213, -1.7636 1.5138 0.3715, -1.6364 1.5138 0.3051, -1.6198 1.5138 0.3202, -1.5997 1.5138 0.331, -1.5768 1.5138 0.3367, -1.5653 1.5138 0.3374, -1.5426 1.5138 0.3346, -1.5216 1.5138 0.3266, -1.5022 1.5138 0.3131, -1.4866 1.5138 0.2951, -1.4761 1.5138 0.2748, -1.4554 1.5138 0.2875, -1.4384 1.5138 0.305, -1.4271 1.5138 0.3242, -1.4203 1.5138 0.3474, -1.4192 1.5138 0.3621, -1.4215 1.5138 0.3812, -1.422 1.5138 0.385, -1.4301 1.5138 0.4062, -1.44 1.5138 0.4203, -1.4433 1.5138 0.4251, -1.4595 1.5138 0.4396, -1.4807 1.5138 0.4508, -1.5041 1.5138 0.4564, -1.514 1.5138 0.4569, -1.5364 1.5138 0.4542, -1.5576 1.5138 0.4464, -1.5643 1.5138 0.4427, -1.5788 1.5138 0.4727, -1.6001 1.5138 0.4981, -1.6255 1.5138 0.5167, -1.6565 1.5138 0.5293, -1.6915 1.5138 0.5338, -1.7237 1.5138 0.5298, -1.7534 1.5138 0.5184, -1.7801 1.5138 0.4999, -1.7824 1.5138 0.4978, -1.8038 1.5138 0.4722, -1.8185 1.5138 0.4417, -1.8232 1.5138 0.4203, -1.8243 1.5138 0.4152, -1.8319 1.5138 0.4152, -1.85 1.5138 0.413, -1.8665 1.5138 0.4066, -1.8812 1.5138 0.3963, -1.8921 1.5138 0.3841, -1.8937 1.5138 0.3812, -1.901 1.5138 0.3678, -1.9054 1.5138 0.3496, -1.9059 1.5138 0.3412, -1.9036 1.5138 0.3227, -1.8971 1.5138 0.3058, -1.8866 1.5138 0.291, -1.8854 1.5138 0.2897, -1.8714 1.5138 0.2782, -1.8547 1.5138 0.2705, -1.8376 1.5138 0.2672, -1.7949 1.5138 0.2672, -1.793 1.5138 0.2674, -1.7901 1.5138 0.2681, -1.7892 1.5138 0.2681, -1.7818 1.5138 0.2672, -1.7753 1.5138 0.2646, -1.7695 1.5138 0.2605, -1.7656 1.5138 0.2561, -1.7619 1.5138 0.2497, -1.76 1.5138 0.2425, -1.7598 1.5138 0.2387, -1.7607 1.5138 0.2316, -1.7632 1.5138 0.2252, -1.7673 1.5138 0.2192, -1.7695 1.5138 0.217, -1.7757 1.5138 0.2126, -1.7819 1.5138 0.2102, -1.7873 1.5138 0.2093, -1.8433 1.5138 0.2093, -1.8749 1.5138 0.216, -1.9038 1.5138 0.2301, -1.9296 1.5138 0.252, -1.9485 1.5138 0.2782, -1.9604 1.5138 0.3083, -1.5643 1.5138 0.2776, -1.5722 1.5138 0.2768, -1.581 1.5138 0.2736, -1.5887 1.5138 0.2684, -1.5948 1.5138 0.2616, -1.5989 1.5138 0.2538, -1.6011 1.5138 0.245, -1.6011 1.5138 0.2364, -1.5988 1.5138 0.2272, -1.5944 1.5138 0.2191, -1.5893 1.5138 0.2133, -1.582 1.5138 0.2081, -1.5738 1.5138 0.2048, -1.5643 1.5138 0.2036, -1.5627 1.5138 0.2036, -1.5542 1.5138 0.205, -1.5456 1.5138 0.2087, -1.5383 1.5138 0.2143, -1.5329 1.5138 0.221, -1.5292 1.5138 0.229, -1.5274 1.5138 0.2379, -1.5279 1.5138 0.2471, -1.5307 1.5138 0.2561, -1.5356 1.5138 0.2639, -1.5393 1.5138 0.2679, -1.5468 1.5138 0.2731, -1.555 1.5138 0.2764
            ]
        }
        coordIndex [
            0,1,2,-1,3,4,5,-1,6,7,3,-1,8,9,10,-1,11,12,13,-1,14,15,2,-1,2,15,16,-1,2,16,0,-1,10,9,17,-1,7,18,3,-1,3,18,19,-1,3,19,20,-1,21,22,23,-1,23,22,24,-1,23,24,25,-1,25,24,26,-1,25,26,27,-1,27,26,28,-1,27,28,29,-1,29,28,2,-1,29,2,30,-1,30,2,31,-1,32,33,21,-1,21,33,34,-1,21,34,22,-1,35,36,37,-1,37,36,38,-1,37,38,39,-1,39,38,40,-1,39,40,41,-1,41,40,42,-1,11,13,43,-1,43,13,44,-1,43,44,45,-1,45,44,46,-1,45,46,47,-1,9,48,17,-1,17,48,49,-1,17,49,50,-1,50,49,51,-1,50,51,11,-1,11,51,52,-1,11,52,12,-1,19,53,20,-1,20,53,54,-1,20,54,55,-1,55,54,56,-1,55,56,57,-1,58,59,60,-1,60,59,61,-1,60,61,62,-1,62,61,63,-1,62,63,64,-1,64,63,65,-1,64,65,66,-1,66,65,67,-1,66,67,68,-1,6,3,69,-1,69,3,5,-1,69,5,21,-1,21,5,70,-1,21,70,32,-1,40,71,42,-1,42,71,72,-1,42,72,73,-1,73,72,74,-1,73,74,75,-1,75,74,76,-1,75,76,77,-1,77,76,78,-1,77,78,79,-1,79,78,80,-1,79,80,81,-1,81,80,82,-1,81,82,58,-1,58,82,83,-1,58,83,59,-1,84,85,86,-1,86,85,87,-1,86,87,37,-1,37,87,88,-1,37,88,35,-1,89,90,91,-1,91,90,92,-1,91,92,93,-1,93,92,94,-1,93,94,95,-1,95,94,96,-1,95,96,97,-1,97,96,98,-1,97,98,14,-1,14,98,99,-1,14,99,15,-1,31,2,100,-1,100,2,1,-1,100,1,101,-1,47,46,102,-1,102,46,103,-1,102,103,104,-1,104,103,105,-1,104,105,106,-1,106,105,107,-1,106,107,108,-1,108,107,109,-1,108,109,84,-1,84,109,110,-1,84,110,85,-1,10,111,8,-1,8,111,112,-1,8,112,113,-1,113,112,114,-1,113,114,115,-1,115,114,116,-1,115,116,89,-1,89,116,117,-1,89,117,90,-1,57,56,118,-1,118,56,119,-1,118,119,120,-1,120,119,121,-1,120,121,122,-1,122,121,123,-1,122,123,124,-1,124,123,125,-1,124,125,126,-1,126,125,127,-1,126,127,128,-1,128,127,129,-1,128,129,130,-1,130,129,131,-1,130,131,132,-1,132,131,133,-1,132,133,134,-1,134,133,135,-1,134,135,1,-1,1,135,136,-1,1,136,101,-1,137,138,139,-1,67,140,68,-1,68,140,137,-1,68,137,141,-1,141,137,139,-1,142,143,137,-1,137,143,144,-1,137,144,138,-1,145,146,147,-1,146,148,147,-1,147,148,149,-1,147,149,150,-1,142,137,147,-1,147,137,151,-1,147,151,145,-1,152,42,153,-1,153,42,73,-1,153,73,154,-1,154,73,75,-1,154,75,155,-1,155,75,77,-1,155,77,156,-1,152,157,42,-1,42,157,158,-1,42,158,41,-1,41,158,159,-1,41,159,39,-1,39,159,160,-1,39,160,37,-1,37,160,161,-1,37,161,86,-1,86,161,162,-1,86,162,84,-1,108,84,163,-1,163,84,162,-1,163,164,108,-1,108,164,165,-1,108,165,106,-1,106,165,166,-1,106,166,104,-1,104,166,167,-1,104,167,102,-1,102,167,168,-1,102,168,47,-1,47,168,45,-1,45,168,169,-1,45,169,170,-1,45,170,171,-1,45,171,43,-1,43,171,172,-1,43,172,11,-1,11,172,173,-1,11,173,50,-1,50,173,174,-1,50,174,17,-1,17,174,175,-1,17,175,10,-1,10,175,176,-1,10,176,111,-1,111,176,177,-1,111,177,112,-1,112,177,178,-1,112,178,114,-1,179,92,90,-1,114,178,180,-1,114,180,116,-1,116,180,181,-1,116,181,117,-1,181,182,117,-1,117,182,183,-1,117,183,90,-1,90,183,184,-1,90,184,179,-1,92,179,185,-1,92,185,94,-1,94,185,186,-1,94,186,96,-1,96,186,187,-1,96,187,98,-1,98,187,188,-1,98,188,99,-1,99,188,189,-1,99,189,15,-1,15,189,190,-1,15,190,16,-1,16,190,191,-1,16,191,0,-1,191,192,0,-1,0,192,193,-1,0,193,1,-1,1,193,194,-1,1,194,134,-1,134,194,195,-1,134,195,132,-1,195,196,132,-1,132,196,197,-1,132,197,130,-1,130,197,198,-1,130,198,128,-1,199,55,57,-1,128,198,200,-1,201,124,200,-1,200,124,126,-1,200,126,128,-1,201,202,124,-1,124,202,203,-1,124,203,122,-1,122,203,204,-1,122,204,120,-1,120,204,205,-1,120,205,118,-1,118,205,206,-1,118,206,57,-1,57,206,207,-1,57,207,199,-1,20,55,208,-1,208,55,199,-1,3,20,209,-1,209,20,208,-1,4,3,210,-1,210,3,209,-1,5,4,211,-1,211,4,210,-1,5,211,212,-1,5,212,70,-1,70,212,213,-1,70,213,32,-1,32,213,214,-1,32,214,33,-1,33,214,215,-1,33,215,34,-1,34,215,216,-1,34,216,22,-1,22,216,217,-1,22,217,24,-1,24,217,218,-1,24,218,26,-1,26,218,219,-1,26,219,28,-1,28,219,220,-1,28,220,2,-1,2,220,221,-1,2,221,14,-1,14,221,222,-1,14,222,97,-1,97,222,223,-1,97,223,95,-1,95,223,224,-1,95,224,93,-1,93,224,225,-1,93,225,91,-1,89,91,225,-1,225,226,89,-1,89,226,227,-1,89,227,228,-1,229,113,228,-1,228,113,115,-1,228,115,89,-1,229,230,113,-1,113,230,231,-1,113,231,8,-1,8,231,232,-1,8,232,9,-1,9,232,233,-1,9,233,48,-1,48,233,234,-1,48,234,49,-1,49,234,235,-1,49,235,51,-1,51,235,236,-1,51,236,52,-1,52,236,237,-1,52,237,12,-1,12,237,238,-1,12,238,13,-1,13,238,239,-1,13,239,44,-1,44,239,240,-1,44,240,46,-1,46,240,241,-1,46,241,103,-1,103,241,242,-1,103,242,105,-1,105,242,243,-1,105,243,107,-1,107,243,244,-1,107,244,109,-1,109,244,245,-1,109,245,110,-1,110,245,246,-1,110,246,85,-1,85,246,247,-1,85,247,87,-1,87,247,248,-1,87,248,88,-1,88,248,35,-1,35,248,249,-1,35,249,250,-1,36,35,251,-1,251,35,250,-1,36,251,252,-1,36,252,38,-1,38,252,253,-1,38,253,40,-1,40,253,254,-1,40,254,71,-1,71,254,255,-1,71,255,72,-1,72,255,256,-1,72,256,74,-1,256,257,74,-1,74,257,258,-1,74,258,76,-1,76,258,259,-1,76,259,78,-1,78,259,260,-1,78,260,80,-1,80,260,261,-1,80,261,82,-1,82,261,262,-1,82,262,83,-1,83,262,263,-1,83,263,59,-1,59,263,264,-1,59,264,61,-1,61,264,265,-1,61,265,63,-1,63,265,266,-1,63,266,65,-1,67,65,267,-1,267,65,266,-1,67,267,268,-1,67,268,140,-1,140,268,269,-1,140,269,137,-1,137,269,270,-1,137,270,151,-1,151,270,271,-1,151,271,145,-1,145,271,272,-1,145,272,146,-1,146,272,273,-1,146,273,148,-1,148,273,274,-1,148,274,149,-1,149,274,275,-1,149,275,150,-1,150,275,276,-1,150,276,147,-1,147,276,277,-1,147,277,142,-1,142,277,278,-1,142,278,143,-1,143,278,279,-1,143,279,144,-1,144,279,280,-1,144,280,138,-1,138,280,281,-1,138,281,139,-1,139,281,282,-1,139,282,141,-1,141,282,283,-1,141,283,68,-1,68,283,284,-1,68,284,66,-1,64,66,285,-1,285,66,284,-1,64,285,286,-1,64,286,62,-1,62,286,287,-1,62,287,60,-1,60,287,288,-1,60,288,58,-1,58,288,289,-1,58,289,81,-1,81,289,290,-1,81,290,79,-1,79,290,156,-1,79,156,77,-1,69,291,292,-1,69,292,6,-1,6,292,293,-1,6,293,7,-1,7,293,294,-1,7,294,18,-1,18,294,295,-1,18,295,19,-1,19,295,296,-1,19,296,53,-1,53,296,297,-1,53,297,54,-1,54,297,298,-1,54,298,56,-1,56,298,299,-1,56,299,119,-1,119,299,300,-1,119,300,121,-1,121,300,301,-1,121,301,123,-1,123,301,302,-1,123,302,125,-1,125,302,303,-1,125,303,127,-1,127,303,304,-1,127,304,129,-1,129,304,305,-1,129,305,131,-1,131,305,306,-1,131,306,133,-1,133,306,307,-1,133,307,135,-1,135,307,308,-1,135,308,136,-1,136,308,309,-1,136,309,101,-1,101,309,310,-1,101,310,100,-1,100,310,311,-1,100,311,31,-1,31,311,312,-1,31,312,30,-1,30,312,313,-1,30,313,29,-1,29,313,314,-1,29,314,27,-1,27,314,315,-1,27,315,25,-1,25,315,316,-1,25,316,23,-1,23,316,317,-1,23,317,21,-1,21,317,291,-1,21,291,69,-1,
        ]
    }
}
Shape{
    appearance Appearance {
        material  Material 	{
            diffuseColor 0.20784313725490197 0.20784313725490197 0.20784313725490197
            specularColor 0.01568627450980392 0.01568627450980392 0.01568627450980392
            ambientIntensity 0.298
            transparency 0.0
            shininess 0.5
        }
    }
    geometry IndexedFaceSet {
        ccw TRUE
        solid FALSE
        coord DEF co Coordinate {
            point [
                -1.5627 1.5138 0.2036, -1.5393 1.5138 0.2679, -1.5356 1.5138 0.2639, -1.5738 1.5138 0.2048, -1.582 1.5138 0.2081, -1.5722 1.5138 0.2768, -1.5643 1.5138 0.2776, -1.555 1.5138 0.2764, -1.5468 1.5138 0.2731, -1.5292 1.5138 0.229, -1.5329 1.5138 0.221, -1.5383 1.5138 0.2143, -1.5643 1.5138 0.2036, -1.5307 1.5138 0.2561, -1.5279 1.5138 0.2471, -1.5274 1.5138 0.2379, -1.5456 1.5138 0.2087, -1.5542 1.5138 0.205, -1.5893 1.5138 0.2133, -1.5944 1.5138 0.2191, -1.5988 1.5138 0.2272, -1.6011 1.5138 0.2364, -1.6011 1.5138 0.245, -1.5989 1.5138 0.2538, -1.5948 1.5138 0.2616, -1.5887 1.5138 0.2684, -1.581 1.5138 0.2736
            ]
        }
        coordIndex [
            0,1,2,-1,3,4,5,-1,6,7,0,-1,0,7,8,-1,0,8,1,-1,9,10,2,-1,2,10,11,-1,6,0,5,-1,5,0,12,-1,5,12,3,-1,13,14,2,-1,2,14,15,-1,2,15,9,-1,11,16,2,-1,2,16,17,-1,2,17,0,-1,4,18,5,-1,5,18,19,-1,5,19,20,-1,20,21,5,-1,5,21,22,-1,5,22,23,-1,23,24,5,-1,5,24,25,-1,5,25,26,-1,
        ]
    }
}