#VRML V2.0 utf8
# 3D model generated by easyeda2kicad.py (https://github.com/uPesy/easyeda2kicad.py)

Shape{
    appearance Appearance {
        material  Material 	{
            diffuseColor 0.6470588235294118 0.6196078431372549 0.5882352941176471
            specularColor 0.45098039215686275 0.43529411764705883 0.4117647058823529
            ambientIntensity 0.6242
            transparency 0.0
            shininess 0.5
        }
    }
    geometry IndexedFaceSet {
        ccw TRUE
        solid FALSE
        coord DEF co Coordinate {
            point [
                -0.4331 0.2173 0.6614, -0.4331 0.2173 0.7874, -0.3543 0.2173 0.6614, -0.3543 0.2173 0.7874, -0.4331 0.1976 0.6614, -0.3543 0.1976 0.6614, -0.4331 0.1976 0.5906, -0.3543 0.1976 0.5906, -0.4331 0.2173 0.5906, -0.3543 0.2173 0.5906, -0.4331 0.2173 0.5315, -0.3543 0.2173 0.5315, -0.4331 0.1976 0.5315, -0.3543 0.1976 0.5315, -0.4331 0.1976 0.4134, -0.3543 0.1976 0.4134, -0.4331 0.2173 0.4134, -0.3543 0.2173 0.4134, -0.4331 0.2173 0.3543, -0.3543 0.2173 0.3543, -0.4331 0.1976 0.3543, -0.3543 0.1976 0.3543, -0.4331 0.1976 0.2108, -0.3543 0.1976 0.2108, -0.4331 0.2764 0.1181, -0.3543 0.2764 0.1181, -0.4331 0.5638 0.1181, -0.3543 0.5638 0.1181, -0.3543 0.5709 0.1172, -0.4331 0.5709 0.1172, -0.3543 0.5776 0.1144, -0.4331 0.5776 0.1144, -0.3543 0.5833 0.11, -0.4331 0.5833 0.11, -0.3543 0.5876 0.1043, -0.4331 0.5876 0.1043, -0.3543 0.5904 0.0977, -0.4331 0.5904 0.0977, -0.3543 0.5913 0.0906, -0.4331 0.5913 0.0906, -0.4331 0.5913 0.0276, -0.3543 0.5913 0.0276, -0.3543 0.5904 0.0204, -0.4331 0.5904 0.0204, -0.3543 0.5876 0.0138, -0.4331 0.5876 0.0138, -0.3543 0.5833 0.0081, -0.4331 0.5833 0.0081, -0.3543 0.5776 0.0037, -0.4331 0.5776 0.0037, -0.3543 0.5709 0.0009, -0.4331 0.5709 0.0009, -0.3543 0.5638 0.0, -0.4331 0.5638 0.0, -0.4331 0.3945 0.0, -0.3543 0.3945 0.0, -0.4331 0.3744 0.0236, -0.3543 0.3744 0.0236, -0.4331 0.2173 0.0236, -0.3543 0.2173 0.0236, -0.4331 0.2173 0.1181, -0.3543 0.2173 0.1181, -0.4331 -0.0976 0.1181, -0.3543 -0.0976 0.1181, -0.4331 -0.7938 0.2139, -0.3543 -0.7938 0.2139, -0.4331 -0.8489 0.2021, -0.3543 -0.8489 0.2021, -0.3543 -0.859 0.2012, -0.4331 -0.859 0.2012, -0.3543 -0.869 0.203, -0.4331 -0.869 0.203, -0.3543 -0.8781 0.2072, -0.4331 -0.8781 0.2072, -0.3543 -0.8859 0.2136, -0.4331 -0.8859 0.2136, -0.3543 -0.8918 0.2218, -0.4331 -0.8918 0.2218, -0.3543 -0.8955 0.2312, -0.4331 -0.8955 0.2312, -0.3543 -0.8966 0.2412, -0.4331 -0.8966 0.2412, -0.3543 -0.8951 0.2512, -0.4331 -0.8951 0.2512, -0.3543 -0.8911 0.2605, -0.4331 -0.8911 0.2605, -0.3543 -0.8849 0.2685, -0.4331 -0.8849 0.2685, -0.3543 -0.8769 0.2746, -0.4331 -0.8769 0.2746, -0.4331 -0.7866 0.3268, -0.3543 -0.7866 0.3268, -0.4331 -0.7866 0.2677, -0.3543 -0.7866 0.2677, -0.4331 -0.7859 0.2626, -0.3543 -0.7859 0.2626, -0.4331 -0.784 0.2579, -0.3543 -0.784 0.2579, -0.4331 -0.7808 0.2538, -0.3543 -0.7808 0.2538, -0.4331 -0.7768 0.2507, -0.3543 -0.7768 0.2507, -0.4331 -0.772 0.2487, -0.3543 -0.772 0.2487, -0.4331 -0.7669 0.248, -0.3543 -0.7669 0.248, -0.4331 -0.1567 0.248, -0.3543 -0.1567 0.248, -0.4331 -0.1216 0.252, -0.3543 -0.1216 0.252, -0.4331 -0.0884 0.2636, -0.3543 -0.0884 0.2636, -0.4331 -0.0585 0.2824, -0.3543 -0.0585 0.2824, -0.4331 -0.0336 0.3073, -0.3543 -0.0336 0.3073, -0.4331 -0.0148 0.3372, -0.3543 -0.0148 0.3372, -0.4331 -0.0032 0.3705, -0.3543 -0.0032 0.3705, -0.4331 0.0008 0.4055, -0.3543 0.0008 0.4055, -0.4331 0.0008 0.4843, -0.3543 0.0008 0.4843, -0.4331 -0.0019 0.5046, -0.3543 -0.0019 0.5046, -0.4331 -0.0098 0.5236, -0.3543 -0.0098 0.5236, -0.4331 -0.0223 0.5399, -0.3543 -0.0223 0.5399, -0.4331 -0.0386 0.5524, -0.3543 -0.0386 0.5524, -0.4331 -0.0576 0.5603, -0.3543 -0.0576 0.5603, -0.4331 -0.0779 0.563, -0.3543 -0.0779 0.563, -0.4331 -0.7276 0.563, -0.3543 -0.7276 0.563, -0.3543 -0.7403 0.5647, -0.4331 -0.7403 0.5647, -0.3543 -0.7522 0.5696, -0.4331 -0.7522 0.5696, -0.3543 -0.7624 0.5774, -0.4331 -0.7624 0.5774, -0.3543 -0.7702 0.5876, -0.4331 -0.7702 0.5876, -0.3543 -0.7751 0.5995, -0.4331 -0.7751 0.5995, -0.3543 -0.7768 0.6122, -0.4331 -0.7768 0.6122, -0.3543 -0.7751 0.6249, -0.4331 -0.7751 0.6249, -0.3543 -0.7702 0.6368, -0.4331 -0.7702 0.6368, -0.3543 -0.7624 0.647, -0.4331 -0.7624 0.647, -0.3543 -0.7522 0.6548, -0.4331 -0.7522 0.6548, -0.3543 -0.7403 0.6597, -0.4331 -0.7403 0.6597, -0.3543 -0.7276 0.6614, -0.4331 -0.7276 0.6614, -0.4331 0.1189 0.6614, -0.3543 0.1189 0.6614, -0.4331 0.1189 0.7874, -0.3543 0.1189 0.7874, -0.2362 0.2173 0.6614, -0.2362 0.2173 0.7874, -0.1575 0.2173 0.6614, -0.1575 0.2173 0.7874, -0.2362 0.1976 0.6614, -0.1575 0.1976 0.6614, -0.2362 0.1976 0.5906, -0.1575 0.1976 0.5906, -0.2362 0.2173 0.5906, -0.1575 0.2173 0.5906, -0.2362 0.2173 0.5315, -0.1575 0.2173 0.5315, -0.2362 0.1976 0.5315, -0.1575 0.1976 0.5315, -0.2362 0.1976 0.4134, -0.1575 0.1976 0.4134, -0.2362 0.2173 0.4134, -0.1575 0.2173 0.4134, -0.2362 0.2173 0.3543, -0.1575 0.2173 0.3543, -0.2362 0.1976 0.3543, -0.1575 0.1976 0.3543, -0.2362 0.1976 0.2108, -0.1575 0.1976 0.2108, -0.2362 0.2764 0.1181, -0.1575 0.2764 0.1181, -0.2362 0.5638 0.1181, -0.1575 0.5638 0.1181, -0.1575 0.5709 0.1172, -0.2362 0.5709 0.1172, -0.1575 0.5776 0.1144, -0.2362 0.5776 0.1144, -0.1575 0.5833 0.11, -0.2362 0.5833 0.11, -0.1575 0.5876 0.1043, -0.2362 0.5876 0.1043, -0.1575 0.5904 0.0977, -0.2362 0.5904 0.0977, -0.1575 0.5913 0.0906, -0.2362 0.5913 0.0906, -0.2362 0.5913 0.0276, -0.1575 0.5913 0.0276, -0.1575 0.5904 0.0204, -0.2362 0.5904 0.0204, -0.1575 0.5876 0.0138, -0.2362 0.5876 0.0138, -0.1575 0.5833 0.0081, -0.2362 0.5833 0.0081, -0.1575 0.5776 0.0037, -0.2362 0.5776 0.0037, -0.1575 0.5709 0.0009, -0.2362 0.5709 0.0009, -0.1575 0.5638 0.0, -0.2362 0.5638 0.0, -0.2362 0.3945 0.0, -0.1575 0.3945 0.0, -0.2362 0.3744 0.0236, -0.1575 0.3744 0.0236, -0.2362 0.2173 0.0236, -0.1575 0.2173 0.0236, -0.2362 0.2173 0.1181, -0.1575 0.2173 0.1181, -0.2362 -0.0976 0.1181, -0.1575 -0.0976 0.1181, -0.2362 -0.7938 0.2139, -0.1575 -0.7938 0.2139, -0.2362 -0.8489 0.2021, -0.1575 -0.8489 0.2021, -0.1575 -0.859 0.2012, -0.2362 -0.859 0.2012, -0.1575 -0.869 0.203, -0.2362 -0.869 0.203, -0.1575 -0.8781 0.2072, -0.2362 -0.8781 0.2072, -0.1575 -0.8859 0.2136, -0.2362 -0.8859 0.2136, -0.1575 -0.8918 0.2218, -0.2362 -0.8918 0.2218, -0.1575 -0.8955 0.2312, -0.2362 -0.8955 0.2312, -0.1575 -0.8966 0.2412, -0.2362 -0.8966 0.2412, -0.1575 -0.8951 0.2512, -0.2362 -0.8951 0.2512, -0.1575 -0.8911 0.2605, -0.2362 -0.8911 0.2605, -0.1575 -0.8849 0.2685, -0.2362 -0.8849 0.2685, -0.1575 -0.8769 0.2746, -0.2362 -0.8769 0.2746, -0.2362 -0.7866 0.3268, -0.1575 -0.7866 0.3268, -0.2362 -0.7866 0.2677, -0.1575 -0.7866 0.2677, -0.2362 -0.7859 0.2626, -0.1575 -0.7859 0.2626, -0.2362 -0.784 0.2579, -0.1575 -0.784 0.2579, -0.2362 -0.7808 0.2538, -0.1575 -0.7808 0.2538, -0.2362 -0.7768 0.2507, -0.1575 -0.7768 0.2507, -0.2362 -0.772 0.2487, -0.1575 -0.772 0.2487, -0.2362 -0.7669 0.248, -0.1575 -0.7669 0.248, -0.2362 -0.1567 0.248, -0.1575 -0.1567 0.248, -0.2362 -0.1216 0.252, -0.1575 -0.1216 0.252, -0.2362 -0.0884 0.2636, -0.1575 -0.0884 0.2636, -0.2362 -0.0585 0.2824, -0.1575 -0.0585 0.2824, -0.2362 -0.0336 0.3073, -0.1575 -0.0336 0.3073, -0.2362 -0.0148 0.3372, -0.1575 -0.0148 0.3372, -0.2362 -0.0032 0.3705, -0.1575 -0.0032 0.3705, -0.2362 0.0008 0.4055, -0.1575 0.0008 0.4055, -0.2362 0.0008 0.4843, -0.1575 0.0008 0.4843, -0.2362 -0.0019 0.5046, -0.1575 -0.0019 0.5046, -0.2362 -0.0098 0.5236, -0.1575 -0.0098 0.5236, -0.2362 -0.0223 0.5399, -0.1575 -0.0223 0.5399, -0.2362 -0.0386 0.5524, -0.1575 -0.0386 0.5524, -0.2362 -0.0576 0.5603, -0.1575 -0.0576 0.5603, -0.2362 -0.0779 0.563, -0.1575 -0.0779 0.563, -0.2362 -0.7276 0.563, -0.1575 -0.7276 0.563, -0.1575 -0.7403 0.5647, -0.2362 -0.7403 0.5647, -0.1575 -0.7522 0.5696, -0.2362 -0.7522 0.5696, -0.1575 -0.7624 0.5774, -0.2362 -0.7624 0.5774, -0.1575 -0.7702 0.5876, -0.2362 -0.7702 0.5876, -0.1575 -0.7751 0.5995, -0.2362 -0.7751 0.5995, -0.1575 -0.7768 0.6122, -0.2362 -0.7768 0.6122, -0.1575 -0.7751 0.6249, -0.2362 -0.7751 0.6249, -0.1575 -0.7702 0.6368, -0.2362 -0.7702 0.6368, -0.1575 -0.7624 0.647, -0.2362 -0.7624 0.647, -0.1575 -0.7522 0.6548, -0.2362 -0.7522 0.6548, -0.1575 -0.7403 0.6597, -0.2362 -0.7403 0.6597, -0.1575 -0.7276 0.6614, -0.2362 -0.7276 0.6614, -0.2362 0.1189 0.6614, -0.1575 0.1189 0.6614, -0.2362 0.1189 0.7874, -0.1575 0.1189 0.7874, -0.0394 0.2173 0.6614, -0.0394 0.2173 0.7874, 0.0394 0.2173 0.6614, 0.0394 0.2173 0.7874, -0.0394 0.1976 0.6614, 0.0394 0.1976 0.6614, -0.0394 0.1976 0.5906, 0.0394 0.1976 0.5906, -0.0394 0.2173 0.5906, 0.0394 0.2173 0.5906, -0.0394 0.2173 0.5315, 0.0394 0.2173 0.5315, -0.0394 0.1976 0.5315, 0.0394 0.1976 0.5315, -0.0394 0.1976 0.4134, 0.0394 0.1976 0.4134, -0.0394 0.2173 0.4134, 0.0394 0.2173 0.4134, -0.0394 0.2173 0.3543, 0.0394 0.2173 0.3543, -0.0394 0.1976 0.3543, 0.0394 0.1976 0.3543, -0.0394 0.1976 0.2108, 0.0394 0.1976 0.2108, -0.0394 0.2764 0.1181, 0.0394 0.2764 0.1181, -0.0394 0.5638 0.1181, 0.0394 0.5638 0.1181, 0.0394 0.5709 0.1172, -0.0394 0.5709 0.1172, 0.0394 0.5776 0.1144, -0.0394 0.5776 0.1144, 0.0394 0.5833 0.11, -0.0394 0.5833 0.11, 0.0394 0.5876 0.1043, -0.0394 0.5876 0.1043, 0.0394 0.5904 0.0977, -0.0394 0.5904 0.0977, 0.0394 0.5913 0.0906, -0.0394 0.5913 0.0906, -0.0394 0.5913 0.0276, 0.0394 0.5913 0.0276, 0.0394 0.5904 0.0204, -0.0394 0.5904 0.0204, 0.0394 0.5876 0.0138, -0.0394 0.5876 0.0138, 0.0394 0.5833 0.0081, -0.0394 0.5833 0.0081, 0.0394 0.5776 0.0037, -0.0394 0.5776 0.0037, 0.0394 0.5709 0.0009, -0.0394 0.5709 0.0009, 0.0394 0.5638 0.0, -0.0394 0.5638 0.0, -0.0394 0.3945 0.0, 0.0394 0.3945 0.0, -0.0394 0.3744 0.0236, 0.0394 0.3744 0.0236, -0.0394 0.2173 0.0236, 0.0394 0.2173 0.0236, -0.0394 0.2173 0.1181, 0.0394 0.2173 0.1181, -0.0394 -0.0976 0.1181, 0.0394 -0.0976 0.1181, -0.0394 -0.7938 0.2139, 0.0394 -0.7938 0.2139, -0.0394 -0.8489 0.2021, 0.0394 -0.8489 0.2021, 0.0394 -0.859 0.2012, -0.0394 -0.859 0.2012, 0.0394 -0.869 0.203, -0.0394 -0.869 0.203, 0.0394 -0.8781 0.2072, -0.0394 -0.8781 0.2072, 0.0394 -0.8859 0.2136, -0.0394 -0.8859 0.2136, 0.0394 -0.8918 0.2218, -0.0394 -0.8918 0.2218, 0.0394 -0.8955 0.2312, -0.0394 -0.8955 0.2312, 0.0394 -0.8966 0.2412, -0.0394 -0.8966 0.2412, 0.0394 -0.8951 0.2512, -0.0394 -0.8951 0.2512, 0.0394 -0.8911 0.2605, -0.0394 -0.8911 0.2605, 0.0394 -0.8849 0.2685, -0.0394 -0.8849 0.2685, 0.0394 -0.8769 0.2746, -0.0394 -0.8769 0.2746, -0.0394 -0.7866 0.3268, 0.0394 -0.7866 0.3268, -0.0394 -0.7866 0.2677, 0.0394 -0.7866 0.2677, -0.0394 -0.7859 0.2626, 0.0394 -0.7859 0.2626, -0.0394 -0.784 0.2579, 0.0394 -0.784 0.2579, -0.0394 -0.7808 0.2538, 0.0394 -0.7808 0.2538, -0.0394 -0.7768 0.2507, 0.0394 -0.7768 0.2507, -0.0394 -0.772 0.2487, 0.0394 -0.772 0.2487, -0.0394 -0.7669 0.248, 0.0394 -0.7669 0.248, -0.0394 -0.1567 0.248, 0.0394 -0.1567 0.248, -0.0394 -0.1216 0.252, 0.0394 -0.1216 0.252, -0.0394 -0.0884 0.2636, 0.0394 -0.0884 0.2636, -0.0394 -0.0585 0.2824, 0.0394 -0.0585 0.2824, -0.0394 -0.0336 0.3073, 0.0394 -0.0336 0.3073, -0.0394 -0.0148 0.3372, 0.0394 -0.0148 0.3372, -0.0394 -0.0032 0.3705, 0.0394 -0.0032 0.3705, -0.0394 0.0008 0.4055, 0.0394 0.0008 0.4055, -0.0394 0.0008 0.4843, 0.0394 0.0008 0.4843, -0.0394 -0.0019 0.5046, 0.0394 -0.0019 0.5046, -0.0394 -0.0098 0.5236, 0.0394 -0.0098 0.5236, -0.0394 -0.0223 0.5399, 0.0394 -0.0223 0.5399, -0.0394 -0.0386 0.5524, 0.0394 -0.0386 0.5524, -0.0394 -0.0576 0.5603, 0.0394 -0.0576 0.5603, -0.0394 -0.0779 0.563, 0.0394 -0.0779 0.563, -0.0394 -0.7276 0.563, 0.0394 -0.7276 0.563, 0.0394 -0.7403 0.5647, -0.0394 -0.7403 0.5647, 0.0394 -0.7522 0.5696, -0.0394 -0.7522 0.5696, 0.0394 -0.7624 0.5774, -0.0394 -0.7624 0.5774, 0.0394 -0.7702 0.5876, -0.0394 -0.7702 0.5876, 0.0394 -0.7751 0.5995, -0.0394 -0.7751 0.5995, 0.0394 -0.7768 0.6122, -0.0394 -0.7768 0.6122, 0.0394 -0.7751 0.6249, -0.0394 -0.7751 0.6249, 0.0394 -0.7702 0.6368, -0.0394 -0.7702 0.6368, 0.0394 -0.7624 0.647, -0.0394 -0.7624 0.647, 0.0394 -0.7522 0.6548, -0.0394 -0.7522 0.6548, 0.0394 -0.7403 0.6597, -0.0394 -0.7403 0.6597, 0.0394 -0.7276 0.6614, -0.0394 -0.7276 0.6614, -0.0394 0.1189 0.6614, 0.0394 0.1189 0.6614, -0.0394 0.1189 0.7874, 0.0394 0.1189 0.7874, 0.1575 0.2173 0.6614, 0.1575 0.2173 0.7874, 0.2362 0.2173 0.6614, 0.2362 0.2173 0.7874, 0.1575 0.1976 0.6614, 0.2362 0.1976 0.6614, 0.1575 0.1976 0.5906, 0.2362 0.1976 0.5906, 0.1575 0.2173 0.5906, 0.2362 0.2173 0.5906, 0.1575 0.2173 0.5315, 0.2362 0.2173 0.5315, 0.1575 0.1976 0.5315, 0.2362 0.1976 0.5315, 0.1575 0.1976 0.4134, 0.2362 0.1976 0.4134, 0.1575 0.2173 0.4134, 0.2362 0.2173 0.4134, 0.1575 0.2173 0.3543, 0.2362 0.2173 0.3543, 0.1575 0.1976 0.3543, 0.2362 0.1976 0.3543, 0.1575 0.1976 0.2108, 0.2362 0.1976 0.2108, 0.1575 0.2764 0.1181, 0.2362 0.2764 0.1181, 0.1575 0.5638 0.1181, 0.2362 0.5638 0.1181, 0.2362 0.5709 0.1172, 0.1575 0.5709 0.1172, 0.2362 0.5776 0.1144, 0.1575 0.5776 0.1144, 0.2362 0.5833 0.11, 0.1575 0.5833 0.11, 0.2362 0.5876 0.1043, 0.1575 0.5876 0.1043, 0.2362 0.5904 0.0977, 0.1575 0.5904 0.0977, 0.2362 0.5913 0.0906, 0.1575 0.5913 0.0906, 0.1575 0.5913 0.0276, 0.2362 0.5913 0.0276, 0.2362 0.5904 0.0204, 0.1575 0.5904 0.0204, 0.2362 0.5876 0.0138, 0.1575 0.5876 0.0138, 0.2362 0.5833 0.0081, 0.1575 0.5833 0.0081, 0.2362 0.5776 0.0037, 0.1575 0.5776 0.0037, 0.2362 0.5709 0.0009, 0.1575 0.5709 0.0009, 0.2362 0.5638 0.0, 0.1575 0.5638 0.0, 0.1575 0.3945 0.0, 0.2362 0.3945 0.0, 0.1575 0.3744 0.0236, 0.2362 0.3744 0.0236, 0.1575 0.2173 0.0236, 0.2362 0.2173 0.0236, 0.1575 0.2173 0.1181, 0.2362 0.2173 0.1181, 0.1575 -0.0976 0.1181, 0.2362 -0.0976 0.1181, 0.1575 -0.7938 0.2139, 0.2362 -0.7938 0.2139, 0.1575 -0.8489 0.2021, 0.2362 -0.8489 0.2021, 0.2362 -0.859 0.2012, 0.1575 -0.859 0.2012, 0.2362 -0.869 0.203, 0.1575 -0.869 0.203, 0.2362 -0.8781 0.2072, 0.1575 -0.8781 0.2072, 0.2362 -0.8859 0.2136, 0.1575 -0.8859 0.2136, 0.2362 -0.8918 0.2218, 0.1575 -0.8918 0.2218, 0.2362 -0.8955 0.2312, 0.1575 -0.8955 0.2312, 0.2362 -0.8966 0.2412, 0.1575 -0.8966 0.2412, 0.2362 -0.8951 0.2512, 0.1575 -0.8951 0.2512, 0.2362 -0.8911 0.2605, 0.1575 -0.8911 0.2605, 0.2362 -0.8849 0.2685, 0.1575 -0.8849 0.2685, 0.2362 -0.8769 0.2746, 0.1575 -0.8769 0.2746, 0.1575 -0.7866 0.3268, 0.2362 -0.7866 0.3268, 0.1575 -0.7866 0.2677, 0.2362 -0.7866 0.2677, 0.1575 -0.7859 0.2626, 0.2362 -0.7859 0.2626, 0.1575 -0.784 0.2579, 0.2362 -0.784 0.2579, 0.1575 -0.7808 0.2538, 0.2362 -0.7808 0.2538, 0.1575 -0.7768 0.2507, 0.2362 -0.7768 0.2507, 0.1575 -0.772 0.2487, 0.2362 -0.772 0.2487, 0.1575 -0.7669 0.248, 0.2362 -0.7669 0.248, 0.1575 -0.1567 0.248, 0.2362 -0.1567 0.248, 0.1575 -0.1216 0.252, 0.2362 -0.1216 0.252, 0.1575 -0.0884 0.2636, 0.2362 -0.0884 0.2636, 0.1575 -0.0585 0.2824, 0.2362 -0.0585 0.2824, 0.1575 -0.0336 0.3073, 0.2362 -0.0336 0.3073, 0.1575 -0.0148 0.3372, 0.2362 -0.0148 0.3372, 0.1575 -0.0032 0.3705, 0.2362 -0.0032 0.3705, 0.1575 0.0008 0.4055, 0.2362 0.0008 0.4055, 0.1575 0.0008 0.4843, 0.2362 0.0008 0.4843, 0.1575 -0.0019 0.5046, 0.2362 -0.0019 0.5046, 0.1575 -0.0098 0.5236, 0.2362 -0.0098 0.5236, 0.1575 -0.0223 0.5399, 0.2362 -0.0223 0.5399, 0.1575 -0.0386 0.5524, 0.2362 -0.0386 0.5524, 0.1575 -0.0576 0.5603, 0.2362 -0.0576 0.5603, 0.1575 -0.0779 0.563, 0.2362 -0.0779 0.563, 0.1575 -0.7276 0.563, 0.2362 -0.7276 0.563, 0.2362 -0.7403 0.5647, 0.1575 -0.7403 0.5647, 0.2362 -0.7522 0.5696, 0.1575 -0.7522 0.5696, 0.2362 -0.7624 0.5774, 0.1575 -0.7624 0.5774, 0.2362 -0.7702 0.5876, 0.1575 -0.7702 0.5876, 0.2362 -0.7751 0.5995, 0.1575 -0.7751 0.5995, 0.2362 -0.7768 0.6122, 0.1575 -0.7768 0.6122, 0.2362 -0.7751 0.6249, 0.1575 -0.7751 0.6249, 0.2362 -0.7702 0.6368, 0.1575 -0.7702 0.6368, 0.2362 -0.7624 0.647, 0.1575 -0.7624 0.647, 0.2362 -0.7522 0.6548, 0.1575 -0.7522 0.6548, 0.2362 -0.7403 0.6597, 0.1575 -0.7403 0.6597, 0.2362 -0.7276 0.6614, 0.1575 -0.7276 0.6614, 0.1575 0.1189 0.6614, 0.2362 0.1189 0.6614, 0.1575 0.1189 0.7874, 0.2362 0.1189 0.7874
            ]
        }
        coordIndex [
            0,1,2,-1,2,1,3,-1,4,0,5,-1,5,0,2,-1,6,4,7,-1,7,4,5,-1,8,6,9,-1,9,6,7,-1,10,8,11,-1,11,8,9,-1,12,10,13,-1,13,10,11,-1,14,12,15,-1,15,12,13,-1,16,14,17,-1,17,14,15,-1,18,16,19,-1,19,16,17,-1,20,18,21,-1,21,18,19,-1,22,20,23,-1,23,20,21,-1,24,22,25,-1,25,22,23,-1,26,24,27,-1,27,24,25,-1,26,27,28,-1,26,28,29,-1,29,28,30,-1,29,30,31,-1,31,30,32,-1,31,32,33,-1,33,32,34,-1,33,34,35,-1,35,34,36,-1,35,36,37,-1,37,36,38,-1,37,38,39,-1,40,39,41,-1,41,39,38,-1,40,41,42,-1,40,42,43,-1,43,42,44,-1,43,44,45,-1,45,44,46,-1,45,46,47,-1,47,46,48,-1,47,48,49,-1,49,48,50,-1,49,50,51,-1,51,50,52,-1,51,52,53,-1,54,53,55,-1,55,53,52,-1,56,54,57,-1,57,54,55,-1,58,56,59,-1,59,56,57,-1,60,58,61,-1,61,58,59,-1,62,60,63,-1,63,60,61,-1,64,62,65,-1,65,62,63,-1,66,64,67,-1,67,64,65,-1,66,67,68,-1,66,68,69,-1,69,68,70,-1,69,70,71,-1,71,70,72,-1,71,72,73,-1,73,72,74,-1,73,74,75,-1,75,74,76,-1,75,76,77,-1,77,76,78,-1,77,78,79,-1,79,78,80,-1,79,80,81,-1,81,80,82,-1,81,82,83,-1,83,82,84,-1,83,84,85,-1,85,84,86,-1,85,86,87,-1,87,86,88,-1,87,88,89,-1,90,89,91,-1,91,89,88,-1,92,90,93,-1,93,90,91,-1,92,93,94,-1,94,93,95,-1,94,95,96,-1,96,95,97,-1,96,97,98,-1,98,97,99,-1,98,99,100,-1,100,99,101,-1,100,101,102,-1,102,101,103,-1,102,103,104,-1,104,103,105,-1,106,104,107,-1,107,104,105,-1,106,107,108,-1,108,107,109,-1,108,109,110,-1,110,109,111,-1,110,111,112,-1,112,111,113,-1,112,113,114,-1,114,113,115,-1,114,115,116,-1,116,115,117,-1,116,117,118,-1,118,117,119,-1,118,119,120,-1,120,119,121,-1,122,120,123,-1,123,120,121,-1,122,123,124,-1,124,123,125,-1,124,125,126,-1,126,125,127,-1,126,127,128,-1,128,127,129,-1,128,129,130,-1,130,129,131,-1,130,131,132,-1,132,131,133,-1,132,133,134,-1,134,133,135,-1,136,134,137,-1,137,134,135,-1,136,137,138,-1,136,138,139,-1,139,138,140,-1,139,140,141,-1,141,140,142,-1,141,142,143,-1,143,142,144,-1,143,144,145,-1,145,144,146,-1,145,146,147,-1,147,146,148,-1,147,148,149,-1,149,148,150,-1,149,150,151,-1,151,150,152,-1,151,152,153,-1,153,152,154,-1,153,154,155,-1,155,154,156,-1,155,156,157,-1,157,156,158,-1,157,158,159,-1,159,158,160,-1,159,160,161,-1,162,161,163,-1,163,161,160,-1,164,162,165,-1,165,162,163,-1,1,164,3,-1,3,164,165,-1,1,0,164,-1,164,0,4,-1,164,4,162,-1,162,4,6,-1,8,10,6,-1,6,10,12,-1,124,126,6,-1,14,16,18,-1,56,58,60,-1,6,126,162,-1,162,126,128,-1,162,128,130,-1,130,132,162,-1,162,132,134,-1,162,134,161,-1,161,134,136,-1,92,94,64,-1,94,96,64,-1,64,96,98,-1,64,98,100,-1,85,87,66,-1,66,87,89,-1,66,89,64,-1,64,89,90,-1,64,90,92,-1,60,29,56,-1,56,29,53,-1,56,53,54,-1,26,29,24,-1,24,29,60,-1,24,60,22,-1,22,60,62,-1,22,62,20,-1,118,120,6,-1,6,120,122,-1,6,122,124,-1,108,110,62,-1,62,110,112,-1,62,112,114,-1,71,73,69,-1,69,73,75,-1,69,75,66,-1,66,75,77,-1,66,77,79,-1,79,81,66,-1,66,81,83,-1,66,83,85,-1,151,141,143,-1,143,145,151,-1,151,145,147,-1,151,147,149,-1,151,153,141,-1,141,153,155,-1,141,155,157,-1,33,35,31,-1,31,35,29,-1,43,45,53,-1,136,139,161,-1,161,139,141,-1,161,141,159,-1,159,141,157,-1,100,102,64,-1,64,102,104,-1,64,104,62,-1,62,104,106,-1,62,106,108,-1,18,20,14,-1,14,20,62,-1,14,62,12,-1,12,62,114,-1,12,114,6,-1,6,114,116,-1,6,116,118,-1,35,37,29,-1,29,37,39,-1,29,39,53,-1,53,39,40,-1,53,40,43,-1,45,47,53,-1,53,47,49,-1,53,49,51,-1,2,3,5,-1,5,3,165,-1,5,165,7,-1,103,101,65,-1,15,13,163,-1,23,61,25,-1,25,61,59,-1,25,59,27,-1,59,57,27,-1,27,57,55,-1,27,55,52,-1,42,41,52,-1,36,34,27,-1,86,84,67,-1,101,99,65,-1,65,99,97,-1,65,97,95,-1,135,133,163,-1,11,9,13,-1,13,9,7,-1,13,7,163,-1,163,7,165,-1,52,41,27,-1,27,41,38,-1,27,38,36,-1,95,93,65,-1,65,93,91,-1,65,91,67,-1,67,91,88,-1,67,88,86,-1,52,50,48,-1,34,32,27,-1,27,32,30,-1,27,30,28,-1,84,82,67,-1,67,82,80,-1,67,80,78,-1,78,76,67,-1,67,76,74,-1,67,74,68,-1,68,74,72,-1,68,72,70,-1,19,17,21,-1,21,17,15,-1,21,15,129,-1,129,15,163,-1,129,163,131,-1,131,163,133,-1,48,46,52,-1,52,46,44,-1,52,44,42,-1,129,127,21,-1,21,127,125,-1,21,125,123,-1,135,163,137,-1,137,163,160,-1,137,160,138,-1,111,63,113,-1,113,63,61,-1,123,121,21,-1,21,121,119,-1,21,119,23,-1,23,119,117,-1,23,117,61,-1,61,117,115,-1,61,115,113,-1,146,144,160,-1,111,109,63,-1,63,109,107,-1,63,107,65,-1,65,107,105,-1,65,105,103,-1,158,156,150,-1,150,156,154,-1,150,154,152,-1,144,142,160,-1,160,142,140,-1,160,140,138,-1,158,150,160,-1,160,150,148,-1,160,148,146,-1,166,167,168,-1,168,167,169,-1,170,166,171,-1,171,166,168,-1,172,170,173,-1,173,170,171,-1,174,172,175,-1,175,172,173,-1,176,174,177,-1,177,174,175,-1,178,176,179,-1,179,176,177,-1,180,178,181,-1,181,178,179,-1,182,180,183,-1,183,180,181,-1,184,182,185,-1,185,182,183,-1,186,184,187,-1,187,184,185,-1,188,186,189,-1,189,186,187,-1,190,188,191,-1,191,188,189,-1,192,190,193,-1,193,190,191,-1,192,193,194,-1,192,194,195,-1,195,194,196,-1,195,196,197,-1,197,196,198,-1,197,198,199,-1,199,198,200,-1,199,200,201,-1,201,200,202,-1,201,202,203,-1,203,202,204,-1,203,204,205,-1,206,205,207,-1,207,205,204,-1,206,207,208,-1,206,208,209,-1,209,208,210,-1,209,210,211,-1,211,210,212,-1,211,212,213,-1,213,212,214,-1,213,214,215,-1,215,214,216,-1,215,216,217,-1,217,216,218,-1,217,218,219,-1,220,219,221,-1,221,219,218,-1,222,220,223,-1,223,220,221,-1,224,222,225,-1,225,222,223,-1,226,224,227,-1,227,224,225,-1,228,226,229,-1,229,226,227,-1,230,228,231,-1,231,228,229,-1,232,230,233,-1,233,230,231,-1,232,233,234,-1,232,234,235,-1,235,234,236,-1,235,236,237,-1,237,236,238,-1,237,238,239,-1,239,238,240,-1,239,240,241,-1,241,240,242,-1,241,242,243,-1,243,242,244,-1,243,244,245,-1,245,244,246,-1,245,246,247,-1,247,246,248,-1,247,248,249,-1,249,248,250,-1,249,250,251,-1,251,250,252,-1,251,252,253,-1,253,252,254,-1,253,254,255,-1,256,255,257,-1,257,255,254,-1,258,256,259,-1,259,256,257,-1,258,259,260,-1,260,259,261,-1,260,261,262,-1,262,261,263,-1,262,263,264,-1,264,263,265,-1,264,265,266,-1,266,265,267,-1,266,267,268,-1,268,267,269,-1,268,269,270,-1,270,269,271,-1,272,270,273,-1,273,270,271,-1,272,273,274,-1,274,273,275,-1,274,275,276,-1,276,275,277,-1,276,277,278,-1,278,277,279,-1,278,279,280,-1,280,279,281,-1,280,281,282,-1,282,281,283,-1,282,283,284,-1,284,283,285,-1,284,285,286,-1,286,285,287,-1,288,286,289,-1,289,286,287,-1,288,289,290,-1,290,289,291,-1,290,291,292,-1,292,291,293,-1,292,293,294,-1,294,293,295,-1,294,295,296,-1,296,295,297,-1,296,297,298,-1,298,297,299,-1,298,299,300,-1,300,299,301,-1,302,300,303,-1,303,300,301,-1,302,303,304,-1,302,304,305,-1,305,304,306,-1,305,306,307,-1,307,306,308,-1,307,308,309,-1,309,308,310,-1,309,310,311,-1,311,310,312,-1,311,312,313,-1,313,312,314,-1,313,314,315,-1,315,314,316,-1,315,316,317,-1,317,316,318,-1,317,318,319,-1,319,318,320,-1,319,320,321,-1,321,320,322,-1,321,322,323,-1,323,322,324,-1,323,324,325,-1,325,324,326,-1,325,326,327,-1,328,327,329,-1,329,327,326,-1,330,328,331,-1,331,328,329,-1,167,330,169,-1,169,330,331,-1,167,166,330,-1,330,166,170,-1,330,170,328,-1,328,170,172,-1,174,176,172,-1,172,176,178,-1,290,292,172,-1,180,182,184,-1,222,224,226,-1,172,292,328,-1,328,292,294,-1,328,294,296,-1,296,298,328,-1,328,298,300,-1,328,300,327,-1,327,300,302,-1,258,260,230,-1,260,262,230,-1,230,262,264,-1,230,264,266,-1,251,253,232,-1,232,253,255,-1,232,255,230,-1,230,255,256,-1,230,256,258,-1,226,195,222,-1,222,195,219,-1,222,219,220,-1,192,195,190,-1,190,195,226,-1,190,226,188,-1,188,226,228,-1,188,228,186,-1,284,286,172,-1,172,286,288,-1,172,288,290,-1,274,276,228,-1,228,276,278,-1,228,278,280,-1,237,239,235,-1,235,239,241,-1,235,241,232,-1,232,241,243,-1,232,243,245,-1,245,247,232,-1,232,247,249,-1,232,249,251,-1,317,307,309,-1,309,311,317,-1,317,311,313,-1,317,313,315,-1,317,319,307,-1,307,319,321,-1,307,321,323,-1,199,201,197,-1,197,201,195,-1,209,211,219,-1,302,305,327,-1,327,305,307,-1,327,307,325,-1,325,307,323,-1,266,268,230,-1,230,268,270,-1,230,270,228,-1,228,270,272,-1,228,272,274,-1,184,186,180,-1,180,186,228,-1,180,228,178,-1,178,228,280,-1,178,280,172,-1,172,280,282,-1,172,282,284,-1,201,203,195,-1,195,203,205,-1,195,205,219,-1,219,205,206,-1,219,206,209,-1,211,213,219,-1,219,213,215,-1,219,215,217,-1,168,169,171,-1,171,169,331,-1,171,331,173,-1,269,267,231,-1,181,179,329,-1,189,227,191,-1,191,227,225,-1,191,225,193,-1,225,223,193,-1,193,223,221,-1,193,221,218,-1,208,207,218,-1,202,200,193,-1,252,250,233,-1,267,265,231,-1,231,265,263,-1,231,263,261,-1,301,299,329,-1,177,175,179,-1,179,175,173,-1,179,173,329,-1,329,173,331,-1,218,207,193,-1,193,207,204,-1,193,204,202,-1,261,259,231,-1,231,259,257,-1,231,257,233,-1,233,257,254,-1,233,254,252,-1,218,216,214,-1,200,198,193,-1,193,198,196,-1,193,196,194,-1,250,248,233,-1,233,248,246,-1,233,246,244,-1,244,242,233,-1,233,242,240,-1,233,240,234,-1,234,240,238,-1,234,238,236,-1,185,183,187,-1,187,183,181,-1,187,181,295,-1,295,181,329,-1,295,329,297,-1,297,329,299,-1,214,212,218,-1,218,212,210,-1,218,210,208,-1,295,293,187,-1,187,293,291,-1,187,291,289,-1,301,329,303,-1,303,329,326,-1,303,326,304,-1,277,229,279,-1,279,229,227,-1,289,287,187,-1,187,287,285,-1,187,285,189,-1,189,285,283,-1,189,283,227,-1,227,283,281,-1,227,281,279,-1,312,310,326,-1,277,275,229,-1,229,275,273,-1,229,273,231,-1,231,273,271,-1,231,271,269,-1,324,322,316,-1,316,322,320,-1,316,320,318,-1,310,308,326,-1,326,308,306,-1,326,306,304,-1,324,316,326,-1,326,316,314,-1,326,314,312,-1,332,333,334,-1,334,333,335,-1,336,332,337,-1,337,332,334,-1,338,336,339,-1,339,336,337,-1,340,338,341,-1,341,338,339,-1,342,340,343,-1,343,340,341,-1,344,342,345,-1,345,342,343,-1,346,344,347,-1,347,344,345,-1,348,346,349,-1,349,346,347,-1,350,348,351,-1,351,348,349,-1,352,350,353,-1,353,350,351,-1,354,352,355,-1,355,352,353,-1,356,354,357,-1,357,354,355,-1,358,356,359,-1,359,356,357,-1,358,359,360,-1,358,360,361,-1,361,360,362,-1,361,362,363,-1,363,362,364,-1,363,364,365,-1,365,364,366,-1,365,366,367,-1,367,366,368,-1,367,368,369,-1,369,368,370,-1,369,370,371,-1,372,371,373,-1,373,371,370,-1,372,373,374,-1,372,374,375,-1,375,374,376,-1,375,376,377,-1,377,376,378,-1,377,378,379,-1,379,378,380,-1,379,380,381,-1,381,380,382,-1,381,382,383,-1,383,382,384,-1,383,384,385,-1,386,385,387,-1,387,385,384,-1,388,386,389,-1,389,386,387,-1,390,388,391,-1,391,388,389,-1,392,390,393,-1,393,390,391,-1,394,392,395,-1,395,392,393,-1,396,394,397,-1,397,394,395,-1,398,396,399,-1,399,396,397,-1,398,399,400,-1,398,400,401,-1,401,400,402,-1,401,402,403,-1,403,402,404,-1,403,404,405,-1,405,404,406,-1,405,406,407,-1,407,406,408,-1,407,408,409,-1,409,408,410,-1,409,410,411,-1,411,410,412,-1,411,412,413,-1,413,412,414,-1,413,414,415,-1,415,414,416,-1,415,416,417,-1,417,416,418,-1,417,418,419,-1,419,418,420,-1,419,420,421,-1,422,421,423,-1,423,421,420,-1,424,422,425,-1,425,422,423,-1,424,425,426,-1,426,425,427,-1,426,427,428,-1,428,427,429,-1,428,429,430,-1,430,429,431,-1,430,431,432,-1,432,431,433,-1,432,433,434,-1,434,433,435,-1,434,435,436,-1,436,435,437,-1,438,436,439,-1,439,436,437,-1,438,439,440,-1,440,439,441,-1,440,441,442,-1,442,441,443,-1,442,443,444,-1,444,443,445,-1,444,445,446,-1,446,445,447,-1,446,447,448,-1,448,447,449,-1,448,449,450,-1,450,449,451,-1,450,451,452,-1,452,451,453,-1,454,452,455,-1,455,452,453,-1,454,455,456,-1,456,455,457,-1,456,457,458,-1,458,457,459,-1,458,459,460,-1,460,459,461,-1,460,461,462,-1,462,461,463,-1,462,463,464,-1,464,463,465,-1,464,465,466,-1,466,465,467,-1,468,466,469,-1,469,466,467,-1,468,469,470,-1,468,470,471,-1,471,470,472,-1,471,472,473,-1,473,472,474,-1,473,474,475,-1,475,474,476,-1,475,476,477,-1,477,476,478,-1,477,478,479,-1,479,478,480,-1,479,480,481,-1,481,480,482,-1,481,482,483,-1,483,482,484,-1,483,484,485,-1,485,484,486,-1,485,486,487,-1,487,486,488,-1,487,488,489,-1,489,488,490,-1,489,490,491,-1,491,490,492,-1,491,492,493,-1,494,493,495,-1,495,493,492,-1,496,494,497,-1,497,494,495,-1,333,496,335,-1,335,496,497,-1,333,332,496,-1,496,332,336,-1,496,336,494,-1,494,336,338,-1,340,342,338,-1,338,342,344,-1,456,458,338,-1,346,348,350,-1,388,390,392,-1,338,458,494,-1,494,458,460,-1,494,460,462,-1,462,464,494,-1,494,464,466,-1,494,466,493,-1,493,466,468,-1,424,426,396,-1,426,428,396,-1,396,428,430,-1,396,430,432,-1,417,419,398,-1,398,419,421,-1,398,421,396,-1,396,421,422,-1,396,422,424,-1,392,361,388,-1,388,361,385,-1,388,385,386,-1,358,361,356,-1,356,361,392,-1,356,392,354,-1,354,392,394,-1,354,394,352,-1,450,452,338,-1,338,452,454,-1,338,454,456,-1,440,442,394,-1,394,442,444,-1,394,444,446,-1,403,405,401,-1,401,405,407,-1,401,407,398,-1,398,407,409,-1,398,409,411,-1,411,413,398,-1,398,413,415,-1,398,415,417,-1,483,473,475,-1,475,477,483,-1,483,477,479,-1,483,479,481,-1,483,485,473,-1,473,485,487,-1,473,487,489,-1,365,367,363,-1,363,367,361,-1,375,377,385,-1,468,471,493,-1,493,471,473,-1,493,473,491,-1,491,473,489,-1,432,434,396,-1,396,434,436,-1,396,436,394,-1,394,436,438,-1,394,438,440,-1,350,352,346,-1,346,352,394,-1,346,394,344,-1,344,394,446,-1,344,446,338,-1,338,446,448,-1,338,448,450,-1,367,369,361,-1,361,369,371,-1,361,371,385,-1,385,371,372,-1,385,372,375,-1,377,379,385,-1,385,379,381,-1,385,381,383,-1,334,335,337,-1,337,335,497,-1,337,497,339,-1,435,433,397,-1,347,345,495,-1,355,393,357,-1,357,393,391,-1,357,391,359,-1,391,389,359,-1,359,389,387,-1,359,387,384,-1,374,373,384,-1,368,366,359,-1,418,416,399,-1,433,431,397,-1,397,431,429,-1,397,429,427,-1,467,465,495,-1,343,341,345,-1,345,341,339,-1,345,339,495,-1,495,339,497,-1,384,373,359,-1,359,373,370,-1,359,370,368,-1,427,425,397,-1,397,425,423,-1,397,423,399,-1,399,423,420,-1,399,420,418,-1,384,382,380,-1,366,364,359,-1,359,364,362,-1,359,362,360,-1,416,414,399,-1,399,414,412,-1,399,412,410,-1,410,408,399,-1,399,408,406,-1,399,406,400,-1,400,406,404,-1,400,404,402,-1,351,349,353,-1,353,349,347,-1,353,347,461,-1,461,347,495,-1,461,495,463,-1,463,495,465,-1,380,378,384,-1,384,378,376,-1,384,376,374,-1,461,459,353,-1,353,459,457,-1,353,457,455,-1,467,495,469,-1,469,495,492,-1,469,492,470,-1,443,395,445,-1,445,395,393,-1,455,453,353,-1,353,453,451,-1,353,451,355,-1,355,451,449,-1,355,449,393,-1,393,449,447,-1,393,447,445,-1,478,476,492,-1,443,441,395,-1,395,441,439,-1,395,439,397,-1,397,439,437,-1,397,437,435,-1,490,488,482,-1,482,488,486,-1,482,486,484,-1,476,474,492,-1,492,474,472,-1,492,472,470,-1,490,482,492,-1,492,482,480,-1,492,480,478,-1,498,499,500,-1,500,499,501,-1,502,498,503,-1,503,498,500,-1,504,502,505,-1,505,502,503,-1,506,504,507,-1,507,504,505,-1,508,506,509,-1,509,506,507,-1,510,508,511,-1,511,508,509,-1,512,510,513,-1,513,510,511,-1,514,512,515,-1,515,512,513,-1,516,514,517,-1,517,514,515,-1,518,516,519,-1,519,516,517,-1,520,518,521,-1,521,518,519,-1,522,520,523,-1,523,520,521,-1,524,522,525,-1,525,522,523,-1,524,525,526,-1,524,526,527,-1,527,526,528,-1,527,528,529,-1,529,528,530,-1,529,530,531,-1,531,530,532,-1,531,532,533,-1,533,532,534,-1,533,534,535,-1,535,534,536,-1,535,536,537,-1,538,537,539,-1,539,537,536,-1,538,539,540,-1,538,540,541,-1,541,540,542,-1,541,542,543,-1,543,542,544,-1,543,544,545,-1,545,544,546,-1,545,546,547,-1,547,546,548,-1,547,548,549,-1,549,548,550,-1,549,550,551,-1,552,551,553,-1,553,551,550,-1,554,552,555,-1,555,552,553,-1,556,554,557,-1,557,554,555,-1,558,556,559,-1,559,556,557,-1,560,558,561,-1,561,558,559,-1,562,560,563,-1,563,560,561,-1,564,562,565,-1,565,562,563,-1,564,565,566,-1,564,566,567,-1,567,566,568,-1,567,568,569,-1,569,568,570,-1,569,570,571,-1,571,570,572,-1,571,572,573,-1,573,572,574,-1,573,574,575,-1,575,574,576,-1,575,576,577,-1,577,576,578,-1,577,578,579,-1,579,578,580,-1,579,580,581,-1,581,580,582,-1,581,582,583,-1,583,582,584,-1,583,584,585,-1,585,584,586,-1,585,586,587,-1,588,587,589,-1,589,587,586,-1,590,588,591,-1,591,588,589,-1,590,591,592,-1,592,591,593,-1,592,593,594,-1,594,593,595,-1,594,595,596,-1,596,595,597,-1,596,597,598,-1,598,597,599,-1,598,599,600,-1,600,599,601,-1,600,601,602,-1,602,601,603,-1,604,602,605,-1,605,602,603,-1,604,605,606,-1,606,605,607,-1,606,607,608,-1,608,607,609,-1,608,609,610,-1,610,609,611,-1,610,611,612,-1,612,611,613,-1,612,613,614,-1,614,613,615,-1,614,615,616,-1,616,615,617,-1,616,617,618,-1,618,617,619,-1,620,618,621,-1,621,618,619,-1,620,621,622,-1,622,621,623,-1,622,623,624,-1,624,623,625,-1,624,625,626,-1,626,625,627,-1,626,627,628,-1,628,627,629,-1,628,629,630,-1,630,629,631,-1,630,631,632,-1,632,631,633,-1,634,632,635,-1,635,632,633,-1,634,635,636,-1,634,636,637,-1,637,636,638,-1,637,638,639,-1,639,638,640,-1,639,640,641,-1,641,640,642,-1,641,642,643,-1,643,642,644,-1,643,644,645,-1,645,644,646,-1,645,646,647,-1,647,646,648,-1,647,648,649,-1,649,648,650,-1,649,650,651,-1,651,650,652,-1,651,652,653,-1,653,652,654,-1,653,654,655,-1,655,654,656,-1,655,656,657,-1,657,656,658,-1,657,658,659,-1,660,659,661,-1,661,659,658,-1,662,660,663,-1,663,660,661,-1,499,662,501,-1,501,662,663,-1,499,498,662,-1,662,498,502,-1,662,502,660,-1,660,502,504,-1,506,508,504,-1,504,508,510,-1,622,624,504,-1,512,514,516,-1,554,556,558,-1,504,624,660,-1,660,624,626,-1,660,626,628,-1,628,630,660,-1,660,630,632,-1,660,632,659,-1,659,632,634,-1,590,592,562,-1,592,594,562,-1,562,594,596,-1,562,596,598,-1,583,585,564,-1,564,585,587,-1,564,587,562,-1,562,587,588,-1,562,588,590,-1,558,527,554,-1,554,527,551,-1,554,551,552,-1,524,527,522,-1,522,527,558,-1,522,558,520,-1,520,558,560,-1,520,560,518,-1,616,618,504,-1,504,618,620,-1,504,620,622,-1,606,608,560,-1,560,608,610,-1,560,610,612,-1,569,571,567,-1,567,571,573,-1,567,573,564,-1,564,573,575,-1,564,575,577,-1,577,579,564,-1,564,579,581,-1,564,581,583,-1,649,639,641,-1,641,643,649,-1,649,643,645,-1,649,645,647,-1,649,651,639,-1,639,651,653,-1,639,653,655,-1,531,533,529,-1,529,533,527,-1,541,543,551,-1,634,637,659,-1,659,637,639,-1,659,639,657,-1,657,639,655,-1,598,600,562,-1,562,600,602,-1,562,602,560,-1,560,602,604,-1,560,604,606,-1,516,518,512,-1,512,518,560,-1,512,560,510,-1,510,560,612,-1,510,612,504,-1,504,612,614,-1,504,614,616,-1,533,535,527,-1,527,535,537,-1,527,537,551,-1,551,537,538,-1,551,538,541,-1,543,545,551,-1,551,545,547,-1,551,547,549,-1,500,501,503,-1,503,501,663,-1,503,663,505,-1,601,599,563,-1,513,511,661,-1,521,559,523,-1,523,559,557,-1,523,557,525,-1,557,555,525,-1,525,555,553,-1,525,553,550,-1,540,539,550,-1,534,532,525,-1,584,582,565,-1,599,597,563,-1,563,597,595,-1,563,595,593,-1,633,631,661,-1,509,507,511,-1,511,507,505,-1,511,505,661,-1,661,505,663,-1,550,539,525,-1,525,539,536,-1,525,536,534,-1,593,591,563,-1,563,591,589,-1,563,589,565,-1,565,589,586,-1,565,586,584,-1,550,548,546,-1,532,530,525,-1,525,530,528,-1,525,528,526,-1,582,580,565,-1,565,580,578,-1,565,578,576,-1,576,574,565,-1,565,574,572,-1,565,572,566,-1,566,572,570,-1,566,570,568,-1,517,515,519,-1,519,515,513,-1,519,513,627,-1,627,513,661,-1,627,661,629,-1,629,661,631,-1,546,544,550,-1,550,544,542,-1,550,542,540,-1,627,625,519,-1,519,625,623,-1,519,623,621,-1,633,661,635,-1,635,661,658,-1,635,658,636,-1,609,561,611,-1,611,561,559,-1,621,619,519,-1,519,619,617,-1,519,617,521,-1,521,617,615,-1,521,615,559,-1,559,615,613,-1,559,613,611,-1,644,642,658,-1,609,607,561,-1,561,607,605,-1,561,605,563,-1,563,605,603,-1,563,603,601,-1,656,654,648,-1,648,654,652,-1,648,652,650,-1,642,640,658,-1,658,640,638,-1,658,638,636,-1,656,648,658,-1,658,648,646,-1,658,646,644,-1,
        ]
    }
}
Shape{
    appearance Appearance {
        material  Material 	{
            diffuseColor 0.10980392156862745 0.10980392156862745 0.10980392156862745
            specularColor 0.00784313725490196 0.00784313725490196 0.00784313725490196
            ambientIntensity 0.1569
            transparency 0.0
            shininess 0.5
        }
    }
    geometry IndexedFaceSet {
        ccw TRUE
        solid FALSE
        coord DEF co Coordinate {
            point [
                1.5551 -1.4559 0.0, 0.7677 -1.4559 0.0, 1.5551 -1.0622 0.0, 0.689 -1.3772 0.0, 0.689 -1.0622 0.0, 1.2283 -0.7472 0.5315, 0.9843 -0.7472 0.5315, 1.2283 -1.0622 0.5315, 0.9843 -1.0622 0.5315, 0.5906 -0.7472 0.5315, -0.5906 -0.7472 0.5315, 0.5906 -1.0622 0.5315, -0.5906 -1.0622 0.5315, 0.9843 -1.0622 0.2362, 0.9843 -1.0228 0.315, 1.2283 -1.0622 0.2362, 1.2283 -1.0228 0.315, 0.9843 -0.2748 0.315, 1.2283 -0.2748 0.315, 1.2283 -0.2748 0.4724, 0.9843 -0.2748 0.4724, -0.5906 -0.2748 0.3937, -0.5906 -0.2748 0.4724, 0.5906 -0.2748 0.3937, 0.5906 -0.2748 0.4724, 1.2283 -0.6882 0.4724, 0.9843 -0.6882 0.4724, 0.5906 -0.6882 0.4724, -0.5906 -0.6882 0.4724, -1.2283 -1.0622 0.5315, -0.9843 -1.0622 0.5315, -1.2283 -0.7472 0.5315, -0.9843 -0.7472 0.5315, 0.689 -1.0622 0.3937, 1.5551 -1.0622 0.689, 0.5906 -1.0622 0.3937, -0.5906 -1.0622 0.3937, -0.689 -1.0622 0.3937, -0.9843 -1.0622 0.2362, -0.689 -1.0622 0.0, -1.2283 -1.0622 0.2362, -1.5945 -1.0622 0.0, -1.5945 -1.0622 0.689, 1.5551 -1.1016 0.7283, -1.5551 -1.1016 0.7283, 1.5551 -1.4165 0.7283, -1.5551 -1.4165 0.7283, 0.7677 -1.4559 0.4724, 1.5551 -1.4559 0.689, -0.7677 -1.4559 0.4724, -1.5551 -1.4559 0.689, -0.7677 -1.4559 0.0, -1.5551 -1.4559 0.0, -1.5945 -1.4165 0.0, -0.689 -1.3772 0.0, -1.583 -1.4444 0.0, -1.5931 -1.4267 0.0, -1.5892 -1.4362 0.0, -1.5653 -1.4546 0.0, -1.5748 -1.4506 0.0, -0.9843 -1.0228 0.315, -1.2283 -1.0228 0.315, -0.9843 -0.2748 0.315, -1.2283 -0.2748 0.315, -1.2283 -0.2748 0.4724, -0.9843 -0.2748 0.4724, -1.2283 -0.6882 0.4724, -0.9843 -0.6882 0.4724, 1.5945 -1.1016 0.0394, 1.5945 -1.1016 0.689, 1.5945 -1.4165 0.0394, 1.5945 -1.4165 0.689, -1.5945 -1.4165 0.689, 0.689 -1.3772 0.3937, -0.689 -1.3772 0.3937, -1.5653 -1.4546 0.689, -1.5748 -1.4506 0.689, -1.583 -1.4444 0.689, -1.5892 -1.4362 0.689, -1.5931 -1.4267 0.689, -1.5551 -1.4546 0.6992, -1.565 -1.4533 0.6992, -1.565 -1.4336 0.7231, -1.5602 -1.4254 0.727, -1.5623 -1.4237 0.727, -1.5653 -1.4165 0.727, -1.565 -1.4192 0.727, -1.5578 -1.4264 0.727, -1.5602 -1.4355 0.7231, -1.5623 -1.4434 0.7168, -1.5551 -1.4267 0.727, -1.569 -1.4305 0.7231, -1.5639 -1.4216 0.727, -1.5722 -1.4264 0.7231, -1.5741 -1.4216 0.7231, -1.5748 -1.4165 0.7231, -1.5551 -1.4362 0.7231, -1.5551 -1.4444 0.7168, -1.5551 -1.4506 0.7087, -1.569 -1.4406 0.7168, -1.5748 -1.4362 0.7168, -1.5792 -1.4305 0.7168, -1.582 -1.4237 0.7168, -1.583 -1.4165 0.7168, -1.5639 -1.4495 0.7087, -1.5722 -1.4461 0.7087, -1.5792 -1.4406 0.7087, -1.5846 -1.4336 0.7087, -1.5881 -1.4254 0.7087, -1.5892 -1.4165 0.7087, -1.5741 -1.4495 0.6992, -1.582 -1.4434 0.6992, -1.5881 -1.4355 0.6992, -1.5919 -1.4264 0.6992, -1.5931 -1.4165 0.6992, -1.5942 -1.0625 0.6941, -1.5915 -1.0652 0.704, -1.5931 -1.0635 0.6992, -1.583 -1.0737 0.7168, -1.5864 -1.0703 0.7129, -1.5892 -1.0675 0.7087, -1.5748 -1.0819 0.7231, -1.5653 -1.0914 0.727, 1.5551 -1.4546 0.6992, 1.5551 -1.4506 0.7087, 1.5551 -1.4444 0.7168, 1.5551 -1.4362 0.7231, 1.5551 -1.4267 0.727, 1.5653 -1.4165 0.727, 1.5653 -1.1016 0.727, 1.5748 -1.4165 0.7231, 1.5748 -1.1016 0.7231, 1.583 -1.4165 0.7168, 1.583 -1.1016 0.7168, 1.5892 -1.4165 0.7087, 1.5892 -1.1016 0.7087, 1.5931 -1.4165 0.6992, 1.5931 -1.1016 0.6992, 1.5551 -1.0914 0.727, 1.5551 -1.0819 0.7231, 1.5551 -1.0737 0.7168, 1.5551 -1.0675 0.7087, 1.5551 -1.0635 0.6992, 1.5919 -1.4264 0.6992, 1.5722 -1.4264 0.7231, 1.5639 -1.4216 0.727, 1.5623 -1.4237 0.727, 1.5578 -1.4264 0.727, 1.565 -1.4192 0.727, 1.5741 -1.4216 0.7231, 1.582 -1.4237 0.7168, 1.569 -1.4305 0.7231, 1.5602 -1.4254 0.727, 1.565 -1.4336 0.7231, 1.5602 -1.4355 0.7231, 1.5792 -1.4305 0.7168, 1.5748 -1.4362 0.7168, 1.569 -1.4406 0.7168, 1.5623 -1.4434 0.7168, 1.5881 -1.4254 0.7087, 1.5846 -1.4336 0.7087, 1.5792 -1.4406 0.7087, 1.5722 -1.4461 0.7087, 1.5639 -1.4495 0.7087, 1.5881 -1.4355 0.6992, 1.582 -1.4434 0.6992, 1.5741 -1.4495 0.6992, 1.565 -1.4533 0.6992, 1.5931 -1.4267 0.689, 1.5892 -1.4362 0.689, 1.583 -1.4444 0.689, 1.5748 -1.4506 0.689, 1.5653 -1.4546 0.689, 1.565 -1.0648 0.6992, 1.565 -1.0845 0.7231, 1.5602 -1.0927 0.727, 1.5623 -1.0944 0.727, 1.565 -1.0989 0.727, 1.5578 -1.0917 0.727, 1.5602 -1.0826 0.7231, 1.5623 -1.0747 0.7168, 1.569 -1.0877 0.7231, 1.5639 -1.0965 0.727, 1.5722 -1.0917 0.7231, 1.5741 -1.0965 0.7231, 1.569 -1.0775 0.7168, 1.5748 -1.0819 0.7168, 1.5792 -1.0877 0.7168, 1.582 -1.0944 0.7168, 1.5639 -1.0686 0.7087, 1.5722 -1.072 0.7087, 1.5792 -1.0775 0.7087, 1.5846 -1.0845 0.7087, 1.5881 -1.0927 0.7087, 1.5741 -1.0686 0.6992, 1.582 -1.0747 0.6992, 1.5881 -1.0826 0.6992, 1.5919 -1.0917 0.6992, 1.5653 -1.0635 0.689, 1.5748 -1.0675 0.689, 1.583 -1.0737 0.689, 1.5892 -1.0819 0.689, 1.5931 -1.0914 0.689, 1.5931 -1.4267 0.0292, 1.5892 -1.4362 0.0197, 1.583 -1.4444 0.0115, 1.5791 -1.4478 0.0081, 1.5748 -1.4506 0.0053, 1.5702 -1.4529 0.003, 1.5653 -1.4546 0.0013, 1.5603 -1.4556 0.0003, 1.5603 -1.0625 0.0003, 1.5702 -1.0652 0.003, 1.5653 -1.0635 0.0013, 1.583 -1.0737 0.0115, 1.5791 -1.0703 0.0081, 1.5748 -1.0675 0.0053, 1.5892 -1.0819 0.0197, 1.5931 -1.0914 0.0292
            ]
        }
        coordIndex [
            0,1,2,-1,2,1,3,-1,2,3,4,-1,5,6,7,-1,7,6,8,-1,9,10,11,-1,11,10,12,-1,13,14,15,-1,15,14,16,-1,14,17,16,-1,16,17,18,-1,18,17,19,-1,19,17,20,-1,21,22,23,-1,23,22,24,-1,19,20,25,-1,25,20,26,-1,24,22,27,-1,27,22,28,-1,25,26,5,-1,5,26,6,-1,27,28,9,-1,9,28,10,-1,29,30,31,-1,31,30,32,-1,33,8,4,-1,4,8,13,-1,4,13,2,-1,2,13,15,-1,2,15,34,-1,15,7,34,-1,34,7,8,-1,34,8,11,-1,11,8,33,-1,11,33,35,-1,12,36,30,-1,30,36,37,-1,30,37,38,-1,38,37,39,-1,38,39,40,-1,40,39,41,-1,40,41,29,-1,29,41,42,-1,29,42,30,-1,30,42,34,-1,30,34,12,-1,12,34,11,-1,43,44,45,-1,45,44,46,-1,1,0,47,-1,47,0,48,-1,47,48,49,-1,49,48,50,-1,49,50,51,-1,51,50,52,-1,53,41,39,-1,39,54,53,-1,53,54,51,-1,53,51,52,-1,53,55,56,-1,56,55,57,-1,52,58,53,-1,53,58,59,-1,53,59,55,-1,60,38,61,-1,61,38,40,-1,62,60,63,-1,63,60,61,-1,64,65,63,-1,63,65,62,-1,66,67,64,-1,64,67,65,-1,31,32,66,-1,66,32,67,-1,68,69,70,-1,70,69,71,-1,42,41,72,-1,72,41,53,-1,61,40,29,-1,64,63,66,-1,66,63,61,-1,66,61,31,-1,31,61,29,-1,7,15,16,-1,5,7,25,-1,25,7,16,-1,25,16,19,-1,19,16,18,-1,22,21,28,-1,28,21,36,-1,28,36,10,-1,10,36,12,-1,30,38,60,-1,32,30,67,-1,67,30,60,-1,67,60,65,-1,65,60,62,-1,14,13,8,-1,20,17,26,-1,26,17,14,-1,26,14,6,-1,6,14,8,-1,23,24,27,-1,9,11,27,-1,27,11,35,-1,27,35,23,-1,73,33,3,-1,3,33,4,-1,54,39,74,-1,74,39,37,-1,73,74,36,-1,36,74,37,-1,33,73,35,-1,35,73,36,-1,35,36,23,-1,23,36,21,-1,74,49,54,-1,54,49,51,-1,73,47,74,-1,74,47,49,-1,3,1,73,-1,73,1,47,-1,52,50,75,-1,52,75,58,-1,58,75,76,-1,58,76,59,-1,59,76,77,-1,59,77,55,-1,55,77,78,-1,55,78,57,-1,57,78,79,-1,57,79,56,-1,56,79,72,-1,56,72,53,-1,50,80,81,-1,82,83,84,-1,46,85,86,-1,84,83,46,-1,87,46,83,-1,87,83,88,-1,88,83,82,-1,88,82,89,-1,90,46,87,-1,91,92,93,-1,93,92,86,-1,93,86,94,-1,94,86,85,-1,94,85,95,-1,90,87,96,-1,96,87,88,-1,96,88,97,-1,97,88,89,-1,97,89,98,-1,99,91,100,-1,100,91,93,-1,100,93,101,-1,101,93,94,-1,101,94,102,-1,102,94,95,-1,102,95,103,-1,104,99,105,-1,105,99,100,-1,105,100,106,-1,106,100,101,-1,106,101,107,-1,107,101,102,-1,107,102,108,-1,108,102,103,-1,108,103,109,-1,80,104,81,-1,81,104,105,-1,81,105,110,-1,110,105,106,-1,110,106,111,-1,111,106,107,-1,111,107,112,-1,112,107,108,-1,112,108,113,-1,113,108,109,-1,113,109,114,-1,50,81,75,-1,75,81,110,-1,75,110,76,-1,76,110,111,-1,76,111,77,-1,77,111,112,-1,77,112,78,-1,78,112,113,-1,78,113,79,-1,79,113,114,-1,79,114,72,-1,92,46,86,-1,80,98,104,-1,104,98,89,-1,104,89,99,-1,99,89,82,-1,99,82,91,-1,91,82,84,-1,91,84,92,-1,92,84,46,-1,42,72,115,-1,115,72,114,-1,109,116,114,-1,114,116,117,-1,114,117,115,-1,118,119,109,-1,109,119,120,-1,109,120,116,-1,109,103,118,-1,118,103,95,-1,118,95,121,-1,121,95,85,-1,121,85,122,-1,122,85,46,-1,122,46,44,-1,50,48,123,-1,50,123,80,-1,80,123,124,-1,80,124,98,-1,98,124,125,-1,98,125,97,-1,97,125,126,-1,97,126,96,-1,96,126,127,-1,96,127,90,-1,90,127,45,-1,90,45,46,-1,43,45,128,-1,43,128,129,-1,129,128,130,-1,129,130,131,-1,131,130,132,-1,131,132,133,-1,133,132,134,-1,133,134,135,-1,135,134,136,-1,135,136,137,-1,137,136,71,-1,137,71,69,-1,44,43,138,-1,44,138,122,-1,122,138,139,-1,122,139,121,-1,121,139,140,-1,121,140,118,-1,118,140,119,-1,119,140,141,-1,119,141,120,-1,120,141,116,-1,116,141,142,-1,116,142,117,-1,117,142,115,-1,115,142,34,-1,115,34,42,-1,71,136,143,-1,144,145,146,-1,45,127,147,-1,146,145,45,-1,148,45,145,-1,148,145,149,-1,149,145,144,-1,149,144,150,-1,128,45,148,-1,151,152,153,-1,153,152,147,-1,153,147,154,-1,154,147,127,-1,154,127,126,-1,128,148,130,-1,130,148,149,-1,130,149,132,-1,132,149,150,-1,132,150,134,-1,155,151,156,-1,156,151,153,-1,156,153,157,-1,157,153,154,-1,157,154,158,-1,158,154,126,-1,158,126,125,-1,159,155,160,-1,160,155,156,-1,160,156,161,-1,161,156,157,-1,161,157,162,-1,162,157,158,-1,162,158,163,-1,163,158,125,-1,163,125,124,-1,136,159,143,-1,143,159,160,-1,143,160,164,-1,164,160,161,-1,164,161,165,-1,165,161,162,-1,165,162,166,-1,166,162,163,-1,166,163,167,-1,167,163,124,-1,167,124,123,-1,71,143,168,-1,168,143,164,-1,168,164,169,-1,169,164,165,-1,169,165,170,-1,170,165,166,-1,170,166,171,-1,171,166,167,-1,171,167,172,-1,172,167,123,-1,172,123,48,-1,152,45,147,-1,136,134,159,-1,159,134,150,-1,159,150,155,-1,155,150,144,-1,155,144,151,-1,151,144,146,-1,151,146,152,-1,152,146,45,-1,34,142,173,-1,174,175,176,-1,43,129,177,-1,176,175,43,-1,178,43,175,-1,178,175,179,-1,179,175,174,-1,179,174,180,-1,138,43,178,-1,181,182,183,-1,183,182,177,-1,183,177,184,-1,184,177,129,-1,184,129,131,-1,138,178,139,-1,139,178,179,-1,139,179,140,-1,140,179,180,-1,140,180,141,-1,185,181,186,-1,186,181,183,-1,186,183,187,-1,187,183,184,-1,187,184,188,-1,188,184,131,-1,188,131,133,-1,189,185,190,-1,190,185,186,-1,190,186,191,-1,191,186,187,-1,191,187,192,-1,192,187,188,-1,192,188,193,-1,193,188,133,-1,193,133,135,-1,142,189,173,-1,173,189,190,-1,173,190,194,-1,194,190,191,-1,194,191,195,-1,195,191,192,-1,195,192,196,-1,196,192,193,-1,196,193,197,-1,197,193,135,-1,197,135,137,-1,34,173,198,-1,198,173,194,-1,198,194,199,-1,199,194,195,-1,199,195,200,-1,200,195,196,-1,200,196,201,-1,201,196,197,-1,201,197,202,-1,202,197,137,-1,202,137,69,-1,182,43,177,-1,142,141,189,-1,189,141,180,-1,189,180,185,-1,185,180,174,-1,185,174,181,-1,181,174,176,-1,181,176,182,-1,182,176,43,-1,70,71,168,-1,70,168,203,-1,203,168,169,-1,203,169,204,-1,204,169,170,-1,204,170,205,-1,205,170,206,-1,206,170,171,-1,206,171,207,-1,207,171,208,-1,208,171,172,-1,208,172,209,-1,209,172,210,-1,210,172,48,-1,210,48,0,-1,2,34,211,-1,211,34,198,-1,199,212,198,-1,198,212,213,-1,198,213,211,-1,214,215,199,-1,199,215,216,-1,199,216,212,-1,199,200,214,-1,214,200,201,-1,214,201,217,-1,217,201,202,-1,217,202,218,-1,218,202,69,-1,218,69,68,-1,215,214,205,-1,205,214,217,-1,205,217,204,-1,204,217,218,-1,204,218,203,-1,203,218,68,-1,203,68,70,-1,205,206,215,-1,215,206,207,-1,215,207,216,-1,216,207,208,-1,216,208,212,-1,212,208,209,-1,212,209,213,-1,213,209,210,-1,213,210,211,-1,211,210,0,-1,211,0,2,-1,
        ]
    }
}
Shape{
    appearance Appearance {
        material  Material 	{
            diffuseColor 0.6784313725490196 0.6784313725490196 0.6784313725490196
            specularColor 0.047058823529411764 0.047058823529411764 0.047058823529411764
            ambientIntensity 0.9686
            transparency 0.0
            shininess 0.5
        }
    }
    geometry IndexedFaceSet {
        ccw TRUE
        solid FALSE
        coord DEF co Coordinate {
            point [
                -1.2795 0.1189 0.2559, -1.2795 0.1189 0.2047, -1.2795 -1.0228 0.2559, -1.2795 -1.0228 0.2047, -1.2768 0.1393 0.2559, -1.2768 0.1393 0.1843, -1.269 0.1583 0.2559, -1.269 0.1583 0.1654, -1.2565 0.1746 0.2559, -1.2565 0.1746 0.149, -1.2487 0.1814 0.1423, -1.2402 0.1871 0.2559, -1.2402 0.1871 0.1365, -1.2309 0.1916 0.132, -1.2212 0.195 0.2559, -1.2212 0.195 0.1287, -1.2111 0.197 0.1267, -1.2008 0.1976 0.2559, -1.2008 0.1976 0.126, -0.6496 0.1976 0.7874, -0.4429 0.1976 0.7874, -0.6496 0.1976 0.0, -0.4429 0.1976 0.0, -0.9449 -1.0228 0.2559, -1.2795 -1.0228 0.5315, -0.9449 -1.0228 0.5315, -1.2795 -1.0228 0.5827, -0.7874 -1.0228 0.6614, -0.7874 -1.0228 0.126, -1.2008 -1.0228 0.126, -1.2212 -1.0228 0.1287, -1.2768 -1.0228 0.1843, -1.269 -1.0228 0.1654, -1.2565 -1.0228 0.149, -1.2402 -1.0228 0.1365, -1.2008 -1.0228 0.6614, -1.2212 -1.0228 0.6587, -1.2402 -1.0228 0.6509, -1.2565 -1.0228 0.6384, -1.269 -1.0228 0.622, -1.2768 -1.0228 0.6031, 0.6496 0.1976 0.7874, 0.4429 0.1976 0.7874, 0.4429 0.0992 0.7874, 0.3445 0.0992 0.7874, 0.3445 0.1976 0.7874, 0.2461 0.1976 0.7874, 0.2461 0.0992 0.7874, 0.1476 0.0992 0.7874, -0.6496 -1.0228 0.7874, 0.6496 -1.0228 0.7874, -0.0492 0.0992 0.7874, -0.0492 0.1976 0.7874, -0.1476 0.1976 0.7874, -0.1476 0.0992 0.7874, -0.2461 0.0992 0.7874, 0.0492 0.0992 0.7874, 0.0492 0.1976 0.7874, 0.1476 0.1976 0.7874, -0.4429 0.0992 0.7874, -0.3445 0.0992 0.7874, -0.3445 0.1976 0.7874, -0.2461 0.1976 0.7874, -1.2008 0.1976 0.5315, -1.2008 0.1976 0.6614, -0.9449 0.1976 0.5315, -0.7874 0.1976 0.6614, -0.9449 0.1976 0.2559, -0.7874 0.1976 0.126, -0.149 -0.4492 0.0, -0.1554 -0.4481 0.0, -0.1107 -0.4478 0.0, -0.1421 -0.4523 0.0, -0.1107 -1.4165 0.0, -0.4921 -1.4165 0.0, -0.4921 -1.0228 0.0, -0.2825 -0.4494 0.0, -0.2829 -0.4496 0.0, -0.6496 -0.4478 0.0, -0.282 -0.4494 0.0, -0.2835 -0.4603 0.0, -0.2834 -0.462 0.0, -0.2843 -0.4534 0.0, -0.2828 -0.4787 0.0, -0.1245 -0.4862 0.0, -0.1276 -0.4722 0.0, -0.2851 -0.6336 0.0, -0.2856 -0.6364 0.0, -0.2837 -0.6387 0.0, -0.2712 -0.6231 0.0, -0.2333 -0.4694 0.0, -0.1311 -0.6282 0.0, -0.1268 -0.6282 0.0, -0.1226 -0.5178 0.0, -0.1268 -0.5526 0.0, -0.1271 -0.5181 0.0, -0.1322 -0.5526 0.0, -0.1325 -0.462 0.0, -0.1365 -0.4568 0.0, -0.2828 -0.6061 0.0, -0.283 -0.62 0.0, -0.1445 -0.6255 0.0, -0.1389 -0.6204 0.0, -0.1356 -0.616 0.0, -0.1331 -0.6115 0.0, -0.2222 -0.4558 0.0, -0.2226 -0.4555 0.0, -0.1627 -0.4484 0.0, -0.2833 -0.4499 0.0, -0.2836 -0.4503 0.0, -0.6496 -1.0228 0.0, -0.2841 -0.4511 0.0, -0.2843 -0.4518 0.0, -0.1702 -0.4507 0.0, -0.1767 -0.4545 0.0, -0.2217 -0.4567 0.0, -0.1814 -0.4594 0.0, -0.2218 -0.4577 0.0, -0.222 -0.456 0.0, -0.1594 -0.4575 0.0, -0.1925 -0.526 0.0, -0.1855 -0.4855 0.0, -0.1285 -0.5031 0.0, -0.1915 -0.571 0.0, -0.1889 -0.5858 0.0, -0.1346 -0.5925 0.0, -0.2754 -0.6053 0.0, -0.2342 -0.469 0.0, -0.2754 -0.6089 0.0, -0.2741 -0.6169 0.0, -0.1862 -0.6141 0.0, -0.1804 -0.6216 0.0, -0.1716 -0.6284 0.0, -0.1674 -0.6304 0.0, -0.1417 -0.4639 0.0, -0.1375 -0.4687 0.0, -0.1528 -0.6211 0.0, -0.1729 -0.617 0.0, -0.1774 -0.6125 0.0, -0.153 -0.458 0.0, -0.1468 -0.4603 0.0, -0.1338 -0.476 0.0, -0.1298 -0.4947 0.0, -0.1571 -0.622 0.0, -0.163 -0.6216 0.0, -0.1681 -0.6199 0.0, -0.2754 -0.4609 0.0, -0.2536 -0.4627 0.0, -0.2432 -0.4643 0.0, -0.2398 -0.4651 0.0, -0.1634 -0.6313 0.0, -0.1594 -0.6313 0.0, -0.151 -0.6292 0.0, -0.1707 -0.4611 0.0, -0.1748 -0.4649 0.0, -0.1812 -0.474 0.0, -0.1671 -0.459 0.0, -0.1633 -0.4579 0.0, -0.1381 -0.6053 0.0, -0.1416 -0.6123 0.0, -0.1451 -0.6164 0.0, -0.2377 -0.4661 0.0, -0.2351 -0.4683 0.0, -0.222 -0.4587 0.0, -0.1879 -0.4699 0.0, -0.2225 -0.4595 0.0, -0.1958 -0.4936 0.0, -0.2235 -0.4607 0.0, -0.2365 -0.454 0.0, -0.2551 -0.452 0.0, -0.2732 -0.4504 0.0, -0.2797 -0.4499 0.0, -0.2812 -0.4494 0.0, -0.2233 -0.4552 0.0, -0.2243 -0.4551 0.0, -0.2293 -0.455 0.0, -0.1823 -0.6048 0.0, -0.1488 -0.6193 0.0, -0.1989 -0.5128 0.0, -0.2004 -0.5555 0.0, -0.199 -0.5699 0.0, -0.1922 -0.6006 0.0, -0.2267 -0.4635 0.0, -0.2613 -0.4515 0.0, 0.0628 -0.4599 0.0, 0.0571 -0.4567 0.0, 0.1052 -0.4478 0.0, 0.0479 -0.4545 0.0, 0.0601 -0.6264 0.0, 0.1418 -0.6347 0.0, 0.0537 -0.6279 0.0, 0.0449 -0.6285 0.0, 0.0653 -0.6237 0.0, 0.0699 -0.6195 0.0, 0.0745 -0.613 0.0, 0.4921 -1.0228 0.0, 0.0386 -0.628 0.0, 0.1864 -0.4718 0.0, 0.1865 -0.4715 0.0, 0.6496 -0.4478 0.0, 0.1865 -0.4704 0.0, -0.0914 -0.449 0.0, -0.0922 -0.4491 0.0, -0.0928 -0.4494 0.0, -0.0299 -0.5469 0.0, -0.0304 -0.5466 0.0, -0.0311 -0.4725 0.0, 0.0158 -0.6231 0.0, 0.0217 -0.6237 0.0, 0.0324 -0.6268 0.0, 0.1862 -0.4721 0.0, 0.6496 -1.0228 0.0, 0.1859 -0.4726 0.0, 0.186 -0.4638 0.0, 0.186 -0.4637 0.0, 0.1849 -0.451 0.0, -0.0935 -0.45 0.0, -0.0941 -0.4507 0.0, -0.0944 -0.4513 0.0, -0.0989 -0.6222 0.0, -0.0989 -0.6228 0.0, -0.0989 -0.6231 0.0, -0.0837 -0.5489 0.0, -0.0599 -0.552 0.0, -0.0837 -0.6112 0.0, -0.0501 -0.554 0.0, -0.0384 -0.5594 0.0, -0.0302 -0.6194 0.0, -0.0347 -0.6189 0.0, 0.1039 -0.4711 0.0, 0.0769 -0.4806 0.0, 0.1034 -0.4695 0.0, 0.0728 -0.472 0.0, 0.1032 -0.4669 0.0, 0.0676 -0.4645 0.0, 0.1036 -0.4614 0.0, -0.0001 -0.6231 0.0, 0.005 -0.6223 0.0, -0.0986 -0.62 0.0, -0.0989 -0.6213 0.0, -0.0972 -0.6238 0.0, -0.0751 -0.6224 0.0, -0.0696 -0.6231 0.0, -0.0911 -0.6228 0.0, -0.0863 -0.6222 0.0, -0.0965 -0.6237 0.0, -0.0814 -0.6223 0.0, -0.0806 -0.6223 0.0, -0.0414 -0.618 0.0, -0.048 -0.6172 0.0, -0.041 -0.558 0.0, -0.0438 -0.5563 0.0, 0.0006 -0.4624 0.0, 0.0016 -0.4623 0.0, 0.0056 -0.4623 0.0, 0.105 -0.4496 0.0, 0.0339 -0.4527 0.0, 0.0214 -0.4512 0.0, 0.0168 -0.45 0.0, 0.0109 -0.6223 0.0, 0.0133 -0.6227 0.0, -0.0946 -0.4524 0.0, -0.0946 -0.4541 0.0, -0.0945 -0.4546 0.0, -0.0005 -0.4622 0.0, -0.0231 -0.4637 0.0, -0.0226 -0.4597 0.0, -0.0228 -0.4595 0.0, 0.0116 -0.4478 0.0, -0.0231 -0.4594 0.0, -0.0231 -0.4594 0.0, -0.0239 -0.4592 0.0, -0.0248 -0.4592 0.0, 0.1458 -0.6347 0.0, 0.1733 -0.5133 0.0, 0.1767 -0.4991 0.0, -0.0951 -0.615 0.0, -0.097 -0.6173 0.0, -0.0982 -0.619 0.0, -0.0988 -0.6233 0.0, -0.0987 -0.6234 0.0, -0.0986 -0.6235 0.0, -0.0984 -0.6236 0.0, -0.098 -0.6237 0.0, -0.037 -0.6324 0.0, -0.0395 -0.6308 0.0, -0.0585 -0.6251 0.0, -0.0487 -0.6271 0.0, -0.041 -0.6299 0.0, -0.0289 -0.5483 0.0, -0.0291 -0.5478 0.0, -0.0295 -0.5473 0.0, -0.0837 -0.539 0.0, -0.0837 -0.4623 0.0, -0.0415 -0.4682 0.0, -0.0295 -0.6195 0.0, -0.0302 -0.5512 0.0, -0.0296 -0.5504 0.0, 0.0095 -0.4492 0.0, -0.022 -0.461 0.0, 0.0113 -0.4479 0.0, -0.0221 -0.4605 0.0, -0.0224 -0.46 0.0, 0.0001 -0.6179 0.0, -0.0003 -0.4623 0.0, 0.0013 -0.6169 0.0, 0.0064 -0.6126 0.0, -0.0007 -0.6188 0.0, -0.0012 -0.6199 0.0, -0.0013 -0.6206 0.0, 0.0101 -0.4623 0.0, 0.0101 -0.6107 0.0, -0.0001 -0.4624 0.0, 0.0789 -0.6015 0.0, 0.083 -0.5698 0.0, 0.1127 -0.4997 0.0, 0.0843 -0.5305 0.0, 0.0818 -0.4996 0.0, 0.1782 -0.4924 0.0, 0.1801 -0.4858 0.0, 0.182 -0.4804 0.0, 0.1838 -0.4754 0.0, 0.185 -0.4736 0.0, -0.0289 -0.5487 0.0, -0.0013 -0.6212 0.0, -0.0309 -0.5464 0.0, -0.0316 -0.5464 0.0, -0.0336 -0.4711 0.0, -0.0374 -0.4693 0.0, -0.0223 -0.4625 0.0, -0.022 -0.4619 0.0, -0.0219 -0.4614 0.0, -0.0718 -0.453 0.0, -0.0848 -0.4507 0.0, -0.088 -0.4495 0.0, -0.09 -0.4491 0.0, 0.0082 -0.6116 0.0, 0.1045 -0.4722 0.0, 0.1059 -0.4748 0.0, 0.1096 -0.4871 0.0, 0.4921 -1.4165 0.0, -0.0005 -0.6228 0.0, -0.0008 -0.6224 0.0, -0.0292 -0.5498 0.0, -0.029 -0.5492 0.0, -0.029 -0.6196 0.0, -0.0285 -0.6199 0.0, -0.0281 -0.6203 0.0, -0.0278 -0.6207 0.0, -0.029 -0.4589 0.0, -0.0505 -0.4563 0.0, -0.0927 -0.4618 0.0, -0.0919 -0.4691 0.0, -0.0919 -0.4745 0.0, -0.0011 -0.622 0.0, -0.0277 -0.6214 0.0, -0.0277 -0.621 0.0, 0.0054 -0.453 0.0, 0.0041 -0.4544 0.0, 0.0007 -0.458 0.0, 0.0 -0.4588 0.0, -0.0004 -0.4594 0.0, -0.0008 -0.4599 0.0, -0.001 -0.4602 0.0, -0.0011 -0.4605 0.0, -0.0011 -0.4608 0.0, -0.001 -0.4612 0.0, -0.0282 -0.623 0.0, -0.0279 -0.6224 0.0, -0.0277 -0.6218 0.0, -0.0008 -0.4618 0.0, -0.0006 -0.462 0.0, -0.0919 -0.6112 0.0, -0.0916 -0.4816 0.0, -0.0918 -0.478 0.0, -0.0288 -0.624 0.0, -0.1107 0.1976 0.0, -0.0492 0.0992 0.0, -0.0492 0.1976 0.0, 0.0129 -0.4477 0.0, 0.0126 -0.4476 0.0, 0.1061 -0.4419 0.0, 0.1062 -0.4416 0.0, 0.0119 -0.4476 0.0, 0.0492 0.0992 0.0, 0.2461 0.0992 0.0, 0.1476 0.0992 0.0, 0.1476 0.1976 0.0, 0.0492 0.1976 0.0, 0.4429 0.1976 0.0, 0.6496 0.1976 0.0, 0.4429 0.0992 0.0, 0.3445 0.0992 0.0, 0.3445 0.1976 0.0, 0.2461 0.1976 0.0, 0.1068 -0.4412 0.0, 0.1066 -0.4413 0.0, 0.1064 -0.4414 0.0, 0.0138 -0.4482 0.0, 0.0131 -0.4478 0.0, 0.1054 -0.4461 0.0, 0.1059 -0.4426 0.0, 0.1845 -0.4478 0.0, 0.1843 -0.4462 0.0, 0.1842 -0.4447 0.0, 0.1827 -0.4416 0.0, 0.109 -0.4439 0.0, 0.1086 -0.4429 0.0, 0.184 -0.4436 0.0, 0.1839 -0.4429 0.0, 0.1838 -0.4424 0.0, 0.11 -0.4478 0.0, 0.1824 -0.4417 0.0, 0.1821 -0.4418 0.0, 0.1805 -0.4478 0.0, 0.1812 -0.4436 0.0, 0.1814 -0.4429 0.0, 0.1819 -0.442 0.0, 0.1816 -0.4423 0.0, 0.1075 -0.4413 0.0, 0.1073 -0.4412 0.0, 0.107 -0.4412 0.0, 0.1083 -0.4423 0.0, 0.108 -0.4418 0.0, 0.1077 -0.4415 0.0, 0.1836 -0.4421 0.0, 0.1835 -0.4419 0.0, 0.1833 -0.4418 0.0, 0.1831 -0.4416 0.0, 0.1829 -0.4416 0.0, -0.4429 0.0992 0.0, -0.3445 0.0992 0.0, -0.1476 0.1976 0.0, -0.1476 0.0992 0.0, -0.2461 0.0992 0.0, -0.2461 0.1976 0.0, -0.3445 0.1976 0.0, 0.1625 -0.5237 0.0, 0.124 -0.5144 0.0, 0.1792 -0.4549 0.0, 0.115 -0.4722 0.0, 0.1107 -0.4507 0.0, -0.6299 -1.0228 0.5512, -0.4921 -1.0228 0.5512, -0.4921 -1.0228 0.6299, -0.4921 -1.0228 0.1575, -0.6299 -1.0228 0.1575, 0.0492 -1.0228 0.6693, 0.0492 -1.0228 0.6299, 0.1476 -1.0228 0.6299, -0.4429 -1.0228 0.6299, -0.4429 -1.0228 0.6693, -0.3445 -1.0228 0.6693, 0.2461 -1.0228 0.6693, 0.1476 -1.0228 0.6693, -0.3445 -1.0228 0.6299, -0.2461 -1.0228 0.6299, -0.2461 -1.0228 0.6693, -0.1476 -1.0228 0.6693, 0.4921 -1.0228 0.6299, 0.4921 -1.0228 0.5512, 0.6299 -1.0228 0.5512, -0.1476 -1.0228 0.6299, -0.0492 -1.0228 0.6299, -0.0492 -1.0228 0.6693, 0.2461 -1.0228 0.6299, 0.3445 -1.0228 0.6299, 0.3445 -1.0228 0.6693, 0.4429 -1.0228 0.6693, 0.4429 -1.0228 0.6299, 0.4921 -1.0228 0.1575, 0.6299 -1.0228 0.1575, -1.2795 0.1189 0.5315, -1.2795 0.1189 0.5827, -0.4921 -0.9441 0.5512, -0.7874 0.178 0.126, -0.7874 -1.0031 0.126, -0.6496 -1.0031 0.126, -0.6496 0.178 0.126, -0.7874 -1.0031 0.6614, -0.7874 0.178 0.6614, -0.6496 0.178 0.6614, -0.6496 -1.0031 0.6614, -1.2768 0.1393 0.6031, -1.269 0.1583 0.622, -1.2565 0.1746 0.6384, -1.2487 0.1814 0.6451, -1.2402 0.1871 0.6509, -1.2309 0.1916 0.6554, -1.2212 0.195 0.6587, -1.2111 0.197 0.6607, -1.2212 0.195 0.5315, -1.2402 0.1871 0.5315, -1.2565 0.1746 0.5315, -1.269 0.1583 0.5315, -1.2768 0.1393 0.5315, -0.4921 -1.2984 0.2362, -0.4429 -1.2984 0.2362, -0.4921 -0.9441 0.2362, -0.4429 0.0598 0.2362, -0.6299 -0.9441 0.2362, -0.6299 0.0598 0.2362, -0.6299 0.0598 0.5512, -0.4429 -0.9441 0.5512, -0.4429 0.0598 0.5512, -0.3445 -1.4165 0.1181, -0.2461 -1.4165 0.1181, -0.2461 -1.4125 0.1487, -0.3445 -1.4125 0.1487, -0.2461 -1.4007 0.1772, -0.3445 -1.4007 0.1772, -0.2461 -1.3819 0.2016, -0.3445 -1.3819 0.2016, -0.2461 -1.3575 0.2204, -0.3445 -1.3575 0.2204, -0.2461 -1.329 0.2322, -0.3445 -1.329 0.2322, -0.2461 -1.2984 0.2362, -0.3445 -1.2984 0.2362, -0.2461 0.0598 0.2362, -0.3445 0.0598 0.2362, -0.3445 0.0598 0.5512, -0.2461 0.0598 0.5512, -0.3445 -0.9441 0.5512, -0.2461 -0.9441 0.5512, -0.4429 -1.4165 0.1181, -0.4921 -1.4165 0.1181, 0.4921 -1.4165 0.1181, 0.4429 -1.4165 0.1181, 0.3445 -1.4165 0.1181, 0.2461 -1.4165 0.1181, 0.1476 -1.4165 0.1181, 0.0492 -1.4165 0.1181, -0.0492 -1.4165 0.1181, -0.1476 -1.4165 0.1181, -0.4429 -1.4125 0.1487, -0.4921 -1.4125 0.1487, -0.4429 -1.4007 0.1772, -0.4921 -1.4007 0.1772, -0.4429 -1.3819 0.2016, -0.4921 -1.3819 0.2016, -0.4429 -1.3575 0.2204, -0.4921 -1.3575 0.2204, -0.4429 -1.329 0.2322, -0.4921 -1.329 0.2322, -0.3445 0.0992 0.6693, -0.4429 0.0992 0.6693, -0.3445 0.0992 0.1181, -0.4429 0.0992 0.1181, -0.0492 -1.4125 0.1487, -0.1476 -1.4125 0.1487, -0.0492 -1.4007 0.1772, -0.1476 -1.4007 0.1772, -0.0492 -1.3819 0.2016, -0.1476 -1.3819 0.2016, -0.0492 -1.3575 0.2204, -0.1476 -1.3575 0.2204, -0.0492 -1.329 0.2322, -0.1476 -1.329 0.2322, -0.0492 -1.2984 0.2362, -0.1476 -1.2984 0.2362, -0.0492 0.0598 0.2362, -0.1476 0.0598 0.2362, -0.1476 0.0598 0.5512, -0.0492 0.0598 0.5512, -0.1476 -0.9441 0.5512, -0.0492 -0.9441 0.5512, -0.1476 0.0992 0.6693, -0.2461 0.0992 0.6693, -0.1476 0.0992 0.1181, -0.2461 0.0992 0.1181, 0.1476 -1.4125 0.1487, 0.0492 -1.4125 0.1487, 0.1476 -1.4007 0.1772, 0.0492 -1.4007 0.1772, 0.1476 -1.3819 0.2016, 0.0492 -1.3819 0.2016, 0.1476 -1.3575 0.2204, 0.0492 -1.3575 0.2204, 0.1476 -1.329 0.2322, 0.0492 -1.329 0.2322, 0.1476 -1.2984 0.2362, 0.0492 -1.2984 0.2362, 0.1476 0.0598 0.2362, 0.0492 0.0598 0.2362, 0.0492 0.0598 0.5512, 0.1476 0.0598 0.5512, 0.0492 -0.9441 0.5512, 0.1476 -0.9441 0.5512, 0.0492 0.0992 0.6693, -0.0492 0.0992 0.6693, 0.0492 0.0992 0.1181, -0.0492 0.0992 0.1181, 0.3445 -1.4125 0.1487, 0.2461 -1.4125 0.1487, 0.3445 -1.4007 0.1772, 0.2461 -1.4007 0.1772, 0.3445 -1.3819 0.2016, 0.2461 -1.3819 0.2016, 0.3445 -1.3575 0.2204, 0.2461 -1.3575 0.2204, 0.3445 -1.329 0.2322, 0.2461 -1.329 0.2322, 0.3445 -1.2984 0.2362, 0.2461 -1.2984 0.2362, 0.3445 0.0598 0.2362, 0.2461 0.0598 0.2362, 0.2461 0.0598 0.5512, 0.3445 0.0598 0.5512, 0.2461 -0.9441 0.5512, 0.3445 -0.9441 0.5512, 0.2461 0.0992 0.6693, 0.1476 0.0992 0.6693, 0.2461 0.0992 0.1181, 0.1476 0.0992 0.1181, 0.4921 -0.9441 0.5512, 1.2795 0.1189 0.2047, 1.2795 0.1189 0.2559, 1.2795 -1.0228 0.2047, 1.2795 -1.0228 0.2559, 1.2008 0.1976 0.126, 1.2008 0.1976 0.2559, 1.2111 0.197 0.1267, 1.2212 0.195 0.2559, 1.2402 0.1871 0.2559, 1.2309 0.1916 0.132, 1.2212 0.195 0.1287, 1.2565 0.1746 0.149, 1.2487 0.1814 0.1423, 1.2402 0.1871 0.1365, 1.2565 0.1746 0.2559, 1.269 0.1583 0.2559, 1.269 0.1583 0.1654, 1.2768 0.1393 0.2559, 1.2768 0.1393 0.1843, 0.9449 -1.0228 0.2559, 0.9449 -1.0228 0.5315, 1.2795 -1.0228 0.5315, 1.2795 -1.0228 0.5827, 1.2402 -1.0228 0.6509, 1.2565 -1.0228 0.6384, 1.2768 -1.0228 0.6031, 1.269 -1.0228 0.622, 1.2212 -1.0228 0.6587, 1.2008 -1.0228 0.6614, 0.7874 -1.0228 0.6614, 0.7874 -1.0228 0.126, 1.269 -1.0228 0.1654, 1.2212 -1.0228 0.1287, 1.2565 -1.0228 0.149, 1.2402 -1.0228 0.1365, 1.2008 -1.0228 0.126, 1.2768 -1.0228 0.1843, 0.9449 0.1976 0.2559, 0.7874 0.1976 0.126, 0.9449 0.1976 0.5315, 0.7874 0.1976 0.6614, 1.2008 0.1976 0.5315, 1.2008 0.1976 0.6614, 1.2795 0.1189 0.5827, 1.2795 0.1189 0.5315, 0.7874 -1.0031 0.126, 0.7874 0.178 0.126, 0.6496 0.178 0.126, 0.6496 -1.0031 0.126, 0.7874 0.178 0.6614, 0.7874 -1.0031 0.6614, 0.6496 -1.0031 0.6614, 0.6496 0.178 0.6614, 1.2111 0.197 0.6607, 1.2309 0.1916 0.6554, 1.2212 0.195 0.6587, 1.2565 0.1746 0.6384, 1.2487 0.1814 0.6451, 1.2402 0.1871 0.6509, 1.269 0.1583 0.622, 1.2768 0.1393 0.6031, 1.2768 0.1393 0.5315, 1.269 0.1583 0.5315, 1.2565 0.1746 0.5315, 1.2402 0.1871 0.5315, 1.2212 0.195 0.5315, 0.4429 -1.2984 0.2362, 0.4921 -1.2984 0.2362, 0.4921 -0.9441 0.2362, 0.6299 -0.9441 0.2362, 0.6299 0.0598 0.2362, 0.4429 0.0598 0.2362, 0.6299 0.0598 0.5512, 0.4429 -0.9441 0.5512, 0.4429 0.0598 0.5512, 0.4921 -1.329 0.2322, 0.4921 -1.3575 0.2204, 0.4921 -1.3819 0.2016, 0.4921 -1.4007 0.1772, 0.4921 -1.4125 0.1487, 0.4429 -1.4125 0.1487, 0.4429 -1.4007 0.1772, 0.4429 -1.3819 0.2016, 0.4429 -1.3575 0.2204, 0.4429 -1.329 0.2322, 0.4429 0.0992 0.6693, 0.3445 0.0992 0.6693, 0.4429 0.0992 0.1181, 0.3445 0.0992 0.1181
            ]
        }
        coordIndex [
            0,1,2,-1,2,1,3,-1,1,0,4,-1,1,4,5,-1,5,4,6,-1,5,6,7,-1,7,6,8,-1,7,8,9,-1,9,8,10,-1,10,8,11,-1,10,11,12,-1,12,11,13,-1,13,11,14,-1,13,14,15,-1,15,14,16,-1,16,14,17,-1,16,17,18,-1,19,20,21,-1,21,20,22,-1,23,2,3,-1,24,25,26,-1,26,25,27,-1,27,25,28,-1,28,25,23,-1,28,23,29,-1,29,23,3,-1,29,3,30,-1,31,32,33,-1,31,33,3,-1,3,33,34,-1,3,34,30,-1,27,35,26,-1,26,35,36,-1,26,36,37,-1,37,38,26,-1,26,38,39,-1,26,39,40,-1,41,42,43,-1,44,45,46,-1,47,48,49,-1,46,47,44,-1,44,47,49,-1,44,49,43,-1,43,49,50,-1,43,50,41,-1,51,52,53,-1,54,55,49,-1,53,54,51,-1,51,54,49,-1,51,49,56,-1,56,49,48,-1,56,48,57,-1,57,48,58,-1,20,19,59,-1,59,19,49,-1,59,49,60,-1,60,49,55,-1,60,55,61,-1,61,55,62,-1,63,64,65,-1,65,64,66,-1,65,66,67,-1,67,66,68,-1,67,68,17,-1,17,68,18,-1,69,70,71,-1,69,71,72,-1,73,74,75,-1,76,77,78,-1,76,78,79,-1,80,81,82,-1,82,81,83,-1,84,85,71,-1,86,87,75,-1,75,87,88,-1,75,88,73,-1,73,88,89,-1,73,89,90,-1,91,92,73,-1,93,94,95,-1,95,94,96,-1,84,71,93,-1,85,97,71,-1,71,97,98,-1,71,98,72,-1,99,100,86,-1,101,102,91,-1,91,102,103,-1,91,103,104,-1,105,106,107,-1,77,108,78,-1,78,108,109,-1,78,109,110,-1,110,109,111,-1,110,111,75,-1,75,111,112,-1,75,112,86,-1,86,112,82,-1,86,82,99,-1,99,82,83,-1,113,114,115,-1,115,114,116,-1,115,116,117,-1,113,115,107,-1,107,115,118,-1,107,118,105,-1,119,120,121,-1,120,122,123,-1,123,122,95,-1,123,95,124,-1,124,95,96,-1,124,96,125,-1,126,127,128,-1,128,127,90,-1,128,90,129,-1,129,90,89,-1,130,131,73,-1,73,131,132,-1,73,132,133,-1,120,134,135,-1,136,137,138,-1,119,139,120,-1,120,139,140,-1,120,140,134,-1,135,141,120,-1,120,141,142,-1,120,142,122,-1,143,144,136,-1,136,144,145,-1,136,145,137,-1,146,147,126,-1,126,147,148,-1,126,148,149,-1,133,150,73,-1,73,150,151,-1,73,151,91,-1,91,151,152,-1,91,152,101,-1,153,121,154,-1,154,121,155,-1,153,156,121,-1,121,156,157,-1,121,157,119,-1,125,158,124,-1,124,158,159,-1,124,159,160,-1,149,161,126,-1,126,161,162,-1,126,162,127,-1,117,116,163,-1,163,116,164,-1,163,164,165,-1,165,164,166,-1,165,166,167,-1,107,168,169,-1,170,171,172,-1,106,173,107,-1,107,173,174,-1,107,174,168,-1,168,174,175,-1,138,176,136,-1,136,176,124,-1,136,124,177,-1,177,124,160,-1,178,179,90,-1,90,179,180,-1,90,180,73,-1,73,180,181,-1,73,181,130,-1,178,90,166,-1,166,90,182,-1,166,182,167,-1,172,70,170,-1,170,70,107,-1,170,107,183,-1,183,107,169,-1,184,185,186,-1,186,185,187,-1,188,189,190,-1,190,189,191,-1,188,192,189,-1,189,192,193,-1,189,193,194,-1,195,196,191,-1,197,198,199,-1,199,198,200,-1,201,202,71,-1,71,202,203,-1,204,205,206,-1,207,208,195,-1,195,208,209,-1,195,209,196,-1,197,199,210,-1,210,199,211,-1,210,211,212,-1,200,213,199,-1,199,213,214,-1,199,214,215,-1,203,216,71,-1,71,216,217,-1,71,217,218,-1,219,220,73,-1,73,220,221,-1,222,223,224,-1,224,223,225,-1,226,227,228,-1,229,230,231,-1,231,230,232,-1,231,232,233,-1,233,232,234,-1,233,234,235,-1,195,236,237,-1,71,238,239,-1,240,241,242,-1,243,244,245,-1,245,244,246,-1,245,246,240,-1,240,246,247,-1,240,247,241,-1,228,248,226,-1,226,248,249,-1,226,249,250,-1,250,249,224,-1,250,224,251,-1,251,224,225,-1,252,253,254,-1,184,186,234,-1,234,186,255,-1,234,255,235,-1,187,256,186,-1,186,256,257,-1,186,257,258,-1,237,259,195,-1,195,259,260,-1,195,260,207,-1,218,261,71,-1,71,261,262,-1,71,262,263,-1,239,219,71,-1,71,219,73,-1,71,73,93,-1,93,73,92,-1,93,92,94,-1,264,206,265,-1,266,267,268,-1,268,267,269,-1,269,270,268,-1,268,270,271,-1,268,271,272,-1,191,189,195,-1,195,189,273,-1,195,273,211,-1,211,273,274,-1,211,274,275,-1,276,277,71,-1,71,277,278,-1,71,278,238,-1,221,279,73,-1,73,279,280,-1,73,280,281,-1,281,282,73,-1,73,282,283,-1,73,283,284,-1,284,283,285,-1,242,286,240,-1,240,286,287,-1,240,287,283,-1,283,287,288,-1,283,288,285,-1,289,290,206,-1,206,290,291,-1,206,291,204,-1,292,293,294,-1,227,226,295,-1,295,226,296,-1,295,296,297,-1,298,299,300,-1,300,299,301,-1,300,301,268,-1,268,301,302,-1,268,302,266,-1,303,304,305,-1,305,304,306,-1,303,307,304,-1,304,307,308,-1,304,308,309,-1,254,310,252,-1,252,310,311,-1,252,311,312,-1,194,313,189,-1,189,313,314,-1,189,314,315,-1,315,314,316,-1,315,316,317,-1,275,318,211,-1,211,318,319,-1,211,319,320,-1,320,321,211,-1,211,321,322,-1,211,322,212,-1,323,289,324,-1,324,289,206,-1,324,206,309,-1,309,206,264,-1,309,264,304,-1,205,325,206,-1,206,325,326,-1,206,326,327,-1,327,326,292,-1,327,292,328,-1,328,292,294,-1,265,329,264,-1,264,329,330,-1,264,330,331,-1,332,333,268,-1,268,333,334,-1,268,334,335,-1,312,311,304,-1,304,311,336,-1,304,336,306,-1,229,337,230,-1,230,337,338,-1,230,338,317,-1,317,338,339,-1,317,339,315,-1,195,340,236,-1,236,340,73,-1,236,73,341,-1,341,73,284,-1,341,284,342,-1,297,343,295,-1,295,343,344,-1,295,344,345,-1,345,344,323,-1,345,323,346,-1,346,323,324,-1,346,324,347,-1,347,324,348,-1,272,349,268,-1,268,349,350,-1,268,350,332,-1,263,351,71,-1,71,351,352,-1,71,352,353,-1,354,355,324,-1,324,355,356,-1,324,356,348,-1,298,357,299,-1,299,357,358,-1,299,358,359,-1,359,360,299,-1,299,360,361,-1,299,361,362,-1,362,363,299,-1,299,363,364,-1,299,364,331,-1,331,364,365,-1,331,365,366,-1,367,368,354,-1,354,368,369,-1,354,369,355,-1,366,370,331,-1,331,370,371,-1,331,371,264,-1,372,276,373,-1,373,276,71,-1,373,71,374,-1,374,71,353,-1,342,284,354,-1,354,284,375,-1,354,375,367,-1,71,376,377,-1,377,376,378,-1,379,380,381,-1,381,380,382,-1,335,201,268,-1,268,201,71,-1,268,71,383,-1,383,71,377,-1,383,377,380,-1,380,377,384,-1,385,199,386,-1,386,199,384,-1,386,384,387,-1,387,384,388,-1,389,390,391,-1,391,390,199,-1,391,199,392,-1,392,199,385,-1,392,385,393,-1,393,385,394,-1,384,395,396,-1,384,396,380,-1,380,396,397,-1,380,397,382,-1,258,398,186,-1,186,398,399,-1,186,399,400,-1,400,399,379,-1,400,379,401,-1,401,379,381,-1,215,402,199,-1,199,402,403,-1,199,403,404,-1,405,406,407,-1,404,408,199,-1,199,408,409,-1,199,409,410,-1,406,405,411,-1,411,405,412,-1,411,412,413,-1,414,411,415,-1,415,411,416,-1,413,417,411,-1,411,417,418,-1,411,418,416,-1,419,420,384,-1,384,420,421,-1,384,421,395,-1,407,422,405,-1,405,422,423,-1,405,423,424,-1,410,425,199,-1,199,425,426,-1,199,426,384,-1,384,426,427,-1,384,427,428,-1,428,429,384,-1,384,429,405,-1,384,405,419,-1,419,405,424,-1,21,22,78,-1,78,22,430,-1,172,79,70,-1,70,79,78,-1,70,78,71,-1,71,78,430,-1,71,430,431,-1,432,376,433,-1,433,376,71,-1,433,71,434,-1,434,71,431,-1,434,431,435,-1,435,431,436,-1,437,438,439,-1,439,438,440,-1,439,440,414,-1,414,440,441,-1,414,441,411,-1,442,443,444,-1,110,75,445,-1,445,446,110,-1,110,446,442,-1,110,442,49,-1,49,442,444,-1,447,448,449,-1,444,450,49,-1,49,450,451,-1,49,451,452,-1,453,50,454,-1,454,50,49,-1,455,456,452,-1,452,456,457,-1,452,457,49,-1,49,457,458,-1,459,460,461,-1,462,463,458,-1,458,463,464,-1,458,464,49,-1,49,464,447,-1,49,447,454,-1,454,447,449,-1,465,466,453,-1,453,466,467,-1,453,467,50,-1,50,467,468,-1,50,468,469,-1,470,195,471,-1,471,195,211,-1,471,211,461,-1,461,211,50,-1,461,50,459,-1,459,50,469,-1,24,26,472,-1,472,26,473,-1,444,443,474,-1,18,68,29,-1,29,68,475,-1,28,29,476,-1,476,29,475,-1,476,475,477,-1,477,475,478,-1,35,27,64,-1,64,27,479,-1,66,64,480,-1,480,64,479,-1,480,479,481,-1,481,479,482,-1,19,21,478,-1,478,21,78,-1,478,78,477,-1,477,78,110,-1,477,110,482,-1,482,110,49,-1,482,49,481,-1,481,49,19,-1,481,19,478,-1,479,27,476,-1,476,27,28,-1,482,479,477,-1,477,479,476,-1,480,481,475,-1,475,481,478,-1,66,480,68,-1,68,480,475,-1,473,26,40,-1,473,40,483,-1,483,40,39,-1,483,39,484,-1,484,39,38,-1,484,38,485,-1,485,38,486,-1,486,38,37,-1,486,37,487,-1,487,37,488,-1,488,37,36,-1,488,36,489,-1,489,36,490,-1,490,36,35,-1,490,35,64,-1,18,29,16,-1,16,29,30,-1,34,13,30,-1,30,13,15,-1,30,15,16,-1,9,10,34,-1,34,10,12,-1,34,12,13,-1,34,33,9,-1,9,33,32,-1,9,32,7,-1,7,32,31,-1,7,31,5,-1,5,31,3,-1,5,3,1,-1,64,63,490,-1,490,63,491,-1,492,488,491,-1,491,488,489,-1,491,489,490,-1,485,486,492,-1,492,486,487,-1,492,487,488,-1,492,493,485,-1,485,493,494,-1,485,494,484,-1,484,494,495,-1,484,495,483,-1,483,495,472,-1,483,472,473,-1,23,25,67,-1,67,25,65,-1,23,67,2,-1,2,67,17,-1,2,17,0,-1,0,17,4,-1,17,14,4,-1,4,14,11,-1,4,11,6,-1,6,11,8,-1,491,63,472,-1,65,25,63,-1,63,25,24,-1,63,24,472,-1,494,493,492,-1,491,472,492,-1,492,472,495,-1,492,495,494,-1,496,497,498,-1,498,497,499,-1,498,499,500,-1,500,499,501,-1,501,502,500,-1,500,502,442,-1,500,442,446,-1,443,442,474,-1,474,442,502,-1,474,502,503,-1,503,502,504,-1,504,502,499,-1,499,502,501,-1,445,498,446,-1,446,498,500,-1,505,506,507,-1,505,507,508,-1,508,507,509,-1,508,509,510,-1,510,509,511,-1,510,511,512,-1,512,511,513,-1,512,513,514,-1,514,513,515,-1,514,515,516,-1,516,515,517,-1,516,517,518,-1,517,519,518,-1,518,519,520,-1,520,519,521,-1,521,519,522,-1,521,522,523,-1,523,522,524,-1,523,524,455,-1,455,524,456,-1,62,435,61,-1,61,435,436,-1,525,526,74,-1,340,527,528,-1,528,529,340,-1,340,529,530,-1,340,530,73,-1,530,531,73,-1,73,531,532,-1,73,532,533,-1,533,534,73,-1,73,534,506,-1,73,506,74,-1,74,506,505,-1,74,505,525,-1,526,525,535,-1,526,535,536,-1,536,535,537,-1,536,537,538,-1,538,537,539,-1,538,539,540,-1,540,539,541,-1,540,541,542,-1,542,541,543,-1,542,543,544,-1,544,543,497,-1,544,497,496,-1,444,474,450,-1,450,474,503,-1,544,496,445,-1,445,496,498,-1,445,75,74,-1,74,526,445,-1,445,526,536,-1,445,536,538,-1,538,540,445,-1,445,540,542,-1,445,542,544,-1,545,452,546,-1,546,452,451,-1,505,547,525,-1,525,547,548,-1,547,431,548,-1,548,431,430,-1,60,545,59,-1,59,545,546,-1,60,61,545,-1,545,61,436,-1,545,436,547,-1,547,436,431,-1,518,505,508,-1,505,518,547,-1,547,518,520,-1,547,520,545,-1,545,520,521,-1,545,521,452,-1,452,521,523,-1,452,523,455,-1,508,510,518,-1,518,510,512,-1,518,512,516,-1,516,512,514,-1,20,59,546,-1,504,499,22,-1,22,20,504,-1,504,20,546,-1,504,546,503,-1,503,546,451,-1,503,451,450,-1,430,22,548,-1,548,22,499,-1,548,499,525,-1,525,499,497,-1,525,497,535,-1,541,539,537,-1,535,497,537,-1,537,497,543,-1,537,543,541,-1,534,533,549,-1,534,549,550,-1,550,549,551,-1,550,551,552,-1,552,551,553,-1,552,553,554,-1,554,553,555,-1,554,555,556,-1,556,555,557,-1,556,557,558,-1,558,557,559,-1,558,559,560,-1,559,561,560,-1,560,561,562,-1,562,561,563,-1,563,561,564,-1,563,564,565,-1,565,564,566,-1,565,566,462,-1,462,566,463,-1,432,53,376,-1,376,53,52,-1,376,52,378,-1,567,458,568,-1,568,458,457,-1,534,569,506,-1,506,569,570,-1,569,433,570,-1,570,433,434,-1,54,567,55,-1,55,567,568,-1,54,53,567,-1,567,53,432,-1,567,432,569,-1,569,432,433,-1,560,534,550,-1,534,560,569,-1,569,560,562,-1,569,562,567,-1,567,562,563,-1,567,563,458,-1,458,563,565,-1,458,565,462,-1,550,552,560,-1,560,552,554,-1,560,554,558,-1,558,554,556,-1,62,55,568,-1,522,519,435,-1,509,507,506,-1,435,62,522,-1,522,62,568,-1,522,568,524,-1,524,568,457,-1,524,457,456,-1,434,435,570,-1,570,435,519,-1,570,519,506,-1,506,519,517,-1,506,517,515,-1,515,513,506,-1,506,513,511,-1,506,511,509,-1,532,531,571,-1,532,571,572,-1,572,571,573,-1,572,573,574,-1,574,573,575,-1,574,575,576,-1,576,575,577,-1,576,577,578,-1,578,577,579,-1,578,579,580,-1,580,579,581,-1,580,581,582,-1,581,583,582,-1,582,583,584,-1,584,583,585,-1,585,583,586,-1,585,586,587,-1,587,586,588,-1,587,588,448,-1,448,588,449,-1,58,387,57,-1,57,387,388,-1,589,447,590,-1,590,447,464,-1,532,591,533,-1,533,591,592,-1,591,384,592,-1,592,384,377,-1,56,589,51,-1,51,589,590,-1,56,57,589,-1,589,57,388,-1,589,388,591,-1,591,388,384,-1,582,532,572,-1,532,582,591,-1,591,582,584,-1,591,584,589,-1,589,584,585,-1,589,585,447,-1,447,585,587,-1,447,587,448,-1,572,574,582,-1,582,574,576,-1,582,576,580,-1,580,576,578,-1,52,51,590,-1,564,561,378,-1,551,549,533,-1,378,52,564,-1,564,52,590,-1,564,590,566,-1,566,590,464,-1,566,464,463,-1,377,378,592,-1,592,378,561,-1,592,561,533,-1,533,561,559,-1,533,559,557,-1,557,555,533,-1,533,555,553,-1,533,553,551,-1,530,529,593,-1,530,593,594,-1,594,593,595,-1,594,595,596,-1,596,595,597,-1,596,597,598,-1,598,597,599,-1,598,599,600,-1,600,599,601,-1,600,601,602,-1,602,601,603,-1,602,603,604,-1,603,605,604,-1,604,605,606,-1,606,605,607,-1,607,605,608,-1,607,608,609,-1,609,608,610,-1,609,610,465,-1,465,610,466,-1,45,393,46,-1,46,393,394,-1,611,453,612,-1,612,453,454,-1,530,613,531,-1,531,613,614,-1,613,385,614,-1,614,385,386,-1,47,611,48,-1,48,611,612,-1,47,46,611,-1,611,46,394,-1,611,394,613,-1,613,394,385,-1,604,530,594,-1,530,604,613,-1,613,604,606,-1,613,606,611,-1,611,606,607,-1,611,607,453,-1,453,607,609,-1,453,609,465,-1,594,596,604,-1,604,596,598,-1,604,598,602,-1,602,598,600,-1,58,48,612,-1,586,583,387,-1,573,571,531,-1,387,58,586,-1,586,58,612,-1,586,612,588,-1,588,612,454,-1,588,454,449,-1,386,387,614,-1,614,387,583,-1,614,583,531,-1,531,583,581,-1,531,581,579,-1,579,577,531,-1,531,577,575,-1,531,575,573,-1,459,615,460,-1,616,617,618,-1,618,617,619,-1,620,621,622,-1,622,621,623,-1,624,625,623,-1,623,625,626,-1,623,626,622,-1,627,628,624,-1,624,628,629,-1,624,629,625,-1,624,630,627,-1,627,630,631,-1,627,631,632,-1,632,631,633,-1,632,633,634,-1,634,633,617,-1,634,617,616,-1,42,41,389,-1,389,41,390,-1,618,619,635,-1,636,637,638,-1,639,638,640,-1,640,638,641,-1,640,641,642,-1,639,643,638,-1,638,643,644,-1,638,644,636,-1,636,644,645,-1,636,645,635,-1,635,645,646,-1,635,646,618,-1,647,648,649,-1,649,648,650,-1,646,651,618,-1,618,651,648,-1,618,648,652,-1,652,648,647,-1,621,620,653,-1,653,620,654,-1,653,654,655,-1,655,654,656,-1,655,656,657,-1,657,656,658,-1,638,637,659,-1,659,637,660,-1,651,646,620,-1,620,646,661,-1,654,620,662,-1,662,620,661,-1,662,661,663,-1,663,661,664,-1,658,656,644,-1,644,656,665,-1,645,644,666,-1,666,644,665,-1,666,665,667,-1,667,665,668,-1,667,668,41,-1,41,668,663,-1,41,50,667,-1,667,50,211,-1,667,211,664,-1,664,211,199,-1,664,199,663,-1,663,199,390,-1,663,390,41,-1,645,666,646,-1,646,666,661,-1,666,667,661,-1,661,667,664,-1,668,665,663,-1,663,665,662,-1,665,656,662,-1,662,656,654,-1,658,644,669,-1,669,644,643,-1,639,670,643,-1,643,670,671,-1,643,671,669,-1,672,673,639,-1,639,673,674,-1,639,674,670,-1,639,640,672,-1,672,640,642,-1,672,642,675,-1,675,642,641,-1,675,641,676,-1,676,641,638,-1,676,638,659,-1,616,618,652,-1,616,652,634,-1,634,652,647,-1,634,647,632,-1,632,647,649,-1,632,649,627,-1,627,649,628,-1,628,649,650,-1,628,650,629,-1,629,650,625,-1,625,650,648,-1,625,648,626,-1,626,648,622,-1,622,648,651,-1,622,651,620,-1,659,660,677,-1,659,677,676,-1,676,677,678,-1,676,678,675,-1,675,678,679,-1,675,679,672,-1,672,679,673,-1,673,679,680,-1,673,680,674,-1,674,680,670,-1,670,680,681,-1,670,681,671,-1,671,681,669,-1,669,681,657,-1,669,657,658,-1,636,635,655,-1,655,635,653,-1,653,635,621,-1,621,635,619,-1,619,617,621,-1,621,617,633,-1,621,633,631,-1,631,630,621,-1,621,630,624,-1,621,624,623,-1,637,636,660,-1,660,636,655,-1,660,655,657,-1,680,679,678,-1,657,681,660,-1,660,681,680,-1,660,680,677,-1,677,680,678,-1,682,683,684,-1,685,686,684,-1,684,686,687,-1,684,687,682,-1,688,686,461,-1,461,686,685,-1,461,685,471,-1,461,460,615,-1,689,690,615,-1,615,690,688,-1,615,688,461,-1,687,686,690,-1,690,686,688,-1,684,470,685,-1,685,470,471,-1,684,683,470,-1,470,683,691,-1,691,692,470,-1,470,692,693,-1,470,693,694,-1,340,195,527,-1,527,195,470,-1,527,470,695,-1,695,470,694,-1,528,527,695,-1,528,695,696,-1,696,695,694,-1,696,694,697,-1,697,694,693,-1,697,693,698,-1,698,693,692,-1,698,692,699,-1,699,692,691,-1,699,691,700,-1,700,691,683,-1,700,683,682,-1,689,615,469,-1,469,615,459,-1,701,468,702,-1,702,468,467,-1,528,703,529,-1,529,703,704,-1,703,391,704,-1,704,391,392,-1,43,701,44,-1,44,701,702,-1,43,42,701,-1,701,42,389,-1,701,389,703,-1,703,389,391,-1,682,528,696,-1,528,682,703,-1,703,682,687,-1,703,687,701,-1,701,687,690,-1,701,690,468,-1,468,690,689,-1,468,689,469,-1,696,697,682,-1,682,697,698,-1,682,698,700,-1,700,698,699,-1,45,44,702,-1,608,605,393,-1,595,593,529,-1,393,45,608,-1,608,45,702,-1,608,702,610,-1,610,702,467,-1,610,467,466,-1,392,393,704,-1,704,393,605,-1,704,605,529,-1,529,605,603,-1,529,603,601,-1,601,599,529,-1,529,599,597,-1,529,597,595,-1,
        ]
    }
}
Shape{
    appearance Appearance {
        material  Material 	{
            diffuseColor 0.792156862745098 0.8196078431372549 0.9333333333333333
            specularColor 0.396078431372549 0.4117647058823529 0.4666666666666667
            ambientIntensity 0.8244
            transparency 0.0
            shininess 0.5
        }
    }
    geometry IndexedFaceSet {
        ccw TRUE
        solid FALSE
        coord DEF co Coordinate {
            point [
                0.115 -0.4722 0.0039, 0.115 -0.4722 0.0, 0.124 -0.5144 0.0039, 0.124 -0.5144 0.0, 0.1107 -0.4507 0.0039, 0.1107 -0.4507 0.0, 0.109 -0.4439 0.0039, 0.109 -0.4439 0.0, 0.11 -0.4478 0.0, 0.1086 -0.4429 0.0039, 0.1086 -0.4429 0.0, 0.1083 -0.4423 0.0039, 0.1083 -0.4423 0.0, 0.108 -0.4418 0.0039, 0.108 -0.4418 0.0, 0.1077 -0.4415 0.0039, 0.1077 -0.4415 0.0, 0.1075 -0.4413 0.0039, 0.1075 -0.4413 0.0, 0.1073 -0.4412 0.0039, 0.1073 -0.4412 0.0, 0.107 -0.4412 0.0039, 0.107 -0.4412 0.0, 0.1068 -0.4412 0.0039, 0.1068 -0.4412 0.0, 0.1066 -0.4413 0.0039, 0.1066 -0.4413 0.0, 0.1064 -0.4414 0.0039, 0.1064 -0.4414 0.0, 0.1062 -0.4416 0.0039, 0.1062 -0.4416 0.0, 0.1061 -0.4419 0.0039, 0.1061 -0.4419 0.0, 0.1059 -0.4426 0.0039, 0.1059 -0.4426 0.0, 0.1054 -0.4461 0.0039, 0.1054 -0.4461 0.0, 0.1052 -0.4478 0.0, 0.105 -0.4496 0.0039, 0.105 -0.4496 0.0, 0.1036 -0.4614 0.0039, 0.1036 -0.4614 0.0, 0.1032 -0.4669 0.0039, 0.1032 -0.4669 0.0, 0.1034 -0.4695 0.0039, 0.1034 -0.4695 0.0, 0.1039 -0.4711 0.0039, 0.1039 -0.4711 0.0, 0.1045 -0.4722 0.0039, 0.1045 -0.4722 0.0, 0.1059 -0.4748 0.0039, 0.1059 -0.4748 0.0, 0.1096 -0.4871 0.0039, 0.1096 -0.4871 0.0, 0.1127 -0.4997 0.0039, 0.1127 -0.4997 0.0, 0.1418 -0.6347 0.0039, 0.1418 -0.6347 0.0, 0.1458 -0.6347 0.0039, 0.1458 -0.6347 0.0, 0.1733 -0.5133 0.0039, 0.1733 -0.5133 0.0, 0.1767 -0.4991 0.0039, 0.1767 -0.4991 0.0, 0.1782 -0.4924 0.0039, 0.1782 -0.4924 0.0, 0.1801 -0.4858 0.0039, 0.1801 -0.4858 0.0, 0.182 -0.4804 0.0039, 0.182 -0.4804 0.0, 0.1838 -0.4754 0.0039, 0.1838 -0.4754 0.0, 0.185 -0.4736 0.0039, 0.185 -0.4736 0.0, 0.1859 -0.4726 0.0039, 0.1859 -0.4726 0.0, 0.1862 -0.4721 0.0039, 0.1862 -0.4721 0.0, 0.1864 -0.4718 0.0039, 0.1864 -0.4718 0.0, 0.1865 -0.4715 0.0039, 0.1865 -0.4715 0.0, 0.1865 -0.4704 0.0039, 0.1865 -0.4704 0.0, 0.186 -0.4638 0.0039, 0.186 -0.4638 0.0, 0.186 -0.4637 0.0039, 0.186 -0.4637 0.0, 0.1849 -0.451 0.0039, 0.1849 -0.451 0.0, 0.1845 -0.4478 0.0, 0.1843 -0.4462 0.0039, 0.1843 -0.4462 0.0, 0.1842 -0.4447 0.0039, 0.1842 -0.4447 0.0, 0.184 -0.4436 0.0039, 0.184 -0.4436 0.0, 0.1839 -0.4429 0.0039, 0.1839 -0.4429 0.0, 0.1838 -0.4424 0.0039, 0.1838 -0.4424 0.0, 0.1836 -0.4421 0.0039, 0.1836 -0.4421 0.0, 0.1835 -0.4419 0.0039, 0.1835 -0.4419 0.0, 0.1833 -0.4418 0.0039, 0.1833 -0.4418 0.0, 0.1831 -0.4416 0.0039, 0.1831 -0.4416 0.0, 0.1829 -0.4416 0.0039, 0.1829 -0.4416 0.0, 0.1827 -0.4416 0.0039, 0.1827 -0.4416 0.0, 0.1824 -0.4417 0.0039, 0.1824 -0.4417 0.0, 0.1821 -0.4418 0.0039, 0.1821 -0.4418 0.0, 0.1819 -0.442 0.0039, 0.1819 -0.442 0.0, 0.1816 -0.4423 0.0039, 0.1816 -0.4423 0.0, 0.1814 -0.4429 0.0039, 0.1814 -0.4429 0.0, 0.1812 -0.4436 0.0039, 0.1812 -0.4436 0.0, 0.1792 -0.4549 0.0039, 0.1792 -0.4549 0.0, 0.1805 -0.4478 0.0, 0.1625 -0.5237 0.0039, 0.1625 -0.5237 0.0, 0.1438 -0.6075 0.0039, 0.1254 -0.5243 0.0039, 0.1619 -0.528 0.0039, 0.1543 -0.5353 0.0039, 0.1472 -0.5305 0.0039, 0.1448 -0.5292 0.0039, 0.1365 -0.5266 0.0039, 0.1254 -0.5243 0.0, 0.1438 -0.6075 0.0, 0.1365 -0.5266 0.0, 0.1448 -0.5292 0.0, 0.1472 -0.5305 0.0, 0.1543 -0.5353 0.0, 0.1619 -0.528 0.0, 0.0013 -0.6169 0.0039, 0.0013 -0.6169 0.0, 0.0064 -0.6126 0.0039, 0.0064 -0.6126 0.0, 0.0001 -0.6179 0.0039, 0.0001 -0.6179 0.0, -0.0007 -0.6188 0.0039, -0.0007 -0.6188 0.0, -0.0012 -0.6199 0.0039, -0.0012 -0.6199 0.0, -0.0013 -0.6206 0.0039, -0.0013 -0.6206 0.0, -0.0013 -0.6212 0.0039, -0.0013 -0.6212 0.0, -0.0011 -0.622 0.0039, -0.0011 -0.622 0.0, -0.0008 -0.6224 0.0039, -0.0008 -0.6224 0.0, -0.0005 -0.6228 0.0039, -0.0005 -0.6228 0.0, -0.0001 -0.6231 0.0039, -0.0001 -0.6231 0.0
            ]
        }
        coordIndex [
            0,1,2,-1,2,1,3,-1,4,5,0,-1,0,5,1,-1,6,7,4,-1,4,7,8,-1,4,8,5,-1,7,6,9,-1,7,9,10,-1,10,9,11,-1,10,11,12,-1,12,11,13,-1,12,13,14,-1,14,13,15,-1,14,15,16,-1,16,15,17,-1,16,17,18,-1,18,17,19,-1,18,19,20,-1,20,19,21,-1,20,21,22,-1,22,21,23,-1,22,23,24,-1,24,23,25,-1,24,25,26,-1,26,25,27,-1,26,27,28,-1,28,27,29,-1,28,29,30,-1,30,29,31,-1,30,31,32,-1,32,31,33,-1,32,33,34,-1,34,33,35,-1,34,35,36,-1,36,35,37,-1,37,35,38,-1,37,38,39,-1,40,41,38,-1,38,41,39,-1,41,40,42,-1,41,42,43,-1,43,42,44,-1,43,44,45,-1,45,44,46,-1,45,46,47,-1,47,46,48,-1,47,48,49,-1,50,51,48,-1,48,51,49,-1,51,50,52,-1,51,52,53,-1,53,52,54,-1,53,54,55,-1,56,57,54,-1,54,57,55,-1,58,59,56,-1,56,59,57,-1,60,61,58,-1,58,61,59,-1,62,63,60,-1,60,63,61,-1,63,62,64,-1,63,64,65,-1,65,64,66,-1,65,66,67,-1,68,69,66,-1,66,69,67,-1,69,68,70,-1,69,70,71,-1,71,70,72,-1,71,72,73,-1,73,72,74,-1,73,74,75,-1,75,74,76,-1,75,76,77,-1,77,76,78,-1,77,78,79,-1,79,78,80,-1,79,80,81,-1,81,80,82,-1,81,82,83,-1,83,82,84,-1,83,84,85,-1,85,84,86,-1,85,86,87,-1,88,89,86,-1,86,89,87,-1,89,88,90,-1,90,88,91,-1,90,91,92,-1,92,91,93,-1,92,93,94,-1,94,93,95,-1,94,95,96,-1,96,95,97,-1,96,97,98,-1,98,97,99,-1,98,99,100,-1,100,99,101,-1,100,101,102,-1,102,101,103,-1,102,103,104,-1,104,103,105,-1,104,105,106,-1,106,105,107,-1,106,107,108,-1,108,107,109,-1,108,109,110,-1,110,109,111,-1,110,111,112,-1,112,111,113,-1,112,113,114,-1,114,113,115,-1,114,115,116,-1,116,115,117,-1,116,117,118,-1,118,117,119,-1,118,119,120,-1,120,119,121,-1,120,121,122,-1,122,121,123,-1,122,123,124,-1,125,126,123,-1,123,126,127,-1,123,127,124,-1,128,129,125,-1,125,129,126,-1,128,2,129,-1,129,2,3,-1,130,56,131,-1,131,56,54,-1,6,4,35,-1,128,132,133,-1,72,70,125,-1,125,70,68,-1,133,134,128,-1,128,134,135,-1,128,135,2,-1,2,135,136,-1,52,0,54,-1,54,0,2,-1,54,2,131,-1,131,2,136,-1,68,66,125,-1,125,66,64,-1,125,64,128,-1,128,64,62,-1,128,62,132,-1,132,62,60,-1,132,60,130,-1,130,60,58,-1,130,58,56,-1,0,40,4,-1,4,40,38,-1,4,38,35,-1,95,93,123,-1,123,93,91,-1,123,91,125,-1,125,91,88,-1,88,86,125,-1,125,86,84,-1,125,84,72,-1,72,84,82,-1,72,82,74,-1,52,50,0,-1,0,50,48,-1,0,48,46,-1,33,11,35,-1,35,11,9,-1,35,9,6,-1,46,44,0,-1,0,44,42,-1,0,42,40,-1,80,78,82,-1,82,78,76,-1,82,76,74,-1,119,101,121,-1,121,101,99,-1,121,99,123,-1,123,99,97,-1,123,97,95,-1,119,117,101,-1,101,117,115,-1,101,115,103,-1,31,15,33,-1,33,15,13,-1,33,13,11,-1,31,29,15,-1,15,29,27,-1,15,27,25,-1,19,17,21,-1,21,17,15,-1,21,15,23,-1,23,15,25,-1,111,109,113,-1,113,109,107,-1,113,107,115,-1,115,107,105,-1,115,105,103,-1,131,137,130,-1,130,137,138,-1,137,131,136,-1,137,136,139,-1,139,136,135,-1,139,135,140,-1,140,135,134,-1,140,134,141,-1,133,142,134,-1,134,142,141,-1,132,143,133,-1,133,143,142,-1,138,143,130,-1,130,143,132,-1,144,145,146,-1,146,145,147,-1,145,144,148,-1,145,148,149,-1,149,148,150,-1,149,150,151,-1,151,150,152,-1,151,152,153,-1,153,152,154,-1,153,154,155,-1,155,154,156,-1,155,156,157,-1,157,156,158,-1,157,158,159,-1,159,158,160,-1,159,160,161,-1,161,160,162,-1,161,162,163,-1,163,162,164,-1,163,164,165,-1,
        ]
    }
}
Shape{
    appearance Appearance {
        material  Material 	{
            diffuseColor 0.6470588235294118 0.6196078431372549 0.5882352941176471
            specularColor 0.45098039215686275 0.43529411764705883 0.4117647058823529
            ambientIntensity 0.6242
            transparency 0.0
            shininess 0.5
        }
    }
    geometry IndexedFaceSet {
        ccw TRUE
        solid FALSE
        coord DEF co Coordinate {
            point [
                0.005 -0.6223 0.0039, 0.005 -0.6223 0.0, -0.0001 -0.6231 0.0039, -0.0001 -0.6231 0.0
            ]
        }
        coordIndex [
            0,1,2,-1,2,1,3,-1,
        ]
    }
}
Shape{
    appearance Appearance {
        material  Material 	{
            diffuseColor 0.792156862745098 0.8196078431372549 0.9333333333333333
            specularColor 0.396078431372549 0.4117647058823529 0.4666666666666667
            ambientIntensity 0.8244
            transparency 0.0
            shininess 0.5
        }
    }
    geometry IndexedFaceSet {
        ccw TRUE
        solid FALSE
        coord DEF co Coordinate {
            point [
                0.0109 -0.6223 0.0039, 0.0109 -0.6223 0.0, 0.005 -0.6223 0.0039, 0.005 -0.6223 0.0
            ]
        }
        coordIndex [
            0,1,2,-1,2,1,3,-1,
        ]
    }
}
Shape{
    appearance Appearance {
        material  Material 	{
            diffuseColor 0.6470588235294118 0.6196078431372549 0.5882352941176471
            specularColor 0.45098039215686275 0.43529411764705883 0.4117647058823529
            ambientIntensity 0.6242
            transparency 0.0
            shininess 0.5
        }
    }
    geometry IndexedFaceSet {
        ccw TRUE
        solid FALSE
        coord DEF co Coordinate {
            point [
                0.0109 -0.6223 0.0, 0.0109 -0.6223 0.0039, 0.0133 -0.6227 0.0039, 0.0133 -0.6227 0.0, 0.0158 -0.6231 0.0039, 0.0158 -0.6231 0.0
            ]
        }
        coordIndex [
            0,1,2,-1,0,2,3,-1,3,2,4,-1,3,4,5,-1,
        ]
    }
}
Shape{
    appearance Appearance {
        material  Material 	{
            diffuseColor 0.792156862745098 0.8196078431372549 0.9333333333333333
            specularColor 0.396078431372549 0.4117647058823529 0.4666666666666667
            ambientIntensity 0.8244
            transparency 0.0
            shininess 0.5
        }
    }
    geometry IndexedFaceSet {
        ccw TRUE
        solid FALSE
        coord DEF co Coordinate {
            point [
                0.0217 -0.6237 0.0039, 0.0217 -0.6237 0.0, 0.0158 -0.6231 0.0039, 0.0158 -0.6231 0.0
            ]
        }
        coordIndex [
            0,1,2,-1,2,1,3,-1,
        ]
    }
}
Shape{
    appearance Appearance {
        material  Material 	{
            diffuseColor 0.6470588235294118 0.6196078431372549 0.5882352941176471
            specularColor 0.45098039215686275 0.43529411764705883 0.4117647058823529
            ambientIntensity 0.6242
            transparency 0.0
            shininess 0.5
        }
    }
    geometry IndexedFaceSet {
        ccw TRUE
        solid FALSE
        coord DEF co Coordinate {
            point [
                0.0324 -0.6268 0.0039, 0.0324 -0.6268 0.0, 0.0217 -0.6237 0.0039, 0.0217 -0.6237 0.0
            ]
        }
        coordIndex [
            0,1,2,-1,2,1,3,-1,
        ]
    }
}
Shape{
    appearance Appearance {
        material  Material 	{
            diffuseColor 0.792156862745098 0.8196078431372549 0.9333333333333333
            specularColor 0.396078431372549 0.4117647058823529 0.4666666666666667
            ambientIntensity 0.8244
            transparency 0.0
            shininess 0.5
        }
    }
    geometry IndexedFaceSet {
        ccw TRUE
        solid FALSE
        coord DEF co Coordinate {
            point [
                0.0324 -0.6268 0.0, 0.0324 -0.6268 0.0039, 0.0386 -0.628 0.0039, 0.0386 -0.628 0.0, 0.0449 -0.6285 0.0039, 0.0449 -0.6285 0.0
            ]
        }
        coordIndex [
            0,1,2,-1,0,2,3,-1,3,2,4,-1,3,4,5,-1,
        ]
    }
}
Shape{
    appearance Appearance {
        material  Material 	{
            diffuseColor 0.10980392156862745 0.10980392156862745 0.10980392156862745
            specularColor 0.00784313725490196 0.00784313725490196 0.00784313725490196
            ambientIntensity 0.1569
            transparency 0.0
            shininess 0.5
        }
    }
    geometry IndexedFaceSet {
        ccw TRUE
        solid FALSE
        coord DEF co Coordinate {
            point [
                0.0449 -0.6285 0.0, 0.0449 -0.6285 0.0039, 0.0537 -0.6279 0.0039, 0.0537 -0.6279 0.0, 0.0601 -0.6264 0.0039, 0.0601 -0.6264 0.0, 0.0653 -0.6237 0.0039, 0.0653 -0.6237 0.0, 0.0699 -0.6195 0.0039, 0.0699 -0.6195 0.0, 0.0745 -0.613 0.0039, 0.0745 -0.613 0.0, 0.0789 -0.6015 0.0039, 0.0789 -0.6015 0.0, 0.083 -0.5698 0.0039, 0.083 -0.5698 0.0, 0.0843 -0.5305 0.0039, 0.0843 -0.5305 0.0
            ]
        }
        coordIndex [
            0,1,2,-1,0,2,3,-1,3,2,4,-1,3,4,5,-1,5,4,6,-1,5,6,7,-1,7,6,8,-1,7,8,9,-1,9,8,10,-1,9,10,11,-1,11,10,12,-1,11,12,13,-1,13,12,14,-1,13,14,15,-1,15,14,16,-1,15,16,17,-1,
        ]
    }
}
Shape{
    appearance Appearance {
        material  Material 	{
            diffuseColor 0.792156862745098 0.8196078431372549 0.9333333333333333
            specularColor 0.396078431372549 0.4117647058823529 0.4666666666666667
            ambientIntensity 0.8244
            transparency 0.0
            shininess 0.5
        }
    }
    geometry IndexedFaceSet {
        ccw TRUE
        solid FALSE
        coord DEF co Coordinate {
            point [
                0.0843 -0.5305 0.0, 0.0843 -0.5305 0.0039, 0.0818 -0.4996 0.0039, 0.0818 -0.4996 0.0, 0.0769 -0.4806 0.0039, 0.0769 -0.4806 0.0, 0.0728 -0.472 0.0039, 0.0728 -0.472 0.0, 0.0676 -0.4645 0.0039, 0.0676 -0.4645 0.0, 0.0628 -0.4599 0.0039, 0.0628 -0.4599 0.0, 0.0571 -0.4567 0.0039, 0.0571 -0.4567 0.0, 0.0479 -0.4545 0.0039, 0.0479 -0.4545 0.0, 0.0339 -0.4527 0.0039, 0.0339 -0.4527 0.0
            ]
        }
        coordIndex [
            0,1,2,-1,0,2,3,-1,3,2,4,-1,3,4,5,-1,5,4,6,-1,5,6,7,-1,7,6,8,-1,7,8,9,-1,9,8,10,-1,9,10,11,-1,11,10,12,-1,11,12,13,-1,13,12,14,-1,13,14,15,-1,15,14,16,-1,15,16,17,-1,
        ]
    }
}
Shape{
    appearance Appearance {
        material  Material 	{
            diffuseColor 0.10980392156862745 0.10980392156862745 0.10980392156862745
            specularColor 0.00784313725490196 0.00784313725490196 0.00784313725490196
            ambientIntensity 0.1569
            transparency 0.0
            shininess 0.5
        }
    }
    geometry IndexedFaceSet {
        ccw TRUE
        solid FALSE
        coord DEF co Coordinate {
            point [
                0.0214 -0.4512 0.0039, 0.0214 -0.4512 0.0, 0.0339 -0.4527 0.0039, 0.0339 -0.4527 0.0
            ]
        }
        coordIndex [
            0,1,2,-1,2,1,3,-1,
        ]
    }
}
Shape{
    appearance Appearance {
        material  Material 	{
            diffuseColor 0.792156862745098 0.8196078431372549 0.9333333333333333
            specularColor 0.396078431372549 0.4117647058823529 0.4666666666666667
            ambientIntensity 0.8244
            transparency 0.0
            shininess 0.5
        }
    }
    geometry IndexedFaceSet {
        ccw TRUE
        solid FALSE
        coord DEF co Coordinate {
            point [
                0.0214 -0.4512 0.0, 0.0214 -0.4512 0.0039, 0.0168 -0.45 0.0039, 0.0168 -0.45 0.0, 0.0138 -0.4482 0.0039, 0.0138 -0.4482 0.0, 0.0131 -0.4478 0.0, 0.0129 -0.4477 0.0039, 0.0129 -0.4477 0.0, 0.0126 -0.4476 0.0039, 0.0126 -0.4476 0.0, 0.0119 -0.4476 0.0, 0.0119 -0.4476 0.0039, 0.0116 -0.4478 0.0, 0.0113 -0.4479 0.0039, 0.0113 -0.4479 0.0, 0.0095 -0.4492 0.0039, 0.0095 -0.4492 0.0, 0.0054 -0.453 0.0039, 0.0054 -0.453 0.0, 0.0041 -0.4544 0.0039, 0.0041 -0.4544 0.0, 0.0007 -0.458 0.0039, 0.0007 -0.458 0.0
            ]
        }
        coordIndex [
            0,1,2,-1,0,2,3,-1,3,2,4,-1,3,4,5,-1,5,4,6,-1,6,4,7,-1,6,7,8,-1,8,7,9,-1,8,9,10,-1,11,10,12,-1,12,10,9,-1,11,12,13,-1,13,12,14,-1,13,14,15,-1,15,14,16,-1,15,16,17,-1,17,16,18,-1,17,18,19,-1,19,18,20,-1,19,20,21,-1,22,23,20,-1,20,23,21,-1,
        ]
    }
}
Shape{
    appearance Appearance {
        material  Material 	{
            diffuseColor 0.6470588235294118 0.6196078431372549 0.5882352941176471
            specularColor 0.45098039215686275 0.43529411764705883 0.4117647058823529
            ambientIntensity 0.6242
            transparency 0.0
            shininess 0.5
        }
    }
    geometry IndexedFaceSet {
        ccw TRUE
        solid FALSE
        coord DEF co Coordinate {
            point [
                0.0007 -0.458 0.0, 0.0007 -0.458 0.0039, 0.0 -0.4588 0.0039, 0.0 -0.4588 0.0, -0.0004 -0.4594 0.0039, -0.0004 -0.4594 0.0, -0.0008 -0.4599 0.0039, -0.0008 -0.4599 0.0, -0.001 -0.4602 0.0039, -0.001 -0.4602 0.0, -0.0011 -0.4605 0.0039, -0.0011 -0.4605 0.0, -0.0011 -0.4608 0.0039, -0.0011 -0.4608 0.0, -0.001 -0.4612 0.0039, -0.001 -0.4612 0.0, -0.0008 -0.4618 0.0039, -0.0008 -0.4618 0.0, -0.0006 -0.462 0.0039, -0.0006 -0.462 0.0, -0.0005 -0.4622 0.0039, -0.0005 -0.4622 0.0, -0.0003 -0.4623 0.0039, -0.0003 -0.4623 0.0, -0.0001 -0.4624 0.0039, -0.0001 -0.4624 0.0, 0.0006 -0.4624 0.0039, 0.0006 -0.4624 0.0, 0.0016 -0.4623 0.0039, 0.0016 -0.4623 0.0
            ]
        }
        coordIndex [
            0,1,2,-1,0,2,3,-1,3,2,4,-1,3,4,5,-1,5,4,6,-1,5,6,7,-1,7,6,8,-1,7,8,9,-1,9,8,10,-1,9,10,11,-1,11,10,12,-1,11,12,13,-1,13,12,14,-1,13,14,15,-1,15,14,16,-1,15,16,17,-1,17,16,18,-1,17,18,19,-1,19,18,20,-1,19,20,21,-1,21,20,22,-1,21,22,23,-1,23,22,24,-1,23,24,25,-1,25,24,26,-1,25,26,27,-1,27,26,28,-1,27,28,29,-1,
        ]
    }
}
Shape{
    appearance Appearance {
        material  Material 	{
            diffuseColor 0.792156862745098 0.8196078431372549 0.9333333333333333
            specularColor 0.396078431372549 0.4117647058823529 0.4666666666666667
            ambientIntensity 0.8244
            transparency 0.0
            shininess 0.5
        }
    }
    geometry IndexedFaceSet {
        ccw TRUE
        solid FALSE
        coord DEF co Coordinate {
            point [
                0.0056 -0.4623 0.0039, 0.0056 -0.4623 0.0, 0.0016 -0.4623 0.0039, 0.0016 -0.4623 0.0
            ]
        }
        coordIndex [
            0,1,2,-1,2,1,3,-1,
        ]
    }
}
Shape{
    appearance Appearance {
        material  Material 	{
            diffuseColor 0.10980392156862745 0.10980392156862745 0.10980392156862745
            specularColor 0.00784313725490196 0.00784313725490196 0.00784313725490196
            ambientIntensity 0.1569
            transparency 0.0
            shininess 0.5
        }
    }
    geometry IndexedFaceSet {
        ccw TRUE
        solid FALSE
        coord DEF co Coordinate {
            point [
                0.0101 -0.4623 0.0039, 0.0101 -0.4623 0.0, 0.0056 -0.4623 0.0039, 0.0056 -0.4623 0.0
            ]
        }
        coordIndex [
            0,1,2,-1,2,1,3,-1,
        ]
    }
}
Shape{
    appearance Appearance {
        material  Material 	{
            diffuseColor 0.792156862745098 0.8196078431372549 0.9333333333333333
            specularColor 0.396078431372549 0.4117647058823529 0.4666666666666667
            ambientIntensity 0.8244
            transparency 0.0
            shininess 0.5
        }
    }
    geometry IndexedFaceSet {
        ccw TRUE
        solid FALSE
        coord DEF co Coordinate {
            point [
                0.0101 -0.6107 0.0039, 0.0101 -0.6107 0.0, 0.0101 -0.4623 0.0039, 0.0101 -0.4623 0.0
            ]
        }
        coordIndex [
            0,1,2,-1,2,1,3,-1,
        ]
    }
}
Shape{
    appearance Appearance {
        material  Material 	{
            diffuseColor 0.6470588235294118 0.6196078431372549 0.5882352941176471
            specularColor 0.45098039215686275 0.43529411764705883 0.4117647058823529
            ambientIntensity 0.6242
            transparency 0.0
            shininess 0.5
        }
    }
    geometry IndexedFaceSet {
        ccw TRUE
        solid FALSE
        coord DEF co Coordinate {
            point [
                0.0101 -0.6107 0.0, 0.0101 -0.6107 0.0039, 0.0082 -0.6116 0.0039, 0.0082 -0.6116 0.0, 0.0064 -0.6126 0.0039, 0.0064 -0.6126 0.0
            ]
        }
        coordIndex [
            0,1,2,-1,0,2,3,-1,3,2,4,-1,3,4,5,-1,
        ]
    }
}
Shape{
    appearance Appearance {
        material  Material 	{
            diffuseColor 0.792156862745098 0.8196078431372549 0.9333333333333333
            specularColor 0.396078431372549 0.4117647058823529 0.4666666666666667
            ambientIntensity 0.8244
            transparency 0.0
            shininess 0.5
        }
    }
    geometry IndexedFaceSet {
        ccw TRUE
        solid FALSE
        coord DEF co Coordinate {
            point [
                0.0268 -0.4629 0.0039, 0.0224 -0.4627 0.0039, 0.0214 -0.4512 0.0039, 0.018 -0.4629 0.0039, 0.0138 -0.4482 0.0039, 0.0168 -0.45 0.0039, 0.0101 -0.4623 0.0039, 0.0109 -0.6223 0.0039, 0.005 -0.6223 0.0039, 0.018 -0.6126 0.0039, -0.0008 -0.4599 0.0039, -0.0004 -0.4594 0.0039, 0.0016 -0.4623 0.0039, 0.0129 -0.4477 0.0039, -0.0001 -0.6231 0.0039, 0.0013 -0.6169 0.0039, -0.0005 -0.6228 0.0039, 0.0001 -0.6179 0.0039, 0.0101 -0.6107 0.0039, 0.0082 -0.6116 0.0039, 0.0064 -0.6126 0.0039, 0.0234 -0.6149 0.0039, 0.0354 -0.6177 0.0039, 0.0324 -0.6268 0.0039, 0.0386 -0.628 0.0039, 0.0478 -0.6186 0.0039, 0.0449 -0.6285 0.0039, 0.0 -0.4588 0.0039, 0.0007 -0.458 0.0039, 0.0056 -0.4623 0.0039, 0.0041 -0.4544 0.0039, 0.0054 -0.453 0.0039, 0.0095 -0.4492 0.0039, 0.0217 -0.6237 0.0039, 0.0158 -0.6231 0.0039, 0.0133 -0.6227 0.0039, -0.0003 -0.4623 0.0039, -0.0005 -0.4622 0.0039, -0.0006 -0.462 0.0039, 0.0537 -0.6279 0.0039, 0.0552 -0.6172 0.0039, 0.0601 -0.6264 0.0039, -0.001 -0.4612 0.0039, -0.0011 -0.4608 0.0039, -0.0008 -0.6224 0.0039, -0.0012 -0.6199 0.0039, -0.0007 -0.6188 0.0039, -0.0011 -0.622 0.0039, -0.0013 -0.6212 0.0039, -0.0013 -0.6206 0.0039, 0.0392 -0.4643 0.0039, 0.0339 -0.4527 0.0039, 0.048 -0.4654 0.0039, 0.0479 -0.4545 0.0039, 0.0543 -0.467 0.0039, 0.0571 -0.4567 0.0039, 0.0589 -0.4691 0.0039, 0.0628 -0.4599 0.0039, 0.0623 -0.4718 0.0039, 0.0676 -0.4645 0.0039, 0.0656 -0.476 0.0039, 0.0728 -0.472 0.0039, 0.0712 -0.4886 0.0039, 0.0769 -0.4806 0.0039, 0.0757 -0.5137 0.0039, -0.0008 -0.4618 0.0039, 0.0006 -0.4624 0.0039, -0.0001 -0.4624 0.0039, -0.0011 -0.4605 0.0039, -0.001 -0.4602 0.0039, 0.0126 -0.4476 0.0039, 0.0119 -0.4476 0.0039, 0.0113 -0.4479 0.0039, 0.0653 -0.6237 0.0039, 0.0607 -0.615 0.0039, 0.0699 -0.6195 0.0039, 0.064 -0.6126 0.0039, 0.0745 -0.613 0.0039, 0.0674 -0.6085 0.0039, 0.0789 -0.6015 0.0039, 0.0706 -0.6024 0.0039, 0.0731 -0.5939 0.0039, 0.083 -0.5698 0.0039, 0.0764 -0.5554 0.0039, 0.0843 -0.5305 0.0039, 0.0818 -0.4996 0.0039
            ]
        }
        coordIndex [
            0,1,2,-1,2,1,3,-1,4,5,6,-1,7,8,9,-1,10,11,12,-1,4,6,13,-1,8,14,15,-1,15,14,16,-1,15,16,17,-1,5,2,6,-1,6,2,3,-1,6,3,18,-1,18,3,9,-1,18,9,19,-1,19,9,8,-1,19,8,20,-1,20,8,15,-1,21,22,23,-1,23,22,24,-1,24,22,25,-1,24,25,26,-1,11,27,12,-1,12,27,28,-1,12,28,29,-1,29,28,30,-1,29,30,6,-1,6,30,31,-1,6,31,32,-1,23,33,21,-1,21,33,34,-1,21,34,9,-1,9,34,35,-1,9,35,7,-1,36,37,38,-1,26,25,39,-1,39,25,40,-1,39,40,41,-1,12,42,43,-1,44,45,16,-1,16,45,46,-1,16,46,17,-1,44,47,45,-1,45,47,48,-1,45,48,49,-1,0,2,50,-1,50,2,51,-1,50,51,52,-1,52,51,53,-1,52,53,54,-1,54,53,55,-1,54,55,56,-1,56,55,57,-1,56,57,58,-1,58,57,59,-1,58,59,60,-1,60,59,61,-1,60,61,62,-1,62,61,63,-1,62,63,64,-1,42,12,65,-1,65,12,66,-1,65,66,38,-1,38,66,67,-1,38,67,36,-1,43,68,12,-1,12,68,69,-1,12,69,10,-1,70,13,71,-1,71,13,6,-1,71,6,72,-1,72,6,32,-1,41,40,73,-1,73,40,74,-1,73,74,75,-1,75,74,76,-1,75,76,77,-1,77,76,78,-1,77,78,79,-1,78,80,79,-1,79,80,81,-1,79,81,82,-1,82,81,83,-1,82,83,84,-1,84,83,64,-1,84,64,85,-1,85,64,63,-1,
        ]
    }
}
Shape{
    appearance Appearance {
        material  Material 	{
            diffuseColor 0.10980392156862745 0.10980392156862745 0.10980392156862745
            specularColor 0.00784313725490196 0.00784313725490196 0.00784313725490196
            ambientIntensity 0.1569
            transparency 0.0
            shininess 0.5
        }
    }
    geometry IndexedFaceSet {
        ccw TRUE
        solid FALSE
        coord DEF co Coordinate {
            point [
                0.0392 -0.4643 0.0039, 0.0392 -0.4643 0.0, 0.0268 -0.4629 0.0039, 0.0268 -0.4629 0.0
            ]
        }
        coordIndex [
            0,1,2,-1,2,1,3,-1,
        ]
    }
}
Shape{
    appearance Appearance {
        material  Material 	{
            diffuseColor 0.792156862745098 0.8196078431372549 0.9333333333333333
            specularColor 0.396078431372549 0.4117647058823529 0.4666666666666667
            ambientIntensity 0.8244
            transparency 0.0
            shininess 0.5
        }
    }
    geometry IndexedFaceSet {
        ccw TRUE
        solid FALSE
        coord DEF co Coordinate {
            point [
                0.0392 -0.4643 0.0, 0.0392 -0.4643 0.0039, 0.048 -0.4654 0.0039, 0.048 -0.4654 0.0, 0.0543 -0.467 0.0039, 0.0543 -0.467 0.0, 0.0589 -0.4691 0.0039, 0.0589 -0.4691 0.0, 0.0623 -0.4718 0.0039, 0.0623 -0.4718 0.0, 0.0656 -0.476 0.0039, 0.0656 -0.476 0.0, 0.0712 -0.4886 0.0039, 0.0712 -0.4886 0.0, 0.0757 -0.5137 0.0039, 0.0757 -0.5137 0.0, 0.0764 -0.5554 0.0039, 0.0764 -0.5554 0.0, 0.0731 -0.5939 0.0039, 0.0731 -0.5939 0.0, 0.0706 -0.6024 0.0039, 0.0706 -0.6024 0.0, 0.0674 -0.6085 0.0039, 0.0674 -0.6085 0.0, 0.064 -0.6126 0.0039, 0.064 -0.6126 0.0, 0.0607 -0.615 0.0039, 0.0607 -0.615 0.0, 0.0552 -0.6172 0.0039, 0.0552 -0.6172 0.0, 0.0478 -0.6186 0.0039, 0.0478 -0.6186 0.0, 0.0354 -0.6177 0.0039, 0.0354 -0.6177 0.0, 0.0234 -0.6149 0.0039, 0.0234 -0.6149 0.0, 0.018 -0.6126 0.0039, 0.018 -0.6126 0.0, 0.018 -0.4629 0.0039, 0.018 -0.4629 0.0, 0.0224 -0.4627 0.0039, 0.0224 -0.4627 0.0, 0.0268 -0.4629 0.0039, 0.0268 -0.4629 0.0, -0.0599 -0.552 0.0039, -0.0599 -0.552 0.0, -0.0837 -0.5489 0.0039, -0.0837 -0.5489 0.0, -0.0501 -0.554 0.0039, -0.0501 -0.554 0.0, -0.0438 -0.5563 0.0039, -0.0438 -0.5563 0.0, -0.041 -0.558 0.0039, -0.041 -0.558 0.0, -0.0384 -0.5594 0.0039, -0.0384 -0.5594 0.0, -0.0302 -0.5512 0.0039, -0.0302 -0.5512 0.0, -0.0296 -0.5504 0.0039, -0.0296 -0.5504 0.0, -0.0292 -0.5498 0.0039, -0.0292 -0.5498 0.0, -0.029 -0.5492 0.0039, -0.029 -0.5492 0.0, -0.0289 -0.5487 0.0039, -0.0289 -0.5487 0.0, -0.0289 -0.5483 0.0039, -0.0289 -0.5483 0.0, -0.0291 -0.5478 0.0039, -0.0291 -0.5478 0.0, -0.0295 -0.5473 0.0039, -0.0295 -0.5473 0.0, -0.0299 -0.5469 0.0039, -0.0299 -0.5469 0.0, -0.0304 -0.5466 0.0039, -0.0304 -0.5466 0.0, -0.0309 -0.5464 0.0039, -0.0309 -0.5464 0.0, -0.0316 -0.5464 0.0039, -0.0316 -0.5464 0.0, -0.0837 -0.539 0.0039, -0.0837 -0.539 0.0, -0.0837 -0.4623 0.0039, -0.0837 -0.4623 0.0, -0.0415 -0.4682 0.0039, -0.0415 -0.4682 0.0, -0.0374 -0.4693 0.0039, -0.0374 -0.4693 0.0, -0.0336 -0.4711 0.0039, -0.0336 -0.4711 0.0, -0.0311 -0.4725 0.0039, -0.0311 -0.4725 0.0, -0.0231 -0.4637 0.0039, -0.0231 -0.4637 0.0, -0.0223 -0.4625 0.0039, -0.0223 -0.4625 0.0, -0.022 -0.4619 0.0039, -0.022 -0.4619 0.0, -0.0219 -0.4614 0.0039, -0.0219 -0.4614 0.0, -0.022 -0.461 0.0039, -0.022 -0.461 0.0, -0.0221 -0.4605 0.0039, -0.0221 -0.4605 0.0, -0.0224 -0.46 0.0039, -0.0224 -0.46 0.0, -0.0226 -0.4597 0.0039, -0.0226 -0.4597 0.0, -0.0228 -0.4595 0.0039, -0.0228 -0.4595 0.0, -0.0231 -0.4594 0.0039, -0.0231 -0.4594 0.0, -0.0231 -0.4594 0.0039, -0.0231 -0.4594 0.0, -0.0239 -0.4592 0.0039, -0.0239 -0.4592 0.0, -0.0248 -0.4592 0.0039, -0.0248 -0.4592 0.0, -0.029 -0.4589 0.0039, -0.029 -0.4589 0.0, -0.0505 -0.4563 0.0039, -0.0505 -0.4563 0.0, -0.0718 -0.453 0.0039, -0.0718 -0.453 0.0, -0.0848 -0.4507 0.0039, -0.0848 -0.4507 0.0, -0.088 -0.4495 0.0039, -0.088 -0.4495 0.0, -0.09 -0.4491 0.0039, -0.09 -0.4491 0.0, -0.0914 -0.449 0.0039, -0.0914 -0.449 0.0, -0.0922 -0.4491 0.0039, -0.0922 -0.4491 0.0, -0.0928 -0.4494 0.0039, -0.0928 -0.4494 0.0, -0.0935 -0.45 0.0039, -0.0935 -0.45 0.0, -0.0941 -0.4507 0.0039, -0.0941 -0.4507 0.0, -0.0944 -0.4513 0.0039, -0.0944 -0.4513 0.0, -0.0946 -0.4524 0.0039, -0.0946 -0.4524 0.0, -0.0946 -0.4541 0.0039, -0.0946 -0.4541 0.0, -0.0945 -0.4546 0.0039, -0.0945 -0.4546 0.0, -0.0927 -0.4618 0.0039, -0.0927 -0.4618 0.0, -0.0919 -0.4691 0.0039, -0.0919 -0.4691 0.0, -0.0919 -0.4745 0.0039, -0.0919 -0.4745 0.0, -0.0918 -0.478 0.0039, -0.0918 -0.478 0.0, -0.0916 -0.4816 0.0039, -0.0916 -0.4816 0.0, -0.0919 -0.6112 0.0039, -0.0919 -0.6112 0.0, -0.0951 -0.615 0.0039, -0.0951 -0.615 0.0, -0.097 -0.6173 0.0039, -0.097 -0.6173 0.0, -0.0982 -0.619 0.0039, -0.0982 -0.619 0.0, -0.0986 -0.62 0.0039, -0.0986 -0.62 0.0, -0.0989 -0.6213 0.0039, -0.0989 -0.6213 0.0, -0.0989 -0.6222 0.0039, -0.0989 -0.6222 0.0, -0.0989 -0.6228 0.0039, -0.0989 -0.6228 0.0, -0.0989 -0.6231 0.0039, -0.0989 -0.6231 0.0, -0.0988 -0.6233 0.0039, -0.0988 -0.6233 0.0, -0.0987 -0.6234 0.0039, -0.0987 -0.6234 0.0, -0.0986 -0.6235 0.0039, -0.0986 -0.6235 0.0, -0.0984 -0.6236 0.0039, -0.0984 -0.6236 0.0, -0.098 -0.6237 0.0039, -0.098 -0.6237 0.0, -0.0972 -0.6238 0.0039, -0.0972 -0.6238 0.0, -0.0965 -0.6237 0.0039, -0.0965 -0.6237 0.0, -0.0911 -0.6228 0.0039, -0.0911 -0.6228 0.0, -0.0863 -0.6222 0.0039, -0.0863 -0.6222 0.0, -0.0814 -0.6223 0.0039, -0.0814 -0.6223 0.0, -0.0806 -0.6223 0.0039, -0.0806 -0.6223 0.0, -0.0751 -0.6224 0.0039, -0.0751 -0.6224 0.0, -0.0696 -0.6231 0.0039, -0.0696 -0.6231 0.0, -0.0585 -0.6251 0.0039, -0.0585 -0.6251 0.0, -0.0487 -0.6271 0.0039, -0.0487 -0.6271 0.0, -0.041 -0.6299 0.0039, -0.041 -0.6299 0.0, -0.0395 -0.6308 0.0039, -0.0395 -0.6308 0.0, -0.037 -0.6324 0.0039, -0.037 -0.6324 0.0, -0.0288 -0.624 0.0039, -0.0288 -0.624 0.0, -0.0282 -0.623 0.0039, -0.0282 -0.623 0.0, -0.0279 -0.6224 0.0039, -0.0279 -0.6224 0.0, -0.0277 -0.6218 0.0039, -0.0277 -0.6218 0.0, -0.0277 -0.6214 0.0039, -0.0277 -0.6214 0.0, -0.0277 -0.621 0.0039, -0.0277 -0.621 0.0, -0.0278 -0.6207 0.0039, -0.0278 -0.6207 0.0, -0.0281 -0.6203 0.0039, -0.0281 -0.6203 0.0, -0.0285 -0.6199 0.0039, -0.0285 -0.6199 0.0, -0.029 -0.6196 0.0039, -0.029 -0.6196 0.0, -0.0295 -0.6195 0.0039, -0.0295 -0.6195 0.0, -0.0302 -0.6194 0.0039, -0.0302 -0.6194 0.0, -0.0347 -0.6189 0.0039, -0.0347 -0.6189 0.0, -0.0414 -0.618 0.0039, -0.0414 -0.618 0.0, -0.048 -0.6172 0.0039, -0.048 -0.6172 0.0, -0.0837 -0.6112 0.0039, -0.0837 -0.6112 0.0, -0.1268 -0.6282 0.0039, -0.1268 -0.6282 0.0, -0.1311 -0.6282 0.0039, -0.1311 -0.6282 0.0, -0.1268 -0.5526 0.0039, -0.1268 -0.5526 0.0, -0.1322 -0.5526 0.0039, -0.1322 -0.5526 0.0, -0.1346 -0.5925 0.0039, -0.1346 -0.5925 0.0, -0.1381 -0.6053 0.0039, -0.1381 -0.6053 0.0, -0.1416 -0.6123 0.0039, -0.1416 -0.6123 0.0, -0.1451 -0.6164 0.0039, -0.1451 -0.6164 0.0, -0.1488 -0.6193 0.0039, -0.1488 -0.6193 0.0, -0.1528 -0.6211 0.0039, -0.1528 -0.6211 0.0, -0.1571 -0.622 0.0039, -0.1571 -0.622 0.0, -0.163 -0.6216 0.0039, -0.163 -0.6216 0.0, -0.1681 -0.6199 0.0039, -0.1681 -0.6199 0.0, -0.1729 -0.617 0.0039, -0.1729 -0.617 0.0, -0.1774 -0.6125 0.0039, -0.1774 -0.6125 0.0, -0.1823 -0.6048 0.0039, -0.1823 -0.6048 0.0, -0.1889 -0.5858 0.0039, -0.1889 -0.5858 0.0, -0.1915 -0.571 0.0039, -0.1915 -0.571 0.0, -0.1925 -0.526 0.0039, -0.1925 -0.526 0.0, -0.1855 -0.4855 0.0039, -0.1855 -0.4855 0.0, -0.1812 -0.474 0.0039, -0.1812 -0.474 0.0, -0.1748 -0.4649 0.0039, -0.1748 -0.4649 0.0, -0.1707 -0.4611 0.0039, -0.1707 -0.4611 0.0, -0.1671 -0.459 0.0039, -0.1671 -0.459 0.0, -0.1633 -0.4579 0.0039, -0.1633 -0.4579 0.0, -0.1594 -0.4575 0.0039, -0.1594 -0.4575 0.0, -0.153 -0.458 0.0039, -0.153 -0.458 0.0, -0.1468 -0.4603 0.0039, -0.1468 -0.4603 0.0, -0.1417 -0.4639 0.0039, -0.1417 -0.4639 0.0, -0.1375 -0.4687 0.0039, -0.1375 -0.4687 0.0, -0.1338 -0.476 0.0039, -0.1338 -0.476 0.0, -0.1298 -0.4947 0.0039, -0.1298 -0.4947 0.0, -0.1285 -0.5031 0.0039, -0.1285 -0.5031 0.0, -0.1271 -0.5181 0.0039, -0.1271 -0.5181 0.0, -0.1226 -0.5178 0.0039, -0.1226 -0.5178 0.0, -0.1245 -0.4862 0.0039, -0.1245 -0.4862 0.0, -0.1276 -0.4722 0.0039, -0.1276 -0.4722 0.0, -0.1325 -0.462 0.0039, -0.1325 -0.462 0.0, -0.1365 -0.4568 0.0039, -0.1365 -0.4568 0.0, -0.1421 -0.4523 0.0039, -0.1421 -0.4523 0.0, -0.149 -0.4492 0.0039, -0.149 -0.4492 0.0, -0.1554 -0.4481 0.0039, -0.1554 -0.4481 0.0, -0.1627 -0.4484 0.0039, -0.1627 -0.4484 0.0, -0.1702 -0.4507 0.0039, -0.1702 -0.4507 0.0, -0.1767 -0.4545 0.0039, -0.1767 -0.4545 0.0, -0.1814 -0.4594 0.0039, -0.1814 -0.4594 0.0, -0.1879 -0.4699 0.0039, -0.1879 -0.4699 0.0, -0.1958 -0.4936 0.0039, -0.1958 -0.4936 0.0, -0.1989 -0.5128 0.0039, -0.1989 -0.5128 0.0, -0.2004 -0.5555 0.0039, -0.2004 -0.5555 0.0, -0.199 -0.5699 0.0039, -0.199 -0.5699 0.0, -0.1922 -0.6006 0.0039, -0.1922 -0.6006 0.0, -0.1862 -0.6141 0.0039, -0.1862 -0.6141 0.0, -0.1804 -0.6216 0.0039, -0.1804 -0.6216 0.0, -0.1716 -0.6284 0.0039, -0.1716 -0.6284 0.0, -0.1674 -0.6304 0.0039, -0.1674 -0.6304 0.0, -0.1634 -0.6313 0.0039, -0.1634 -0.6313 0.0, -0.1594 -0.6313 0.0039, -0.1594 -0.6313 0.0, -0.151 -0.6292 0.0039, -0.151 -0.6292 0.0, -0.1445 -0.6255 0.0039, -0.1445 -0.6255 0.0, -0.1389 -0.6204 0.0039, -0.1389 -0.6204 0.0, -0.1356 -0.616 0.0039, -0.1356 -0.616 0.0, -0.1331 -0.6115 0.0039, -0.1331 -0.6115 0.0, -0.2712 -0.6231 0.0039, -0.2712 -0.6231 0.0, -0.2837 -0.6387 0.0039, -0.2837 -0.6387 0.0, -0.2741 -0.6169 0.0039, -0.2741 -0.6169 0.0, -0.2754 -0.6089 0.0039, -0.2754 -0.6089 0.0, -0.2754 -0.6053 0.0039, -0.2754 -0.6053 0.0, -0.2754 -0.4609 0.0039, -0.2754 -0.4609 0.0, -0.2536 -0.4627 0.0039, -0.2536 -0.4627 0.0, -0.2432 -0.4643 0.0039, -0.2432 -0.4643 0.0, -0.2398 -0.4651 0.0039, -0.2398 -0.4651 0.0, -0.2377 -0.4661 0.0039, -0.2377 -0.4661 0.0, -0.2351 -0.4683 0.0039, -0.2351 -0.4683 0.0, -0.2342 -0.469 0.0039, -0.2342 -0.469 0.0, -0.2333 -0.4694 0.0039, -0.2333 -0.4694 0.0, -0.2267 -0.4635 0.0039, -0.2267 -0.4635 0.0, -0.2235 -0.4607 0.0039, -0.2235 -0.4607 0.0, -0.2225 -0.4595 0.0039, -0.2225 -0.4595 0.0, -0.222 -0.4587 0.0039, -0.222 -0.4587 0.0, -0.2218 -0.4577 0.0039, -0.2218 -0.4577 0.0, -0.2217 -0.4567 0.0039, -0.2217 -0.4567 0.0, -0.222 -0.456 0.0039, -0.222 -0.456 0.0, -0.2222 -0.4558 0.0039, -0.2222 -0.4558 0.0, -0.2226 -0.4555 0.0039, -0.2226 -0.4555 0.0, -0.2233 -0.4552 0.0039, -0.2233 -0.4552 0.0, -0.2243 -0.4551 0.0039, -0.2243 -0.4551 0.0, -0.2293 -0.455 0.0039, -0.2293 -0.455 0.0, -0.2365 -0.454 0.0039, -0.2365 -0.454 0.0, -0.2551 -0.452 0.0039, -0.2551 -0.452 0.0, -0.2613 -0.4515 0.0039, -0.2613 -0.4515 0.0, -0.2732 -0.4504 0.0039, -0.2732 -0.4504 0.0, -0.2797 -0.4499 0.0039, -0.2797 -0.4499 0.0, -0.2812 -0.4494 0.0039, -0.2812 -0.4494 0.0, -0.282 -0.4494 0.0039, -0.282 -0.4494 0.0, -0.2825 -0.4494 0.0039, -0.2825 -0.4494 0.0, -0.2829 -0.4496 0.0039, -0.2829 -0.4496 0.0, -0.2833 -0.4499 0.0039, -0.2833 -0.4499 0.0, -0.2836 -0.4503 0.0039, -0.2836 -0.4503 0.0, -0.2841 -0.4511 0.0039, -0.2841 -0.4511 0.0, -0.2843 -0.4518 0.0039, -0.2843 -0.4518 0.0, -0.2843 -0.4534 0.0039, -0.2843 -0.4534 0.0, -0.2835 -0.4603 0.0039, -0.2835 -0.4603 0.0, -0.2834 -0.462 0.0039, -0.2834 -0.462 0.0, -0.2828 -0.4787 0.0039, -0.2828 -0.4787 0.0, -0.2828 -0.6061 0.0039, -0.2828 -0.6061 0.0, -0.283 -0.62 0.0039, -0.283 -0.62 0.0, -0.2851 -0.6336 0.0039, -0.2851 -0.6336 0.0, -0.2856 -0.6364 0.0039, -0.2856 -0.6364 0.0
            ]
        }
        coordIndex [
            0,1,2,-1,0,2,3,-1,3,2,4,-1,3,4,5,-1,5,4,6,-1,5,6,7,-1,7,6,8,-1,7,8,9,-1,9,8,10,-1,9,10,11,-1,11,10,12,-1,11,12,13,-1,13,12,14,-1,13,14,15,-1,15,14,16,-1,15,16,17,-1,17,16,18,-1,17,18,19,-1,19,18,20,-1,19,20,21,-1,21,20,22,-1,21,22,23,-1,23,22,24,-1,23,24,25,-1,25,24,26,-1,25,26,27,-1,27,26,28,-1,27,28,29,-1,29,28,30,-1,29,30,31,-1,31,30,32,-1,31,32,33,-1,33,32,34,-1,33,34,35,-1,36,37,34,-1,34,37,35,-1,38,39,36,-1,36,39,37,-1,39,38,40,-1,39,40,41,-1,41,40,42,-1,41,42,43,-1,44,45,46,-1,46,45,47,-1,45,44,48,-1,45,48,49,-1,49,48,50,-1,49,50,51,-1,51,50,52,-1,51,52,53,-1,54,55,52,-1,52,55,53,-1,56,57,54,-1,54,57,55,-1,57,56,58,-1,57,58,59,-1,59,58,60,-1,59,60,61,-1,61,60,62,-1,61,62,63,-1,63,62,64,-1,63,64,65,-1,65,64,66,-1,65,66,67,-1,67,66,68,-1,67,68,69,-1,69,68,70,-1,69,70,71,-1,71,70,72,-1,71,72,73,-1,73,72,74,-1,73,74,75,-1,75,74,76,-1,75,76,77,-1,77,76,78,-1,77,78,79,-1,80,81,78,-1,78,81,79,-1,82,83,80,-1,80,83,81,-1,84,85,82,-1,82,85,83,-1,85,84,86,-1,85,86,87,-1,87,86,88,-1,87,88,89,-1,90,91,88,-1,88,91,89,-1,92,93,90,-1,90,93,91,-1,93,92,94,-1,93,94,95,-1,95,94,96,-1,95,96,97,-1,97,96,98,-1,97,98,99,-1,99,98,100,-1,99,100,101,-1,101,100,102,-1,101,102,103,-1,103,102,104,-1,103,104,105,-1,105,104,106,-1,105,106,107,-1,107,106,108,-1,107,108,109,-1,109,108,110,-1,109,110,111,-1,111,110,112,-1,111,112,113,-1,113,112,114,-1,113,114,115,-1,115,114,116,-1,115,116,117,-1,118,119,116,-1,116,119,117,-1,119,118,120,-1,119,120,121,-1,121,120,122,-1,121,122,123,-1,124,125,122,-1,122,125,123,-1,125,124,126,-1,125,126,127,-1,127,126,128,-1,127,128,129,-1,129,128,130,-1,129,130,131,-1,131,130,132,-1,131,132,133,-1,133,132,134,-1,133,134,135,-1,135,134,136,-1,135,136,137,-1,137,136,138,-1,137,138,139,-1,139,138,140,-1,139,140,141,-1,141,140,142,-1,141,142,143,-1,143,142,144,-1,143,144,145,-1,145,144,146,-1,145,146,147,-1,147,146,148,-1,147,148,149,-1,149,148,150,-1,149,150,151,-1,152,153,150,-1,150,153,151,-1,153,152,154,-1,153,154,155,-1,155,154,156,-1,155,156,157,-1,158,159,156,-1,156,159,157,-1,159,158,160,-1,159,160,161,-1,161,160,162,-1,161,162,163,-1,163,162,164,-1,163,164,165,-1,165,164,166,-1,165,166,167,-1,167,166,168,-1,167,168,169,-1,169,168,170,-1,169,170,171,-1,171,170,172,-1,171,172,173,-1,173,172,174,-1,173,174,175,-1,175,174,176,-1,175,176,177,-1,177,176,178,-1,177,178,179,-1,179,178,180,-1,179,180,181,-1,181,180,182,-1,181,182,183,-1,183,182,184,-1,183,184,185,-1,185,184,186,-1,185,186,187,-1,187,186,188,-1,187,188,189,-1,190,191,188,-1,188,191,189,-1,191,190,192,-1,191,192,193,-1,193,192,194,-1,193,194,195,-1,196,197,194,-1,194,197,195,-1,197,196,198,-1,197,198,199,-1,199,198,200,-1,199,200,201,-1,202,203,200,-1,200,203,201,-1,203,202,204,-1,203,204,205,-1,205,204,206,-1,205,206,207,-1,207,206,208,-1,207,208,209,-1,210,211,208,-1,208,211,209,-1,212,213,210,-1,210,213,211,-1,213,212,214,-1,213,214,215,-1,215,214,216,-1,215,216,217,-1,217,216,218,-1,217,218,219,-1,219,218,220,-1,219,220,221,-1,221,220,222,-1,221,222,223,-1,223,222,224,-1,223,224,225,-1,225,224,226,-1,225,226,227,-1,227,226,228,-1,227,228,229,-1,229,228,230,-1,229,230,231,-1,231,230,232,-1,231,232,233,-1,233,232,234,-1,233,234,235,-1,236,237,234,-1,234,237,235,-1,237,236,238,-1,237,238,239,-1,239,238,240,-1,239,240,241,-1,242,243,240,-1,240,243,241,-1,242,46,243,-1,243,46,47,-1,128,126,82,-1,88,86,118,-1,118,86,84,-1,52,50,78,-1,126,124,82,-1,82,124,122,-1,82,122,84,-1,84,122,120,-1,84,120,118,-1,156,154,82,-1,154,152,82,-1,82,152,150,-1,82,150,148,-1,148,146,82,-1,82,146,144,-1,82,144,142,-1,46,80,44,-1,44,80,78,-1,44,78,48,-1,48,78,50,-1,88,118,90,-1,90,118,116,-1,90,116,92,-1,92,116,114,-1,92,114,112,-1,82,136,134,-1,162,160,242,-1,242,160,158,-1,242,158,46,-1,46,158,156,-1,46,156,80,-1,80,156,82,-1,142,140,82,-1,82,140,138,-1,82,138,136,-1,62,60,76,-1,76,60,78,-1,54,52,56,-1,56,52,78,-1,56,78,58,-1,58,78,60,-1,174,172,242,-1,242,172,170,-1,242,170,168,-1,112,110,92,-1,92,110,108,-1,92,108,106,-1,134,132,82,-1,82,132,130,-1,82,130,128,-1,220,218,232,-1,232,218,216,-1,232,216,234,-1,234,216,214,-1,234,214,212,-1,198,196,242,-1,242,196,194,-1,242,194,192,-1,192,190,242,-1,242,190,188,-1,242,188,186,-1,96,102,98,-1,98,102,100,-1,106,104,92,-1,92,104,102,-1,92,102,94,-1,94,102,96,-1,180,178,242,-1,242,178,176,-1,242,176,174,-1,168,166,242,-1,242,166,164,-1,242,164,162,-1,212,210,234,-1,234,210,208,-1,234,208,236,-1,236,208,206,-1,236,206,238,-1,238,206,204,-1,238,204,240,-1,240,204,202,-1,240,202,242,-1,242,202,200,-1,242,200,198,-1,186,184,242,-1,242,184,182,-1,242,182,180,-1,68,66,76,-1,76,66,64,-1,76,64,62,-1,226,232,228,-1,228,232,230,-1,226,224,232,-1,232,224,222,-1,232,222,220,-1,74,72,76,-1,76,72,70,-1,76,70,68,-1,244,245,246,-1,246,245,247,-1,248,249,244,-1,244,249,245,-1,250,251,248,-1,248,251,249,-1,251,250,252,-1,251,252,253,-1,253,252,254,-1,253,254,255,-1,255,254,256,-1,255,256,257,-1,257,256,258,-1,257,258,259,-1,259,258,260,-1,259,260,261,-1,261,260,262,-1,261,262,263,-1,263,262,264,-1,263,264,265,-1,265,264,266,-1,265,266,267,-1,267,266,268,-1,267,268,269,-1,269,268,270,-1,269,270,271,-1,271,270,272,-1,271,272,273,-1,273,272,274,-1,273,274,275,-1,275,274,276,-1,275,276,277,-1,277,276,278,-1,277,278,279,-1,279,278,280,-1,279,280,281,-1,281,280,282,-1,281,282,283,-1,283,282,284,-1,283,284,285,-1,285,284,286,-1,285,286,287,-1,287,286,288,-1,287,288,289,-1,289,288,290,-1,289,290,291,-1,291,290,292,-1,291,292,293,-1,293,292,294,-1,293,294,295,-1,295,294,296,-1,295,296,297,-1,297,296,298,-1,297,298,299,-1,299,298,300,-1,299,300,301,-1,301,300,302,-1,301,302,303,-1,303,302,304,-1,303,304,305,-1,305,304,306,-1,305,306,307,-1,307,306,308,-1,307,308,309,-1,310,311,308,-1,308,311,309,-1,312,313,310,-1,310,313,311,-1,313,312,314,-1,313,314,315,-1,315,314,316,-1,315,316,317,-1,317,316,318,-1,317,318,319,-1,319,318,320,-1,319,320,321,-1,321,320,322,-1,321,322,323,-1,323,322,324,-1,323,324,325,-1,325,324,326,-1,325,326,327,-1,327,326,328,-1,327,328,329,-1,329,328,330,-1,329,330,331,-1,331,330,332,-1,331,332,333,-1,333,332,334,-1,333,334,335,-1,335,334,336,-1,335,336,337,-1,337,336,338,-1,337,338,339,-1,339,338,340,-1,339,340,341,-1,341,340,342,-1,341,342,343,-1,343,342,344,-1,343,344,345,-1,345,344,346,-1,345,346,347,-1,347,346,348,-1,347,348,349,-1,349,348,350,-1,349,350,351,-1,351,350,352,-1,351,352,353,-1,353,352,354,-1,353,354,355,-1,355,354,356,-1,355,356,357,-1,357,356,358,-1,357,358,359,-1,359,358,360,-1,359,360,361,-1,361,360,362,-1,361,362,363,-1,363,362,364,-1,363,364,365,-1,365,364,366,-1,365,366,367,-1,368,369,366,-1,366,369,367,-1,368,246,369,-1,369,246,247,-1,248,244,368,-1,368,244,246,-1,314,312,310,-1,366,260,368,-1,368,260,258,-1,368,258,256,-1,250,248,252,-1,252,248,368,-1,252,368,254,-1,254,368,256,-1,366,364,260,-1,260,364,362,-1,260,362,262,-1,262,362,360,-1,262,360,264,-1,264,360,358,-1,264,358,266,-1,278,276,346,-1,346,276,348,-1,358,356,266,-1,266,356,354,-1,266,354,268,-1,268,354,352,-1,268,352,270,-1,270,352,350,-1,270,350,272,-1,272,350,348,-1,272,348,274,-1,274,348,276,-1,310,308,314,-1,314,308,306,-1,314,306,316,-1,316,306,304,-1,316,304,318,-1,318,304,302,-1,318,302,320,-1,320,302,300,-1,320,300,322,-1,322,300,298,-1,322,298,324,-1,324,298,296,-1,324,296,326,-1,326,296,294,-1,326,294,328,-1,328,294,292,-1,328,292,330,-1,330,292,290,-1,330,290,332,-1,332,290,288,-1,332,288,334,-1,334,288,286,-1,334,286,336,-1,336,286,284,-1,336,284,338,-1,338,284,282,-1,338,282,340,-1,340,282,280,-1,340,280,342,-1,342,280,278,-1,342,278,344,-1,344,278,346,-1,370,371,372,-1,372,371,373,-1,371,370,374,-1,371,374,375,-1,375,374,376,-1,375,376,377,-1,377,376,378,-1,377,378,379,-1,380,381,378,-1,378,381,379,-1,381,380,382,-1,381,382,383,-1,383,382,384,-1,383,384,385,-1,385,384,386,-1,385,386,387,-1,387,386,388,-1,387,388,389,-1,389,388,390,-1,389,390,391,-1,391,390,392,-1,391,392,393,-1,393,392,394,-1,393,394,395,-1,395,394,396,-1,395,396,397,-1,397,396,398,-1,397,398,399,-1,399,398,400,-1,399,400,401,-1,401,400,402,-1,401,402,403,-1,403,402,404,-1,403,404,405,-1,405,404,406,-1,405,406,407,-1,407,406,408,-1,407,408,409,-1,409,408,410,-1,409,410,411,-1,411,410,412,-1,411,412,413,-1,413,412,414,-1,413,414,415,-1,415,414,416,-1,415,416,417,-1,417,416,418,-1,417,418,419,-1,419,418,420,-1,419,420,421,-1,421,420,422,-1,421,422,423,-1,423,422,424,-1,423,424,425,-1,426,427,424,-1,424,427,425,-1,428,429,426,-1,426,429,427,-1,429,428,430,-1,429,430,431,-1,431,430,432,-1,431,432,433,-1,433,432,434,-1,433,434,435,-1,435,434,436,-1,435,436,437,-1,437,436,438,-1,437,438,439,-1,439,438,440,-1,439,440,441,-1,441,440,442,-1,441,442,443,-1,443,442,444,-1,443,444,445,-1,445,444,446,-1,445,446,447,-1,447,446,448,-1,447,448,449,-1,449,448,450,-1,449,450,451,-1,452,453,450,-1,450,453,451,-1,454,455,452,-1,452,455,453,-1,455,454,456,-1,455,456,457,-1,457,456,458,-1,457,458,459,-1,460,461,458,-1,458,461,459,-1,460,372,461,-1,461,372,373,-1,392,390,418,-1,418,390,388,-1,418,388,420,-1,394,392,396,-1,396,392,418,-1,396,418,398,-1,398,418,416,-1,398,416,400,-1,454,452,380,-1,380,452,450,-1,380,450,448,-1,388,386,420,-1,420,386,384,-1,420,384,422,-1,422,384,382,-1,372,460,370,-1,370,460,458,-1,370,458,374,-1,374,458,456,-1,374,456,376,-1,376,456,454,-1,376,454,378,-1,378,454,380,-1,448,446,380,-1,380,446,444,-1,380,444,442,-1,404,414,412,-1,414,404,416,-1,416,404,402,-1,416,402,400,-1,442,440,380,-1,380,440,438,-1,380,438,436,-1,436,434,380,-1,380,434,432,-1,380,432,430,-1,430,428,380,-1,380,428,426,-1,380,426,382,-1,382,426,424,-1,382,424,422,-1,412,410,404,-1,404,410,408,-1,404,408,406,-1,
        ]
    }
}
Shape{
    appearance Appearance {
        material  Material 	{
            diffuseColor 0.6784313725490196 0.6784313725490196 0.6784313725490196
            specularColor 0.047058823529411764 0.047058823529411764 0.047058823529411764
            ambientIntensity 0.9686
            transparency 0.0
            shininess 0.5
        }
    }
    geometry IndexedFaceSet {
        ccw TRUE
        solid FALSE
        coord DEF co Coordinate {
            point [
                0.1543 -0.5353 0.0, 0.1619 -0.528 0.0, 0.1438 -0.6075 0.0, 0.1254 -0.5243 0.0, 0.1365 -0.5266 0.0, 0.1448 -0.5292 0.0, 0.1472 -0.5305 0.0, 0.018 -0.6126 0.0, 0.018 -0.4629 0.0, 0.0234 -0.6149 0.0, 0.0224 -0.4627 0.0, 0.0268 -0.4629 0.0, 0.0392 -0.4643 0.0, 0.048 -0.4654 0.0, 0.0478 -0.6186 0.0, 0.0354 -0.6177 0.0, 0.0764 -0.5554 0.0, 0.0757 -0.5137 0.0, 0.0552 -0.6172 0.0, 0.0731 -0.5939 0.0, 0.0706 -0.6024 0.0, 0.0543 -0.467 0.0, 0.0589 -0.4691 0.0, 0.0623 -0.4718 0.0, 0.0674 -0.6085 0.0, 0.064 -0.6126 0.0, 0.0607 -0.615 0.0, 0.0656 -0.476 0.0, 0.0712 -0.4886 0.0
            ]
        }
        coordIndex [
            0,1,2,-1,2,3,4,-1,4,5,2,-1,2,5,6,-1,2,6,0,-1,7,8,9,-1,9,8,10,-1,10,11,9,-1,9,11,12,-1,9,12,13,-1,14,15,16,-1,16,15,9,-1,16,9,17,-1,14,16,18,-1,18,16,19,-1,18,19,20,-1,13,21,9,-1,9,21,22,-1,9,22,23,-1,20,24,18,-1,18,24,25,-1,18,25,26,-1,23,27,9,-1,9,27,28,-1,9,28,17,-1,
        ]
    }
}
Shape{
    appearance Appearance {
        material  Material 	{
            diffuseColor 0.6470588235294118 0.6196078431372549 0.5882352941176471
            specularColor 0.45098039215686275 0.43529411764705883 0.4117647058823529
            ambientIntensity 0.6242
            transparency 0.0
            shininess 0.5
        }
    }
    geometry IndexedFaceSet {
        ccw TRUE
        solid FALSE
        coord DEF co Coordinate {
            point [
                0.3543 0.2173 0.6614, 0.3543 0.2173 0.7874, 0.4331 0.2173 0.6614, 0.4331 0.2173 0.7874, 0.3543 0.1976 0.6614, 0.4331 0.1976 0.6614, 0.3543 0.1976 0.5906, 0.4331 0.1976 0.5906, 0.3543 0.2173 0.5906, 0.4331 0.2173 0.5906, 0.3543 0.2173 0.5315, 0.4331 0.2173 0.5315, 0.3543 0.1976 0.5315, 0.4331 0.1976 0.5315, 0.3543 0.1976 0.4134, 0.4331 0.1976 0.4134, 0.3543 0.2173 0.4134, 0.4331 0.2173 0.4134, 0.3543 0.2173 0.3543, 0.4331 0.2173 0.3543, 0.3543 0.1976 0.3543, 0.4331 0.1976 0.3543, 0.3543 0.1976 0.2108, 0.4331 0.1976 0.2108, 0.3543 0.2764 0.1181, 0.4331 0.2764 0.1181, 0.3543 0.5638 0.1181, 0.4331 0.5638 0.1181, 0.4331 0.5709 0.1172, 0.3543 0.5709 0.1172, 0.4331 0.5776 0.1144, 0.3543 0.5776 0.1144, 0.4331 0.5833 0.11, 0.3543 0.5833 0.11, 0.4331 0.5876 0.1043, 0.3543 0.5876 0.1043, 0.4331 0.5904 0.0977, 0.3543 0.5904 0.0977, 0.4331 0.5913 0.0906, 0.3543 0.5913 0.0906, 0.3543 0.5913 0.0276, 0.4331 0.5913 0.0276, 0.4331 0.5904 0.0204, 0.3543 0.5904 0.0204, 0.4331 0.5876 0.0138, 0.3543 0.5876 0.0138, 0.4331 0.5833 0.0081, 0.3543 0.5833 0.0081, 0.4331 0.5776 0.0037, 0.3543 0.5776 0.0037, 0.4331 0.5709 0.0009, 0.3543 0.5709 0.0009, 0.4331 0.5638 0.0, 0.3543 0.5638 0.0, 0.3543 0.3945 0.0, 0.4331 0.3945 0.0, 0.3543 0.3744 0.0236, 0.4331 0.3744 0.0236, 0.3543 0.2173 0.0236, 0.4331 0.2173 0.0236, 0.3543 0.2173 0.1181, 0.4331 0.2173 0.1181, 0.3543 -0.0976 0.1181, 0.4331 -0.0976 0.1181, 0.3543 -0.7938 0.2139, 0.4331 -0.7938 0.2139, 0.3543 -0.8489 0.2021, 0.4331 -0.8489 0.2021, 0.4331 -0.859 0.2012, 0.3543 -0.859 0.2012, 0.4331 -0.869 0.203, 0.3543 -0.869 0.203, 0.4331 -0.8781 0.2072, 0.3543 -0.8781 0.2072, 0.4331 -0.8859 0.2136, 0.3543 -0.8859 0.2136, 0.4331 -0.8918 0.2218, 0.3543 -0.8918 0.2218, 0.4331 -0.8955 0.2312, 0.3543 -0.8955 0.2312, 0.4331 -0.8966 0.2412, 0.3543 -0.8966 0.2412, 0.4331 -0.8951 0.2512, 0.3543 -0.8951 0.2512, 0.4331 -0.8911 0.2605, 0.3543 -0.8911 0.2605, 0.4331 -0.8849 0.2685, 0.3543 -0.8849 0.2685, 0.4331 -0.8769 0.2746, 0.3543 -0.8769 0.2746, 0.3543 -0.7866 0.3268, 0.4331 -0.7866 0.3268, 0.3543 -0.7866 0.2677, 0.4331 -0.7866 0.2677, 0.3543 -0.7859 0.2626, 0.4331 -0.7859 0.2626, 0.3543 -0.784 0.2579, 0.4331 -0.784 0.2579, 0.3543 -0.7808 0.2538, 0.4331 -0.7808 0.2538, 0.3543 -0.7768 0.2507, 0.4331 -0.7768 0.2507, 0.3543 -0.772 0.2487, 0.4331 -0.772 0.2487, 0.3543 -0.7669 0.248, 0.4331 -0.7669 0.248, 0.3543 -0.1567 0.248, 0.4331 -0.1567 0.248, 0.3543 -0.1216 0.252, 0.4331 -0.1216 0.252, 0.3543 -0.0884 0.2636, 0.4331 -0.0884 0.2636, 0.3543 -0.0585 0.2824, 0.4331 -0.0585 0.2824, 0.3543 -0.0336 0.3073, 0.4331 -0.0336 0.3073, 0.3543 -0.0148 0.3372, 0.4331 -0.0148 0.3372, 0.3543 -0.0032 0.3705, 0.4331 -0.0032 0.3705, 0.3543 0.0008 0.4055, 0.4331 0.0008 0.4055, 0.3543 0.0008 0.4843, 0.4331 0.0008 0.4843, 0.3543 -0.0019 0.5046, 0.4331 -0.0019 0.5046, 0.3543 -0.0098 0.5236, 0.4331 -0.0098 0.5236, 0.3543 -0.0223 0.5399, 0.4331 -0.0223 0.5399, 0.3543 -0.0386 0.5524, 0.4331 -0.0386 0.5524, 0.3543 -0.0576 0.5603, 0.4331 -0.0576 0.5603, 0.3543 -0.0779 0.563, 0.4331 -0.0779 0.563, 0.3543 -0.7276 0.563, 0.4331 -0.7276 0.563, 0.4331 -0.7403 0.5647, 0.3543 -0.7403 0.5647, 0.4331 -0.7522 0.5696, 0.3543 -0.7522 0.5696, 0.4331 -0.7624 0.5774, 0.3543 -0.7624 0.5774, 0.4331 -0.7702 0.5876, 0.3543 -0.7702 0.5876, 0.4331 -0.7751 0.5995, 0.3543 -0.7751 0.5995, 0.4331 -0.7768 0.6122, 0.3543 -0.7768 0.6122, 0.4331 -0.7751 0.6249, 0.3543 -0.7751 0.6249, 0.4331 -0.7702 0.6368, 0.3543 -0.7702 0.6368, 0.4331 -0.7624 0.647, 0.3543 -0.7624 0.647, 0.4331 -0.7522 0.6548, 0.3543 -0.7522 0.6548, 0.4331 -0.7403 0.6597, 0.3543 -0.7403 0.6597, 0.4331 -0.7276 0.6614, 0.3543 -0.7276 0.6614, 0.3543 0.1189 0.6614, 0.4331 0.1189 0.6614, 0.3543 0.1189 0.7874, 0.4331 0.1189 0.7874, -1.2195 0.2726 0.5906, -1.2205 0.2724 0.5906, -1.2205 0.1976 0.5906, -1.2117 0.1936 0.5906, -1.1811 0.1976 0.5906, -1.1811 0.2764 0.5906, -1.2402 0.1818 0.5906, -1.2992 0.1976 0.5906, -1.2646 0.163 0.5906, -1.2992 0.0795 0.5906, -1.2952 0.1101 0.5906, -1.2834 0.1386 0.5906, -1.3386 0.1976 0.315, -1.3386 0.1976 0.1969, -1.3448 0.1889 0.1969, -1.2387 0.2678 0.5723, -1.3448 0.1889 0.5906, -1.3386 0.1976 0.5906, -1.3386 0.1976 0.4724, -1.2195 0.2726 0.1969, -1.2205 0.2724 0.1969, -1.2387 0.2678 0.2151, -1.2564 0.2614 0.5546, -1.2564 0.2614 0.2328, -1.2739 0.2531 0.5371, -1.2739 0.2531 0.2503, -1.2905 0.2432 0.5206, -1.2905 0.2432 0.2668, -1.306 0.2317 0.505, -1.306 0.2317 0.2824, -1.3203 0.2187 0.4907, -1.3203 0.2187 0.2967, -1.363 0.1549 0.1969, -1.363 0.1549 0.5906, -1.3742 0.1179 0.1969, -1.3742 0.1179 0.5906, -1.378 0.0795 0.1969, -1.378 0.0795 0.5906, -1.1811 0.2764 0.1969, -0.8268 0.1976 0.1969, -1.1811 0.1976 0.1969, -0.8268 0.2764 0.1969, -0.7087 0.2764 0.4724, -0.6693 0.2764 0.4724, -0.6693 0.2764 0.315, -0.7087 0.2764 0.315, -0.8268 0.2764 0.5906, -0.6693 0.1976 0.315, -0.6693 0.1976 0.4724, -0.7087 0.1976 0.315, -0.7087 0.1976 0.4724, -0.8268 0.1976 0.5906, -1.378 0.1976 0.5906, -1.378 0.1976 0.1969, -1.2992 -1.0228 0.5906, -1.2992 0.0795 0.1969, -1.2992 -1.0228 0.1969, -1.378 -1.0228 0.1969, -1.378 -1.0228 0.5906, -1.2952 -1.0228 0.1663, -1.1811 -1.0228 0.0, -1.1811 -1.0228 0.0787, -1.2195 -1.0228 0.0038, -1.2117 -1.0228 0.0828, -1.2564 -1.0228 0.015, -1.2402 -1.0228 0.0946, -1.3742 -1.0228 0.1584, -1.363 -1.0228 0.1215, -1.2834 -1.0228 0.1378, -1.3448 -1.0228 0.0875, -1.2646 -1.0228 0.1133, -1.3203 -1.0228 0.0577, -1.2905 -1.0228 0.0332, -1.2117 -1.0228 0.7046, -1.1811 -1.0228 0.7087, -1.1811 -1.0228 0.7874, -1.3742 -1.0228 0.629, -1.2952 -1.0228 0.6211, -1.363 -1.0228 0.6659, -1.2834 -1.0228 0.6496, -1.2195 -1.0228 0.7836, -1.2564 -1.0228 0.7724, -1.2402 -1.0228 0.6928, -1.2905 -1.0228 0.7542, -1.2646 -1.0228 0.6741, -1.3203 -1.0228 0.7297, -1.3448 -1.0228 0.6999, -0.6693 -1.0228 0.7087, -0.6693 -1.0228 0.7874, -0.6693 0.1976 0.7087, -1.1811 0.1976 0.7087, -1.2952 0.1976 0.6211, -1.2117 0.1976 0.7046, -1.2402 0.1976 0.6928, -1.2646 0.1976 0.6741, -1.2834 0.1976 0.6496, -1.2992 0.1976 0.1969, -1.2952 0.1976 0.1663, -1.2834 0.1976 0.1378, -1.2646 0.1976 0.1133, -1.2402 0.1976 0.0946, -1.2117 0.1976 0.0828, -1.1811 0.1976 0.0787, -0.6693 0.1976 0.0787, -0.6693 -1.0228 0.0787, -0.6693 -1.0228 0.0, -0.6693 0.1976 0.0, -1.1811 0.1976 0.0, -1.3742 0.1976 0.1584, -1.2195 0.1976 0.0038, -1.2564 0.1976 0.015, -1.2905 0.1976 0.0332, -1.3203 0.1976 0.0577, -1.3448 0.1976 0.0875, -1.363 0.1976 0.1215, -1.3742 0.1976 0.629, -1.363 0.1976 0.6659, -1.3448 0.1976 0.6999, -1.3203 0.1976 0.7297, -1.2905 0.1976 0.7542, -1.2564 0.1976 0.7724, -1.2195 0.1976 0.7836, -1.1811 0.1976 0.7874, -0.6693 0.1976 0.7874, -1.2205 0.1976 0.1969, -1.2117 0.1936 0.1969, -1.2402 0.1818 0.1969, -1.2646 0.163 0.1969, -1.2834 0.1386 0.1969, -1.2952 0.1101 0.1969, 1.1811 0.2764 0.5906, 1.1811 0.1976 0.5906, 1.2195 0.2726 0.5906, 1.2117 0.1936 0.5906, 1.2205 0.2724 0.5906, 1.2205 0.1976 0.5906, 1.2992 0.1976 0.5906, 1.2402 0.1818 0.5906, 1.2646 0.163 0.5906, 1.2834 0.1386 0.5906, 1.2952 0.1101 0.5906, 1.2992 0.0795 0.5906, 1.2387 0.2678 0.2151, 1.2205 0.2724 0.1969, 1.2195 0.2726 0.1969, 1.3386 0.1976 0.4724, 1.3386 0.1976 0.5906, 1.3448 0.1889 0.5906, 1.3448 0.1889 0.1969, 1.3386 0.1976 0.1969, 1.3386 0.1976 0.315, 1.3203 0.2187 0.2967, 1.3203 0.2187 0.4907, 1.2905 0.2432 0.2668, 1.2905 0.2432 0.5206, 1.306 0.2317 0.505, 1.306 0.2317 0.2824, 1.2739 0.2531 0.5371, 1.2739 0.2531 0.2503, 1.2564 0.2614 0.2328, 1.2387 0.2678 0.5723, 1.2564 0.2614 0.5546, 1.1811 0.2764 0.1969, 1.363 0.1549 0.5906, 1.363 0.1549 0.1969, 1.3742 0.1179 0.5906, 1.3742 0.1179 0.1969, 1.378 0.0795 0.5906, 1.378 0.0795 0.1969, 1.1811 0.1976 0.1969, 0.8268 0.1976 0.1969, 0.8268 0.2764 0.1969, 0.6693 0.2764 0.315, 0.6693 0.2764 0.4724, 0.7087 0.2764 0.315, 0.7087 0.2764 0.4724, 0.8268 0.2764 0.5906, 0.7087 0.1976 0.4724, 0.6693 0.1976 0.4724, 0.6693 0.1976 0.315, 0.7087 0.1976 0.315, 0.8268 0.1976 0.5906, 1.378 0.1976 0.5906, 1.378 0.1976 0.1969, 1.2992 -1.0228 0.5906, 1.2992 -1.0228 0.1969, 1.2992 0.0795 0.1969, 1.378 -1.0228 0.5906, 1.378 -1.0228 0.1969, 1.2117 -1.0228 0.0828, 1.1811 -1.0228 0.0787, 1.1811 -1.0228 0.0, 1.3742 -1.0228 0.1584, 1.2952 -1.0228 0.1663, 1.363 -1.0228 0.1215, 1.2834 -1.0228 0.1378, 1.2195 -1.0228 0.0038, 1.2564 -1.0228 0.015, 1.2402 -1.0228 0.0946, 1.2905 -1.0228 0.0332, 1.2646 -1.0228 0.1133, 1.3203 -1.0228 0.0577, 1.3448 -1.0228 0.0875, 1.2952 -1.0228 0.6211, 1.1811 -1.0228 0.7874, 1.1811 -1.0228 0.7087, 1.2195 -1.0228 0.7836, 1.2117 -1.0228 0.7046, 1.2564 -1.0228 0.7724, 1.2402 -1.0228 0.6928, 1.3742 -1.0228 0.629, 1.363 -1.0228 0.6659, 1.2834 -1.0228 0.6496, 1.3448 -1.0228 0.6999, 1.2646 -1.0228 0.6741, 1.3203 -1.0228 0.7297, 1.2905 -1.0228 0.7542, 0.6693 -1.0228 0.7087, 0.6693 -1.0228 0.7874, 0.6693 0.1976 0.7087, 1.1811 0.1976 0.7087, 1.2952 0.1976 0.6211, 1.2834 0.1976 0.6496, 1.2646 0.1976 0.6741, 1.2402 0.1976 0.6928, 1.2117 0.1976 0.7046, 1.2992 0.1976 0.1969, 1.2952 0.1976 0.1663, 1.1811 0.1976 0.0787, 1.2117 0.1976 0.0828, 1.2402 0.1976 0.0946, 1.2646 0.1976 0.1133, 1.2834 0.1976 0.1378, 0.6693 -1.0228 0.0787, 0.6693 0.1976 0.0787, 0.6693 -1.0228 0.0, 0.6693 0.1976 0.0, 1.1811 0.1976 0.0, 1.3742 0.1976 0.1584, 1.363 0.1976 0.1215, 1.3448 0.1976 0.0875, 1.3203 0.1976 0.0577, 1.2905 0.1976 0.0332, 1.2564 0.1976 0.015, 1.2195 0.1976 0.0038, 1.3742 0.1976 0.629, 1.1811 0.1976 0.7874, 1.2195 0.1976 0.7836, 1.2564 0.1976 0.7724, 1.2905 0.1976 0.7542, 1.3203 0.1976 0.7297, 1.3448 0.1976 0.6999, 1.363 0.1976 0.6659, 0.6693 0.1976 0.7874, 1.2205 0.1976 0.1969, 1.2117 0.1936 0.1969, 1.2402 0.1818 0.1969, 1.2646 0.163 0.1969, 1.2952 0.1101 0.1969, 1.2834 0.1386 0.1969
            ]
        }
        coordIndex [
            0,1,2,-1,2,1,3,-1,4,0,5,-1,5,0,2,-1,6,4,7,-1,7,4,5,-1,8,6,9,-1,9,6,7,-1,10,8,11,-1,11,8,9,-1,12,10,13,-1,13,10,11,-1,14,12,15,-1,15,12,13,-1,16,14,17,-1,17,14,15,-1,18,16,19,-1,19,16,17,-1,20,18,21,-1,21,18,19,-1,22,20,23,-1,23,20,21,-1,24,22,25,-1,25,22,23,-1,26,24,27,-1,27,24,25,-1,26,27,28,-1,26,28,29,-1,29,28,30,-1,29,30,31,-1,31,30,32,-1,31,32,33,-1,33,32,34,-1,33,34,35,-1,35,34,36,-1,35,36,37,-1,37,36,38,-1,37,38,39,-1,40,39,41,-1,41,39,38,-1,40,41,42,-1,40,42,43,-1,43,42,44,-1,43,44,45,-1,45,44,46,-1,45,46,47,-1,47,46,48,-1,47,48,49,-1,49,48,50,-1,49,50,51,-1,51,50,52,-1,51,52,53,-1,54,53,55,-1,55,53,52,-1,56,54,57,-1,57,54,55,-1,58,56,59,-1,59,56,57,-1,60,58,61,-1,61,58,59,-1,62,60,63,-1,63,60,61,-1,64,62,65,-1,65,62,63,-1,66,64,67,-1,67,64,65,-1,66,67,68,-1,66,68,69,-1,69,68,70,-1,69,70,71,-1,71,70,72,-1,71,72,73,-1,73,72,74,-1,73,74,75,-1,75,74,76,-1,75,76,77,-1,77,76,78,-1,77,78,79,-1,79,78,80,-1,79,80,81,-1,81,80,82,-1,81,82,83,-1,83,82,84,-1,83,84,85,-1,85,84,86,-1,85,86,87,-1,87,86,88,-1,87,88,89,-1,90,89,91,-1,91,89,88,-1,92,90,93,-1,93,90,91,-1,92,93,94,-1,94,93,95,-1,94,95,96,-1,96,95,97,-1,96,97,98,-1,98,97,99,-1,98,99,100,-1,100,99,101,-1,100,101,102,-1,102,101,103,-1,102,103,104,-1,104,103,105,-1,106,104,107,-1,107,104,105,-1,106,107,108,-1,108,107,109,-1,108,109,110,-1,110,109,111,-1,110,111,112,-1,112,111,113,-1,112,113,114,-1,114,113,115,-1,114,115,116,-1,116,115,117,-1,116,117,118,-1,118,117,119,-1,118,119,120,-1,120,119,121,-1,122,120,123,-1,123,120,121,-1,122,123,124,-1,124,123,125,-1,124,125,126,-1,126,125,127,-1,126,127,128,-1,128,127,129,-1,128,129,130,-1,130,129,131,-1,130,131,132,-1,132,131,133,-1,132,133,134,-1,134,133,135,-1,136,134,137,-1,137,134,135,-1,136,137,138,-1,136,138,139,-1,139,138,140,-1,139,140,141,-1,141,140,142,-1,141,142,143,-1,143,142,144,-1,143,144,145,-1,145,144,146,-1,145,146,147,-1,147,146,148,-1,147,148,149,-1,149,148,150,-1,149,150,151,-1,151,150,152,-1,151,152,153,-1,153,152,154,-1,153,154,155,-1,155,154,156,-1,155,156,157,-1,157,156,158,-1,157,158,159,-1,159,158,160,-1,159,160,161,-1,162,161,163,-1,163,161,160,-1,164,162,165,-1,165,162,163,-1,1,164,3,-1,3,164,165,-1,1,0,164,-1,164,0,4,-1,164,4,162,-1,162,4,6,-1,8,10,6,-1,6,10,12,-1,124,126,6,-1,14,16,18,-1,56,58,60,-1,6,126,162,-1,162,126,128,-1,162,128,130,-1,130,132,162,-1,162,132,134,-1,162,134,161,-1,161,134,136,-1,92,94,64,-1,94,96,64,-1,64,96,98,-1,64,98,100,-1,85,87,66,-1,66,87,89,-1,66,89,64,-1,64,89,90,-1,64,90,92,-1,60,29,56,-1,56,29,53,-1,56,53,54,-1,26,29,24,-1,24,29,60,-1,24,60,22,-1,22,60,62,-1,22,62,20,-1,118,120,6,-1,6,120,122,-1,6,122,124,-1,108,110,62,-1,62,110,112,-1,62,112,114,-1,71,73,69,-1,69,73,75,-1,69,75,66,-1,66,75,77,-1,66,77,79,-1,79,81,66,-1,66,81,83,-1,66,83,85,-1,151,141,143,-1,143,145,151,-1,151,145,147,-1,151,147,149,-1,151,153,141,-1,141,153,155,-1,141,155,157,-1,33,35,31,-1,31,35,29,-1,43,45,53,-1,136,139,161,-1,161,139,141,-1,161,141,159,-1,159,141,157,-1,100,102,64,-1,64,102,104,-1,64,104,62,-1,62,104,106,-1,62,106,108,-1,18,20,14,-1,14,20,62,-1,14,62,12,-1,12,62,114,-1,12,114,6,-1,6,114,116,-1,6,116,118,-1,35,37,29,-1,29,37,39,-1,29,39,53,-1,53,39,40,-1,53,40,43,-1,45,47,53,-1,53,47,49,-1,53,49,51,-1,2,3,5,-1,5,3,165,-1,5,165,7,-1,103,101,65,-1,15,13,163,-1,23,61,25,-1,25,61,59,-1,25,59,27,-1,59,57,27,-1,27,57,55,-1,27,55,52,-1,42,41,52,-1,36,34,27,-1,86,84,67,-1,101,99,65,-1,65,99,97,-1,65,97,95,-1,135,133,163,-1,11,9,13,-1,13,9,7,-1,13,7,163,-1,163,7,165,-1,52,41,27,-1,27,41,38,-1,27,38,36,-1,95,93,65,-1,65,93,91,-1,65,91,67,-1,67,91,88,-1,67,88,86,-1,52,50,48,-1,34,32,27,-1,27,32,30,-1,27,30,28,-1,84,82,67,-1,67,82,80,-1,67,80,78,-1,78,76,67,-1,67,76,74,-1,67,74,68,-1,68,74,72,-1,68,72,70,-1,19,17,21,-1,21,17,15,-1,21,15,129,-1,129,15,163,-1,129,163,131,-1,131,163,133,-1,48,46,52,-1,52,46,44,-1,52,44,42,-1,129,127,21,-1,21,127,125,-1,21,125,123,-1,135,163,137,-1,137,163,160,-1,137,160,138,-1,111,63,113,-1,113,63,61,-1,123,121,21,-1,21,121,119,-1,21,119,23,-1,23,119,117,-1,23,117,61,-1,61,117,115,-1,61,115,113,-1,146,144,160,-1,111,109,63,-1,63,109,107,-1,63,107,65,-1,65,107,105,-1,65,105,103,-1,158,156,150,-1,150,156,154,-1,150,154,152,-1,144,142,160,-1,160,142,140,-1,160,140,138,-1,158,150,160,-1,160,150,148,-1,160,148,146,-1,166,167,168,-1,169,170,171,-1,171,166,169,-1,169,166,168,-1,169,168,172,-1,172,168,173,-1,172,173,174,-1,175,176,173,-1,173,176,177,-1,173,177,174,-1,178,179,180,-1,181,167,166,-1,182,183,184,-1,185,186,181,-1,181,186,187,-1,181,187,188,-1,188,187,189,-1,188,189,190,-1,190,189,191,-1,190,191,192,-1,192,191,193,-1,192,193,194,-1,194,193,195,-1,194,195,196,-1,196,195,197,-1,196,197,184,-1,197,178,184,-1,184,178,180,-1,184,180,182,-1,182,180,198,-1,182,198,199,-1,199,198,200,-1,199,200,201,-1,201,200,202,-1,201,202,203,-1,181,166,185,-1,185,166,171,-1,185,171,204,-1,205,206,207,-1,207,206,204,-1,208,209,210,-1,210,211,208,-1,208,211,207,-1,208,207,212,-1,212,207,204,-1,212,204,171,-1,213,214,215,-1,215,214,216,-1,215,216,205,-1,205,216,217,-1,205,217,206,-1,206,217,170,-1,210,209,213,-1,213,209,214,-1,218,183,182,-1,182,199,218,-1,218,199,201,-1,218,201,203,-1,219,202,200,-1,200,198,219,-1,219,198,180,-1,219,180,179,-1,175,220,221,-1,221,220,222,-1,223,224,202,-1,202,224,203,-1,225,222,223,-1,226,227,228,-1,228,227,229,-1,228,229,230,-1,230,229,231,-1,223,232,225,-1,225,232,233,-1,225,233,234,-1,234,233,235,-1,234,235,236,-1,236,235,237,-1,236,237,231,-1,231,237,238,-1,231,238,230,-1,222,220,223,-1,223,220,224,-1,239,240,241,-1,224,220,242,-1,242,220,243,-1,242,243,244,-1,244,243,245,-1,241,246,239,-1,239,246,247,-1,239,247,248,-1,248,247,249,-1,248,249,250,-1,250,249,251,-1,250,251,245,-1,245,251,252,-1,245,252,244,-1,240,253,241,-1,241,253,254,-1,255,253,256,-1,256,253,240,-1,175,173,257,-1,256,240,258,-1,258,240,239,-1,258,239,259,-1,259,239,248,-1,259,248,260,-1,260,248,250,-1,260,250,261,-1,261,250,245,-1,261,245,257,-1,257,245,243,-1,257,243,175,-1,175,243,220,-1,221,222,225,-1,262,221,263,-1,263,221,225,-1,263,225,264,-1,264,225,234,-1,264,234,265,-1,265,234,236,-1,265,236,266,-1,266,236,231,-1,266,231,267,-1,267,231,229,-1,267,229,268,-1,268,229,227,-1,268,227,269,-1,269,227,270,-1,270,271,269,-1,269,271,272,-1,271,226,272,-1,272,226,273,-1,202,219,274,-1,273,226,228,-1,273,228,275,-1,275,228,230,-1,275,230,276,-1,276,230,238,-1,276,238,277,-1,277,238,237,-1,277,237,278,-1,278,237,235,-1,278,235,279,-1,279,235,233,-1,279,233,280,-1,280,233,232,-1,280,232,274,-1,274,232,223,-1,274,223,202,-1,203,224,242,-1,281,218,203,-1,203,242,281,-1,281,242,244,-1,281,244,282,-1,282,244,252,-1,282,252,283,-1,283,252,251,-1,283,251,284,-1,284,251,249,-1,284,249,285,-1,285,249,247,-1,285,247,286,-1,286,247,246,-1,286,246,287,-1,287,246,241,-1,287,241,288,-1,241,254,288,-1,288,254,289,-1,254,253,289,-1,289,253,255,-1,226,271,227,-1,227,271,270,-1,288,289,256,-1,256,289,255,-1,273,268,272,-1,272,268,269,-1,267,268,273,-1,274,219,179,-1,179,273,275,-1,263,179,262,-1,262,179,178,-1,262,178,290,-1,275,276,179,-1,179,276,277,-1,179,277,278,-1,278,279,179,-1,179,279,280,-1,179,280,274,-1,263,264,179,-1,179,264,265,-1,179,265,273,-1,273,265,266,-1,273,266,267,-1,261,257,183,-1,183,257,173,-1,183,173,184,-1,184,173,168,-1,288,256,287,-1,287,256,258,-1,287,258,286,-1,286,258,259,-1,281,282,260,-1,282,283,260,-1,260,283,284,-1,260,284,259,-1,259,284,285,-1,259,285,286,-1,261,183,260,-1,260,183,218,-1,260,218,281,-1,204,206,185,-1,185,206,291,-1,185,291,186,-1,186,291,290,-1,290,291,262,-1,262,291,292,-1,262,292,293,-1,293,294,262,-1,262,294,295,-1,262,295,221,-1,206,170,291,-1,291,170,169,-1,291,169,292,-1,292,169,172,-1,292,172,293,-1,293,172,174,-1,293,174,294,-1,294,174,177,-1,294,177,295,-1,295,177,176,-1,295,176,221,-1,221,176,175,-1,171,170,212,-1,212,170,217,-1,209,208,214,-1,214,208,216,-1,208,212,216,-1,216,212,217,-1,210,213,211,-1,211,213,215,-1,211,215,207,-1,207,215,205,-1,168,167,181,-1,181,188,168,-1,168,188,190,-1,168,190,192,-1,192,194,168,-1,168,194,196,-1,168,196,184,-1,187,186,290,-1,193,191,290,-1,290,191,189,-1,290,189,187,-1,178,197,290,-1,290,197,195,-1,290,195,193,-1,296,297,298,-1,298,297,299,-1,298,299,300,-1,300,299,301,-1,301,299,302,-1,302,299,303,-1,302,303,304,-1,304,305,302,-1,302,305,306,-1,302,306,307,-1,308,309,310,-1,311,312,313,-1,314,315,316,-1,316,317,318,-1,319,320,321,-1,318,317,321,-1,321,317,322,-1,321,322,319,-1,320,319,323,-1,323,319,324,-1,323,324,325,-1,298,300,308,-1,308,300,326,-1,308,326,325,-1,325,326,327,-1,325,327,323,-1,308,310,298,-1,298,310,328,-1,298,328,296,-1,318,311,316,-1,316,311,313,-1,316,313,314,-1,314,313,329,-1,314,329,330,-1,330,329,331,-1,330,331,332,-1,332,331,333,-1,332,333,334,-1,335,336,328,-1,328,336,337,-1,338,339,340,-1,340,339,341,-1,340,341,337,-1,337,341,342,-1,337,342,328,-1,328,342,296,-1,343,344,345,-1,345,346,343,-1,343,346,336,-1,343,336,347,-1,347,336,335,-1,347,335,297,-1,339,338,344,-1,344,338,345,-1,348,333,331,-1,331,329,348,-1,348,329,313,-1,348,313,312,-1,332,334,349,-1,315,314,349,-1,349,314,330,-1,349,330,332,-1,350,307,351,-1,351,307,352,-1,353,354,333,-1,333,354,334,-1,355,356,357,-1,354,351,358,-1,358,351,359,-1,358,359,360,-1,360,359,361,-1,357,362,355,-1,355,362,363,-1,355,363,364,-1,364,363,365,-1,364,365,366,-1,366,365,367,-1,366,367,361,-1,361,367,368,-1,361,368,360,-1,350,351,353,-1,353,351,354,-1,369,350,353,-1,370,371,372,-1,372,371,373,-1,372,373,374,-1,374,373,375,-1,353,376,369,-1,369,376,377,-1,369,377,378,-1,378,377,379,-1,378,379,380,-1,380,379,381,-1,380,381,375,-1,375,381,382,-1,375,382,374,-1,383,371,384,-1,384,371,370,-1,383,385,371,-1,371,385,386,-1,307,350,369,-1,302,307,387,-1,387,307,369,-1,387,369,388,-1,388,369,378,-1,388,378,389,-1,389,378,380,-1,389,380,390,-1,390,380,375,-1,390,375,391,-1,391,375,373,-1,391,373,386,-1,386,373,371,-1,352,392,393,-1,394,356,395,-1,395,356,355,-1,395,355,396,-1,396,355,364,-1,396,364,397,-1,397,364,366,-1,397,366,398,-1,398,366,361,-1,398,361,393,-1,393,361,359,-1,393,359,352,-1,352,359,351,-1,356,394,399,-1,399,394,400,-1,401,399,402,-1,402,399,400,-1,357,401,403,-1,403,401,402,-1,334,354,358,-1,404,349,334,-1,334,358,404,-1,404,358,360,-1,404,360,405,-1,405,360,368,-1,405,368,406,-1,406,368,367,-1,406,367,407,-1,407,367,365,-1,407,365,408,-1,408,365,363,-1,408,363,409,-1,409,363,362,-1,409,362,410,-1,410,362,357,-1,410,357,403,-1,333,348,411,-1,412,370,372,-1,412,372,413,-1,413,372,374,-1,413,374,414,-1,414,374,382,-1,414,382,415,-1,415,382,381,-1,415,381,416,-1,416,381,379,-1,416,379,417,-1,417,379,377,-1,417,377,418,-1,418,377,376,-1,418,376,411,-1,411,376,353,-1,411,353,333,-1,384,370,419,-1,419,370,412,-1,383,384,385,-1,385,384,419,-1,401,357,399,-1,399,357,356,-1,419,412,385,-1,385,412,386,-1,394,403,400,-1,400,403,402,-1,398,393,315,-1,315,393,392,-1,315,392,316,-1,316,392,420,-1,403,394,410,-1,410,394,395,-1,410,395,409,-1,409,395,396,-1,404,405,397,-1,405,406,397,-1,397,406,407,-1,397,407,396,-1,396,407,408,-1,396,408,409,-1,398,315,397,-1,397,315,349,-1,397,349,404,-1,391,386,412,-1,387,312,302,-1,302,312,311,-1,302,311,301,-1,417,312,416,-1,416,312,415,-1,417,418,312,-1,312,418,411,-1,312,411,348,-1,412,413,312,-1,312,413,414,-1,312,414,415,-1,387,388,312,-1,312,388,389,-1,312,389,412,-1,412,389,390,-1,412,390,391,-1,310,309,420,-1,421,335,328,-1,328,310,421,-1,421,310,420,-1,421,420,422,-1,422,420,392,-1,422,392,423,-1,352,424,392,-1,392,424,425,-1,392,425,423,-1,352,307,424,-1,424,307,306,-1,424,306,425,-1,425,306,305,-1,425,305,423,-1,423,305,304,-1,423,304,422,-1,422,304,303,-1,422,303,421,-1,421,303,299,-1,421,299,335,-1,335,299,297,-1,297,296,347,-1,347,296,342,-1,341,339,343,-1,343,339,344,-1,342,341,347,-1,347,341,343,-1,345,338,346,-1,346,338,340,-1,346,340,336,-1,336,340,337,-1,326,300,301,-1,320,323,301,-1,301,323,327,-1,301,327,326,-1,311,318,301,-1,301,318,321,-1,301,321,320,-1,420,309,308,-1,308,325,420,-1,420,325,324,-1,420,324,319,-1,319,322,420,-1,420,322,317,-1,420,317,316,-1,
        ]
    }
}